ds,y,lag_1,lag_7,lag_14,roll_mean_7,roll_mean_14,roll_std_7,growth_rate,growth_rate_smooth,acceleration,volatility,phase_encoded
2020-01-04,0.0,0.0,0.0,0.0,0.0,0.0,0.0,-100.0,29.668737060041412,-100.0,0.0,-1
2020-01-05,0.0,0.0,0.0,0.0,0.0,0.0,0.0,-100.0,29.668737060041412,-100.0,0.0,-1
2020-01-06,0.0,0.0,0.0,0.0,0.0,0.0,0.0,-100.0,29.668737060041412,-100.0,0.0,-1
2020-01-07,0.0,0.0,0.0,0.0,0.0,0.0,0.0,-100.0,29.668737060041412,-100.0,0.0,-1
2020-01-08,0.0,0.0,0.0,0.0,0.0,0.0,0.0,-100.0,29.668737060041412,-100.0,0.0,-1
2020-01-09,0.0,0.0,0.0,0.0,0.0,0.0,0.0,-100.0,29.668737060041412,-100.0,0.0,-1
2020-01-10,0.0,0.0,0.0,0.0,0.0,0.0,0.0,-100.0,29.668737060041412,-100.0,0.0,-1
2020-01-11,0.0,0.0,0.0,0.0,0.0,0.0,0.0,-100.0,29.668737060041412,-100.0,0.0,-1
2020-01-12,0.0,0.0,0.0,0.0,0.0,0.0,0.0,-100.0,29.668737060041412,-100.0,0.0,-1
2020-01-13,0.0,0.0,0.0,0.0,0.0,0.0,0.0,-100.0,29.668737060041412,-100.0,0.0,-1
2020-01-14,0.0,0.0,0.0,0.0,0.0,0.0,0.0,-100.0,29.668737060041412,-100.0,0.0,-1
2020-01-15,0.0,0.0,0.0,0.0,0.0,0.0,0.0,-100.0,29.668737060041412,-100.0,0.0,-1
2020-01-16,0.0,0.0,0.0,0.0,0.0,0.0,0.0,-100.0,29.668737060041412,-100.0,0.0,-1
2020-01-17,0.0,0.0,0.0,0.0,0.0,0.0,0.0,-100.0,29.668737060041412,-100.0,0.0,-1
2020-01-18,0.0,0.0,0.0,0.0,0.0,0.0,0.0,-100.0,29.668737060041412,-100.0,0.0,-1
2020-01-19,0.0,0.0,0.0,0.0,0.0,0.0,0.0,-100.0,29.668737060041412,-100.0,0.0,-1
2020-01-20,0.0,0.0,0.0,0.0,0.0,0.0,0.0,-100.0,29.668737060041412,-100.0,0.0,-1
2020-01-21,0.0,0.0,0.0,0.0,0.0,0.0,0.0,-100.0,29.668737060041412,-100.0,0.0,-1
2020-01-22,0.0,0.0,0.0,0.0,0.0,0.0,0.0,-100.0,29.668737060041412,-100.0,0.0,-1
2020-01-23,0.0,0.0,0.0,0.0,0.0,0.0,0.0,-100.0,29.668737060041412,-100.0,0.0,-1
2020-01-24,0.0,0.0,0.0,0.0,0.0,0.0,0.0,-100.0,29.668737060041412,-100.0,0.0,-1
2020-01-25,0.0,0.0,0.0,0.0,0.0,0.0,0.0,-100.0,29.668737060041412,-100.0,0.0,-1
2020-01-26,0.0,0.0,0.0,0.0,0.0,0.0,0.0,-100.0,29.668737060041412,-100.0,0.0,-1
2020-01-27,0.0,0.0,0.0,0.0,0.0,0.0,0.0,-100.0,29.668737060041412,-100.0,0.0,-1
2020-01-28,0.0,0.0,0.0,0.0,0.0,0.0,0.0,-100.0,29.668737060041412,-100.0,0.0,-1
2020-01-29,0.0,0.0,0.0,0.0,0.0,0.0,0.0,-100.0,29.668737060041412,-100.0,0.0,-1
2020-01-30,1.0,0.0,0.0,0.0,0.14285714285714285,0.07142857142857142,0.37796447300922725,-100.0,29.668737060041412,-100.0,0.33071891388307384,-1
2020-01-31,0.0,1.0,0.0,0.0,0.14285714285714285,0.07142857142857142,0.37796447300922725,-100.0,29.668737060041412,-100.0,0.33071891388307384,-1
2020-02-01,0.0,0.0,0.0,0.0,0.14285714285714285,0.07142857142857142,0.37796447300922725,0.0,29.668737060041412,-100.0,0.33071891388307384,-1
2020-02-02,1.0,0.0,0.0,0.0,0.2857142857142857,0.14285714285714285,0.4879500364742666,0.0,29.668737060041412,-100.0,0.37951669503554075,-1
2020-02-03,1.0,1.0,0.0,0.0,0.42857142857142855,0.21428571428571427,0.5345224838248488,0.0,29.668737060041412,-100.0,0.37416573867739417,-1
2020-02-04,0.0,1.0,0.0,0.0,0.42857142857142855,0.21428571428571427,0.5345224838248488,-100.0,29.668737060041412,-100.0,0.37416573867739417,-1
2020-02-05,0.0,0.0,0.0,0.0,0.42857142857142855,0.21428571428571427,0.5345224838248488,-100.0,29.668737060041412,195.6521739130435,0.37416573867739417,-1
2020-02-06,0.0,0.0,1.0,0.0,0.2857142857142857,0.21428571428571427,0.48795003647426666,-100.0,29.668737060041412,195.6521739130435,0.37951669503554075,-1
2020-02-07,0.0,0.0,0.0,0.0,0.2857142857142857,0.21428571428571427,0.48795003647426666,-100.0,29.668737060041412,195.6521739130435,0.37951669503554075,-1
2020-02-08,0.0,0.0,0.0,0.0,0.2857142857142857,0.21428571428571427,0.48795003647426666,-100.0,29.668737060041412,195.6521739130435,0.37951669503554075,-1
2020-02-09,0.0,0.0,1.0,0.0,0.14285714285714285,0.21428571428571427,0.3779644730092273,-100.0,29.668737060041412,195.6521739130435,0.3307189138830739,-1
2020-02-10,0.0,0.0,1.0,0.0,0.0,0.21428571428571427,0.0,-100.0,29.668737060041412,195.6521739130435,0.0,-1
2020-02-11,0.0,0.0,0.0,0.0,0.0,0.21428571428571427,0.0,-100.0,29.668737060041412,195.6521739130435,0.0,-1
2020-02-12,0.0,0.0,0.0,0.0,0.0,0.21428571428571427,0.0,-100.0,29.668737060041412,195.6521739130435,0.0,-1
2020-02-13,0.0,0.0,0.0,1.0,0.0,0.14285714285714285,0.0,-100.0,29.668737060041412,195.6521739130435,0.0,-1
2020-02-14,0.0,0.0,0.0,0.0,0.0,0.14285714285714285,0.0,-100.0,29.668737060041412,195.6521739130435,0.0,-1
2020-02-15,0.0,0.0,0.0,0.0,0.0,0.14285714285714285,0.0,-100.0,29.668737060041412,195.6521739130435,0.0,-1
2020-02-16,0.0,0.0,0.0,1.0,0.0,0.07142857142857142,0.0,-100.0,29.668737060041412,195.6521739130435,0.0,-1
2020-02-17,0.0,0.0,0.0,1.0,0.0,0.0,0.0,-100.0,29.668737060041412,195.6521739130435,0.0,-1
2020-02-18,0.0,0.0,0.0,0.0,0.0,0.0,0.0,-100.0,29.668737060041412,195.6521739130435,0.0,-1
2020-02-19,0.0,0.0,0.0,0.0,0.0,0.0,0.0,-100.0,29.668737060041412,195.6521739130435,0.0,-1
2020-02-20,0.0,0.0,0.0,0.0,0.0,0.0,0.0,-100.0,29.668737060041412,195.6521739130435,0.0,-1
2020-02-21,0.0,0.0,0.0,0.0,0.0,0.0,0.0,-100.0,29.668737060041412,195.6521739130435,0.0,-1
2020-02-22,0.0,0.0,0.0,0.0,0.0,0.0,0.0,-100.0,29.668737060041412,195.6521739130435,0.0,-1
2020-02-23,0.0,0.0,0.0,0.0,0.0,0.0,0.0,-100.0,29.668737060041412,195.6521739130435,0.0,-1
2020-02-24,0.0,0.0,0.0,0.0,0.0,0.0,0.0,-100.0,29.668737060041412,195.6521739130435,0.0,-1
2020-02-25,0.0,0.0,0.0,0.0,0.0,0.0,0.0,-100.0,29.668737060041412,195.6521739130435,0.0,-1
2020-02-26,0.0,0.0,0.0,0.0,0.0,0.0,0.0,-100.0,29.668737060041412,195.6521739130435,0.0,-1
2020-02-27,0.0,0.0,0.0,0.0,0.0,0.0,0.0,-100.0,29.668737060041412,195.6521739130435,0.0,-1
2020-02-28,0.0,0.0,0.0,0.0,0.0,0.0,0.0,-100.0,29.668737060041412,195.6521739130435,0.0,-1
2020-02-29,0.0,0.0,0.0,0.0,0.0,0.0,0.0,-100.0,29.668737060041412,195.6521739130435,0.0,-1
2020-03-01,0.0,0.0,0.0,0.0,0.0,0.0,0.0,-100.0,29.668737060041412,195.6521739130435,0.0,-1
2020-03-02,2.0,0.0,0.0,0.0,0.2857142857142857,0.14285714285714285,0.7559289460184545,-100.0,29.668737060041412,195.6521739130435,0.5879447357921314,-1
2020-03-03,0.0,2.0,0.0,0.0,0.2857142857142857,0.14285714285714285,0.7559289460184545,-100.0,29.668737060041412,195.6521739130435,0.5879447357921314,-1
2020-03-04,23.0,0.0,0.0,0.0,3.5714285714285716,1.7857142857142858,8.599557020706412,-95.65217391304348,29.668737060041412,195.6521739130435,1.8811530982795277,-1
2020-03-05,1.0,23.0,0.0,0.0,3.7142857142857144,1.8571428571428572,8.538428538364766,-95.65217391304348,29.668737060041412,195.6521739130435,1.8111818111682836,-1
2020-03-06,2.0,1.0,0.0,0.0,4.0,2.0,8.426149773176357,100.0,29.668737060041412,195.6521739130435,1.6852299546352714,-1
2020-03-07,3.0,2.0,0.0,0.0,4.428571428571429,2.2142857142857144,8.263517065131182,50.0,29.668737060041412,-50.0,1.522226827787323,-1
2020-03-08,5.0,3.0,0.0,0.0,5.142857142857143,2.5714285714285716,8.029706749078105,66.66666666666667,29.668737060041412,16.66666666666667,1.3071615638034124,-1
2020-03-09,5.0,5.0,2.0,0.0,5.571428571428571,2.9285714285714284,7.913219801006895,0.0,29.668737060041412,-66.66666666666667,1.2041856218923537,-1
2020-03-10,6.0,5.0,0.0,0.0,6.428571428571429,3.357142857142857,7.524562952029015,19.999999999999996,29.668737060041412,19.999999999999996,1.0129219358500596,-1
2020-03-11,10.0,6.0,23.0,0.0,4.571428571428571,4.071428571428571,2.992052966172383,66.66666666666667,29.668737060041412,46.66666666666667,0.5370351477745303,3
2020-03-12,13.0,10.0,1.0,0.0,6.285714285714286,5.0,3.9036002917941324,30.000000000000004,47.61904761904763,-36.66666666666667,0.5357882753442927,3
2020-03-13,8.0,13.0,2.0,0.0,7.142857142857143,5.571428571428571,3.4364987719368973,-38.46153846153846,27.838827838827847,-68.46153846153847,0.42202616497470674,3
2020-03-14,3.0,8.0,3.0,0.0,7.142857142857143,5.785714285714286,3.4364987719368973,-62.5,11.767399267399272,-24.03846153846154,0.42202616497470674,2
2020-03-15,23.0,3.0,5.0,0.0,9.714285714285714,7.428571428571429,6.725927091345492,666.6666666666667,97.48168498168499,729.1666666666667,0.6277531951922459,3
2020-03-16,7.0,23.0,5.0,2.0,10.0,7.785714285714286,6.531972647421807,-69.56521739130434,87.54379678292722,-736.2318840579711,0.5938156952201643,3
2020-03-17,23.0,7.0,6.0,0.0,12.428571428571429,9.428571428571429,7.828519290754431,228.57142857142856,117.33971515027416,298.1366459627329,0.5829748408008619,3
2020-03-18,14.0,23.0,10.0,23.0,13.0,8.785714285714286,7.767453465154027,-39.13043478260869,102.22584351466341,-267.70186335403724,0.5548181046538591,3
2020-03-19,22.0,14.0,13.0,1.0,14.285714285714286,10.285714285714286,8.479667558622912,57.14285714285714,106.10339453507156,96.27329192546583,0.5547446066388821,3
2020-03-20,50.0,22.0,8.0,2.0,20.285714285714285,13.714285714285714,15.359191446972781,127.2727272727273,129.77971821139525,70.12987012987016,0.7215727525423454,3
2020-03-21,60.0,50.0,3.0,3.0,28.428571428571427,17.785714285714285,19.277423261915672,19.999999999999996,141.56543249710953,-107.2727272727273,0.6550580720068433,3
2020-03-22,77.0,60.0,23.0,5.0,36.142857142857146,22.928571428571427,26.27691364061218,28.333333333333343,50.37495630663333,8.333333333333346,0.7074553672472509,3
2020-03-23,74.0,77.0,7.0,5.0,45.714285714285715,27.857142857142858,26.09415187172716,-3.8961038961038974,59.75625823451911,-32.22943722943724,0.5585904070400309,3
2020-03-24,85.0,74.0,23.0,6.0,54.57142857142857,33.5,27.579322827419965,14.864864864864868,29.22674913358144,18.760968760968765,0.4962860148893053,3
2020-03-25,87.0,85.0,14.0,10.0,65.0,39.0,23.12286026136618,2.35294117647058,35.15294569916419,-12.511923688394289,0.3503463675964573,3
2020-03-26,43.0,87.0,22.0,13.0,68.0,41.142857142857146,17.224014243685108,-50.57471264367817,19.76472144394486,-52.92765382014875,0.24962339483601606,2
2020-03-27,75.0,43.0,50.0,8.0,71.57142857142857,45.92857142857143,15.360741549560093,74.4186046511628,12.214132498007073,124.99331729484096,0.21166376150968633,2
2020-03-28,185.0,75.0,60.0,3.0,89.42857142857143,58.92857142857143,44.56402563674406,146.66666666666669,30.309370593245173,72.24806201550389,0.49280913026415235,3
2020-03-29,70.0,185.0,77.0,23.0,88.42857142857143,62.285714285714285,44.966124815825324,-62.16216216216216,17.381442665317245,-208.82882882882885,0.50281609218974,2
2020-03-30,92.0,70.0,74.0,7.0,91.0,68.35714285714286,44.51591475715924,31.428571428571427,22.427824854556576,93.59073359073359,0.4838686386647743,3
2020-03-31,180.0,92.0,85.0,23.0,104.57142857142857,79.57142857142857,55.50632739564366,95.65217391304348,33.96886900429638,64.22360248447205,0.5257703542212525,3
2020-04-01,386.0,180.0,87.0,14.0,147.28571428571428,106.14285714285714,118.74863407735728,114.44444444444444,49.98194089972122,18.79227053140096,0.8008096710419085,3
2020-04-02,328.0,386.0,43.0,22.0,188.0,128.0,125.68876905541987,-15.025906735751294,55.06034174371077,-129.47035118019573,0.6650199420921686,3
2020-04-03,336.0,328.0,75.0,50.0,225.28571428571428,148.42857142857142,125.29260989874102,2.4390243902439046,44.777544563579504,17.4649311259952,0.5536920891989818,3
2020-04-04,601.0,336.0,185.0,60.0,284.7142857142857,187.07142857142858,186.63932622906165,78.86904761904762,35.09217041391963,76.43002322880372,0.6532376418017157,3
2020-04-05,472.0,601.0,70.0,77.0,342.14285714285717,215.28571428571428,170.73022440039585,-21.464226289517473,40.90616125286887,-100.33327390856509,0.49754853072554994,3
2020-04-06,693.0,472.0,92.0,74.0,428.0,259.5,175.03428235634294,46.82203389830508,43.10522731997368,68.28626018782255,0.4080053201779556,3
2020-04-07,354.0,693.0,180.0,85.0,452.85714285714283,278.7142857142857,143.45083777079464,-48.917748917748916,22.452381201289054,-95.739782816054,0.3160704640842186,3
2020-04-08,853.0,354.0,386.0,87.0,519.5714285714286,333.42857142857144,203.28867581418717,140.96045197740114,26.24038227742572,189.87820089515006,0.3905106286222037,3
2020-04-09,591.0,853.0,328.0,43.0,557.1428571428571,372.57142857142856,185.50779729473052,-30.715123094958972,23.999065654681768,-171.67557507236012,0.33236615844973477,3
2020-04-10,547.0,591.0,336.0,75.0,587.2857142857143,406.2857142857143,158.80671090533735,-7.44500846023689,22.587060961755935,23.270114634722084,0.2699482701159207,3
2020-04-11,1035.0,547.0,601.0,185.0,649.2857142857143,467.0,232.61894039087053,89.21389396709323,24.064896154333887,96.65890242733012,0.357718054203887,3
2020-04-12,909.0,1035.0,472.0,70.0,711.7142857142857,526.9285714285714,235.72916258969326,-12.173913043478258,25.392083760910914,-101.38780701057149,0.3307484742689623,3
2020-04-13,796.0,909.0,693.0,92.0,726.4285714285714,577.2142857142857,237.57374794847524,-12.43124312431243,16.927329900536982,-0.25733008083417275,0.32659391901793533,2
2020-04-14,1211.0,796.0,354.0,180.0,848.8571428571429,650.8571428571429,234.4613888407701,52.13567839195981,31.363533801923943,64.56692151627223,0.275883294988299,3
2020-04-15,1076.0,1211.0,853.0,386.0,880.7142857142857,700.1428571428571,249.76836888452874,-11.147811725846413,9.633781844317152,-63.283490117806224,0.2832758558314487,2
2020-04-16,941.0,1076.0,591.0,328.0,930.7142857142857,743.9285714285714,214.67239714327042,-12.546468401486987,12.229303943384577,-1.3986566756405736,0.2304058233675089,2
2020-04-17,1007.0,941.0,547.0,336.0,996.4285714285714,791.8571428571429,132.19916432269517,7.013815090329434,14.294850164894052,19.56028349181642,0.13253998141776943,2
2020-04-18,991.0,1007.0,1035.0,601.0,990.1428571428571,819.7142857142857,131.10101521527628,-1.5888778550148919,1.3230256188786065,-8.602692945344327,0.13227257228407813,2
2020-04-19,1334.0,991.0,909.0,472.0,1050.857142857143,881.2857142857143,177.47058777107108,34.611503531786084,8.006656558202083,36.20038138680098,0.1687211889715466,2
2020-04-20,1553.0,1334.0,796.0,693.0,1159.0,942.7142857142857,221.47460351019907,16.41679160419791,12.127804376560704,-18.194711927588173,0.19092638233637851,2
2020-04-21,1336.0,1553.0,1211.0,354.0,1176.857142857143,1012.8571428571429,231.1921484908374,-13.972955569864776,2.6837138105857634,-30.389747174062688,0.19628199386729678,2
2020-04-22,1383.0,1336.0,1076.0,853.0,1220.7142857142858,1050.7142857142858,237.89263284495516,3.5179640718562943,4.778824638829008,17.49091964172107,0.19472034961584261,2
2020-04-23,1409.0,1383.0,941.0,591.0,1287.5714285714287,1109.142857142857,210.34880329495317,1.8799710773680367,6.839744564379726,-1.6379929944882576,0.16324186508477517,2
2020-04-24,1684.0,1409.0,1007.0,547.0,1384.2857142857142,1190.357142857143,215.4218452909808,19.517388218594746,8.625969296989055,17.63741714122671,0.1555071586095561,2
2020-04-25,1429.0,1684.0,991.0,1035.0,1446.857142857143,1218.5,128.03570930464153,-15.14251781472684,6.689735017030206,-34.65990603332159,0.08843117564208097,2
2020-04-26,1990.0,1429.0,1334.0,909.0,1540.5714285714287,1295.7142857142858,230.63308315941762,39.25822253324003,7.353552017237912,54.400740347966874,0.14960907998479503,2
2020-04-27,1396.0,1990.0,1553.0,796.0,1518.142857142857,1338.5714285714287,236.77515957227436,-29.849246231155778,0.744118040758814,-69.1074687643958,0.15586102285178866,2
2020-04-28,1543.0,1396.0,1336.0,1211.0,1547.7142857142858,1362.2857142857142,222.74627889575297,10.530085959885383,4.244552545008837,40.37933219104116,0.14382657986073893,2
2020-04-29,1897.0,1543.0,1383.0,1076.0,1621.142857142857,1420.9285714285713,243.18129627325914,22.94232015554116,7.019460556963817,12.412234195655778,0.1499136128500937,2
2020-04-30,1718.0,1897.0,1409.0,941.0,1665.2857142857142,1476.4285714285713,225.6691636634727,-9.435951502372165,5.402900188429503,-32.378271657913324,0.1354324541876122,2
2020-05-01,1993.0,1718.0,1684.0,1007.0,1709.4285714285713,1546.857142857143,257.86485940175237,16.006984866123396,4.90141399521931,25.44293636849556,0.1507603788367382,2
2020-05-02,2293.0,1993.0,1429.0,991.0,1832.857142857143,1639.857142857143,303.92950310416177,15.052684395383853,9.21501431094941,-0.9543004707395433,0.16573237685823264,2
2020-05-03,2644.0,2293.0,1990.0,1334.0,1926.2857142857142,1733.4285714285713,433.2811690214234,15.30745747928477,5.7934764460986585,0.2547730839009166,0.2248141859869516,2
2020-05-04,2553.0,2644.0,1396.0,1553.0,2091.5714285714284,1804.857142857143,417.67764968647646,-3.4417549167927386,9.565975205293379,-18.749212396077507,0.19960018758911355,2
2020-05-05,3900.0,2553.0,1543.0,1336.0,2428.285714285714,1988.0,732.8682724486746,52.76145710928319,15.599028226635923,56.20321202607593,0.3016805590791369,2
2020-05-06,2958.0,3900.0,1897.0,1383.0,2579.8571428571427,2100.5,714.1534448962232,-24.15384615384616,8.87100446815202,-76.91530326312935,0.2767117300051789,2
2020-05-07,3561.0,2958.0,1718.0,1409.0,2843.1428571428573,2254.214285714286,682.4830714802697,20.385395537525362,13.131196902423094,44.53924169137152,0.23996089709989893,2
2020-05-08,3390.0,3561.0,1993.0,1684.0,3042.714285714286,2376.0714285714284,590.5093039870228,-4.802021903959563,10.158481649554101,-25.187417441484925,0.19400943996569792,2
2020-05-09,3320.0,3390.0,2293.0,1429.0,3189.4285714285716,2511.1428571428573,492.67090339050765,-2.0648967551622377,7.713112913761803,2.7371251487973254,0.15442154317528112,2
2020-05-10,3277.0,3320.0,2644.0,1990.0,3279.8571428571427,2603.0714285714284,429.9772972965852,-1.2951807228915646,5.34130745630804,0.7697160322706731,0.13105639123382812,2
2020-05-11,4213.0,3277.0,2553.0,1396.0,3517.0,2804.285714285714,419.9325342639374,28.562709795544716,9.91337384378482,29.85789051843628,0.1193668374826428,2
2020-05-12,3604.0,4213.0,3900.0,1543.0,3474.714285714286,2951.5,388.67797908882244,-14.455257536197486,0.3109860372875798,-43.0179673317422,0.1118267921751647,2
2020-05-13,3525.0,3604.0,2958.0,1897.0,3555.714285714286,3067.785714285714,315.1802205541634,-2.1920088790233105,3.448391362262273,12.263248657174175,0.08861555785352226,2
2020-05-14,3722.0,3525.0,3561.0,1718.0,3578.714285714286,3210.9285714285716,321.4424335635196,5.588652482269496,1.334570925797149,7.780661361292807,0.08979555570854167,2
2020-05-15,3967.0,3722.0,3390.0,1993.0,3661.1428571428573,3351.9285714285716,338.51215072796987,6.582482536270828,2.960928702972919,0.9938300540013323,0.09243553950051839,2
2020-05-16,3970.0,3967.0,3320.0,2293.0,3754.0,3471.714285714286,317.857410379769,0.07562389715149997,3.266717367589167,-6.506858639119328,0.08464911062044447,2
2020-05-17,4987.0,3970.0,3277.0,2644.0,3998.285714285714,3639.0714285714284,496.8620580824263,25.617128463476078,7.1113329656416875,25.541504566324576,0.1242376998241466,2
2020-05-18,5242.0,4987.0,4213.0,2553.0,4145.285714285715,3831.1428571428573,686.863818207004,5.1132945658712625,3.7614165042597656,-20.503833897604814,0.1656576187792526,2
2020-05-19,4970.0,5242.0,3604.0,3900.0,4340.428571428572,3907.5714285714284,701.3427258107255,-5.188859214040442,5.085187693139344,-10.302153779911706,0.16154653111796902,2
2020-05-20,5611.0,4970.0,3525.0,2958.0,4638.428571428572,4097.071428571428,739.26649618453,12.897384305835002,7.240815290976245,18.086243519875445,0.15934429958405313,2
2020-05-21,5609.0,5611.0,3722.0,3561.0,4908.0,4243.357142857143,691.9267783997565,-0.03564427018356575,6.437344326340094,-12.933028576018568,0.14095065764916612,2
2020-05-22,6088.0,5609.0,3967.0,3390.0,5211.0,4436.071428571428,675.3803866464185,8.539846674986617,6.716967774728063,8.575490945170182,0.1295818086428278,2
2020-05-23,6654.0,6088.0,3970.0,3320.0,5594.428571428572,4674.214285714285,612.3557944917467,9.296977660972395,8.034304026702477,0.7571309859857784,0.10943858663812875,2
2020-05-24,6767.0,6654.0,4987.0,3277.0,5848.714285714285,4923.5,683.5207176293711,1.698226630598132,4.6173180505770555,-7.598751030374263,0.11684685511882383,2
2020-05-25,6977.0,6767.0,5242.0,4213.0,6096.571428571428,5120.928571428572,739.1546651734113,3.1032954041672722,4.330175313190771,1.4050687735691403,0.12122115728074126,2
2020-05-26,6535.0,6977.0,4970.0,3604.0,6320.142857142857,5330.285714285715,555.4674993707024,-6.335101046294966,4.166426480011554,-9.438396450462239,0.08787453660266943,2
2020-05-27,6387.0,6535.0,5611.0,3525.0,6431.0,5534.714285714285,459.49718896492163,-2.2647283856159106,2.0004103812328515,4.070372660679055,0.0714392395778796,2
2020-05-28,6566.0,6387.0,5609.0,3722.0,6567.714285714285,5737.857142857143,282.4096990105618,2.802567715672466,2.405869236355142,5.067296101288377,0.04299314701885415,2
2020-05-29,7466.0,6566.0,6088.0,3967.0,6764.571428571428,5987.785714285715,361.490828441908,13.706975327444404,3.14403047242054,10.904407611771937,0.05343093813411085,2
2020-05-30,7964.0,7466.0,6654.0,3970.0,6951.714285714285,6273.071428571428,572.3197574449993,6.670238414144114,2.768782008587929,-7.03673691330029,0.08231601845353295,2
2020-05-31,8380.0,7964.0,6767.0,4987.0,7182.142857142857,6515.428571428572,774.542752977829,5.2235057759919545,3.272393315072761,-1.4467326381521595,0.10782783641949013,2
2020-06-01,8392.0,8380.0,6977.0,5242.0,7384.285714285715,6740.428571428572,888.3634230586994,0.14319809069212042,2.849522270290596,-5.080307685299834,0.12028829451246485,2
2020-06-02,8171.0,8392.0,6535.0,4970.0,7618.0,6969.071428571428,841.6664026402217,-2.633460438512869,3.3783280714023243,-2.7766585292049895,0.11046940578031522,2
2020-06-03,8909.0,8171.0,6387.0,5611.0,7978.285714285715,7204.642857142857,763.0086749803284,9.031942234732583,4.992138160023537,11.665402673245453,0.09562368140474976,2
2020-06-04,9304.0,8909.0,6566.0,5609.0,8369.42857142857,7468.571428571428,603.477659664617,4.433718711415424,5.22515973084396,-4.5982235233171584,0.07209638724168961,2
2020-06-05,9851.0,9304.0,7466.0,6088.0,8710.142857142857,7737.357142857143,677.1729046980093,5.879191745485812,4.106904933421304,1.445473034070388,0.07773640219236554,2
2020-06-06,9887.0,9851.0,7964.0,6654.0,8984.857142857143,7968.285714285715,713.1347298071651,0.3654451324738517,3.206220178896981,-5.513746613011961,0.0793619037638536,2
2020-06-07,9971.0,9887.0,8380.0,6767.0,9212.142857142857,8197.142857142857,741.2130662122757,0.8496004854859907,2.5813765659675574,0.48415535301213897,0.08045170662230866,2
2020-06-08,9983.0,9971.0,8392.0,6977.0,9439.42857142857,8411.857142857143,689.9704962636285,0.12034901213520133,2.578112411887998,-0.7292514733507893,0.07308677683890562,2
2020-06-09,9987.0,9983.0,8171.0,6535.0,9698.857142857143,8658.42857142857,423.5085314258343,0.0400681157968652,2.960045062503674,-0.08028089633833613,0.04366131636667462,2
2020-06-10,9985.0,9987.0,8909.0,6387.0,9852.57142857143,8915.42857142857,247.91252297455466,-0.02002603384400059,1.666906738421305,-0.06009414964086579,0.025159661628443384,2
2020-06-11,9996.0,9985.0,9304.0,6566.0,9951.42857142857,9160.42857142857,57.72884069171157,0.11016524787181847,1.0492562436293613,0.13019128171581906,0.005800477770565419,2
2020-06-12,10956.0,9996.0,9851.0,7466.0,10109.285714285714,9409.714285714286,375.1980429434056,9.603841536614643,1.58134907093348,9.493676288742826,0.037110528183516636,2
2020-06-13,11458.0,10956.0,9887.0,7964.0,10333.714285714286,9659.285714285714,613.960290324406,4.581964220518442,2.1837089406541357,-5.021877316096202,0.059407572706009444,2
2020-06-14,11929.0,11458.0,9971.0,8380.0,10613.42857142857,9912.785714285714,829.3951324394651,4.1106650375283715,2.6495753052316187,-0.47129918299007034,0.07813846283463555,2
2020-06-15,11502.0,11929.0,9983.0,8392.0,10830.42857142857,10134.92857142857,835.6508156606319,-3.5795121133372465,2.121023715878412,-7.690177150865618,0.07715056330288082,2
2020-06-16,10667.0,11502.0,9987.0,8171.0,10927.57142857143,10313.214285714286,757.0946345829431,-7.259607024865245,1.0782129814981105,-3.6800949115279984,0.06927663322981178,2
2020-06-17,10974.0,10667.0,9985.0,8909.0,11068.857142857143,10460.714285714286,634.1841027576073,2.878035061404338,1.4922217093907302,10.137642086269583,0.05728927614633369,2
2020-06-18,12881.0,10974.0,9996.0,9304.0,11481.0,10716.214285714286,747.9910872909273,17.37743757973391,3.9589748996567438,14.499402518329573,0.06514466881126349,2
2020-06-19,13586.0,12881.0,10956.0,9851.0,11856.714285714286,10983.0,1042.7699833113898,5.473177548326991,3.368880044187079,-11.90426003140692,0.08794021834104053,2
2020-06-20,14516.0,13586.0,11458.0,9887.0,12293.57142857143,11313.642857142857,1420.1604201806285,6.845281907846323,3.6922111423767765,1.3721043595193327,0.11551117730548209,2
2020-06-21,15413.0,14516.0,11929.0,9971.0,12791.285714285714,11702.357142857143,1824.1445222611176,6.179388261228991,3.9877430314768647,-0.6658936466173326,0.14259723109717715,2
2020-06-22,14821.0,15413.0,11502.0,9983.0,13265.42857142857,12047.92857142857,1864.082514012624,-3.840913514565625,3.950399974158525,-10.020301775794616,0.14051125395023278,2
2020-06-23,14933.0,14821.0,10667.0,9987.0,13874.857142857143,12401.214285714286,1542.614817830584,0.7556845017205216,5.095441620813635,4.596598016286146,0.11117257852605333,2
2020-06-24,15968.0,14933.0,10974.0,9985.0,14588.285714285714,12828.57142857143,1055.2547424335924,6.930958280318755,5.674430652087123,6.175273778598234,0.0723308024189488,2
2020-06-25,16922.0,15968.0,12881.0,9996.0,15165.57142857143,13323.285714285714,1070.8222474875593,5.974448897795592,4.045432268953077,-0.956509382523163,0.07060410802340593,2
2020-06-26,17296.0,16922.0,13586.0,10956.0,15695.57142857143,13776.142857142857,1076.8272620903408,2.210140645313796,3.579284139951192,-3.764308252481796,0.06860270518250014,2
2020-06-27,18552.0,17296.0,14516.0,11458.0,16272.142857142857,14282.857142857143,1378.2896924052325,7.261794634597596,3.6387859580585165,5.0516539892838,0.08469720351531557,2
2020-06-28,19906.0,18552.0,15413.0,11929.0,16914.0,14852.642857142857,1869.9831550043548,7.2984044846916785,3.7986454185531864,0.036609850094082574,0.11055176795769169,2
2020-06-29,19459.0,19906.0,14821.0,11502.0,17576.571428571428,15421.0,1825.942300762632,-2.2455541042901594,4.026553905735396,-9.543958588981837,0.10387910003282125,2
2020-06-30,18522.0,19459.0,14933.0,10667.0,18089.285714285714,15982.07142857143,1418.3103461849566,-4.815252582352636,3.2307057508678017,-2.569698478062477,0.07840176593037065,2
2020-07-01,18653.0,18522.0,15968.0,10974.0,18472.85714285714,16530.571428571428,1069.085033813432,0.7072670337976428,2.3416070013647854,5.522519616150279,0.0578701581129629,2
2020-07-02,19148.0,18653.0,16922.0,12881.0,18790.85714285714,16978.214285714286,836.7047325812555,2.653728622741647,1.8672183906427933,1.946461588944004,0.044524855963972154,2
2020-07-03,20903.0,19148.0,17296.0,13586.0,19306.14285714286,17500.85714285714,872.5788271118417,9.165448088573225,2.8608337396798547,6.511719465831578,0.045194611837091316,2
2020-07-04,22771.0,20903.0,18552.0,14516.0,19908.85714285714,18090.5,1497.8882277584057,8.93651628952783,3.100079690384174,-0.2289317990453945,0.07523349951789021,2
2020-07-05,24850.0,22771.0,19906.0,15413.0,20615.14285714286,18764.571428571428,2393.9166950537824,9.130033814940063,3.3617410232768,0.19351752541223277,0.11611855387509425,2
2020-07-06,24248.0,24850.0,19459.0,14821.0,21299.285714285714,19437.928571428572,2676.118066297149,-2.422535211267607,3.3364580079943074,-11.55256902620767,0.12563766055505657,2
2020-07-07,22252.0,24248.0,18522.0,14933.0,21832.14285714286,19960.714285714286,2386.644745842422,-8.231606730452,2.848407415408684,-5.809071519184394,0.10931292674895933,2
2020-07-08,22752.0,22252.0,18653.0,15968.0,22417.714285714286,20445.285714285714,1937.1529550938083,2.246989034693514,3.0683677012509514,10.478595765145513,0.08640785240428378,2
2020-07-09,24879.0,22752.0,19148.0,16922.0,23236.428571428572,21013.64285714286,1482.6897694329284,9.34862869198312,4.024781996856876,7.1016396572896054,0.06380610336790705,2
2020-07-10,26506.0,24879.0,20903.0,17296.0,24036.85714285714,21671.5,1524.8289989997609,6.539651915269906,3.649668257813545,-2.808976776713213,0.06343448128249088,2
2020-07-11,27114.0,26506.0,22771.0,18552.0,24657.285714285714,22283.071428571428,1785.2410401480029,2.2938202671093366,2.7007116831823312,-4.24583164816057,0.07239923573088165,2
2020-07-12,28637.0,27114.0,24850.0,19906.0,25198.285714285714,22906.714285714286,2340.7524939846594,5.617024415431149,2.198853197538201,3.323204148321812,0.09288963665575904,2
2020-07-13,28701.0,28637.0,24248.0,19459.0,25834.428571428572,23566.85714285714,2627.0374224680927,0.22348709711212944,2.5768563844495915,-5.393537318319019,0.1016835240493489,2
2020-07-14,28498.0,28701.0,22252.0,18522.0,26726.714285714286,24279.428571428572,2239.6262868528106,-0.7072924288352267,3.6517584275377026,-0.9307795259473561,0.08379415699044157,2
2020-07-15,29429.0,28498.0,22752.0,18653.0,27680.571428571428,25049.14285714286,1593.2485532336689,3.266895922520874,3.7974594115130396,3.9741883513561005,0.05755629001571795,2
2020-07-16,32695.0,29429.0,24879.0,19148.0,28797.14285714286,26016.785714285714,1991.6163811146134,11.097896632573324,4.047354831597355,7.83100071005245,0.06915780614723317,2
2020-07-17,34956.0,32695.0,26506.0,20903.0,30004.285714285714,27020.571428571428,2777.3201540505793,6.915430493959329,4.101037485695843,-4.182466138613995,0.09256103009638328,2
2020-07-18,34884.0,34956.0,27114.0,22771.0,31114.285714285714,27885.785714285714,2975.2927987167186,-0.2059732234809486,3.7439241298972314,-7.121403717440278,0.09562158053238431,2
2020-07-19,38902.0,34884.0,28637.0,24850.0,32580.714285714286,28889.5,3927.9524655256373,11.518174521270485,4.586945573588565,11.724147744751434,0.12055696121698174,2
2020-07-20,40425.0,38902.0,28701.0,24248.0,34255.57142857143,30045.0,4461.268013212688,3.914965811526394,5.114299675647746,-7.603208709744091,0.13023101341343815,2
2020-07-21,37148.0,40425.0,28498.0,22252.0,35491.28571428572,31109.0,3740.4335628501226,-8.106369820655534,4.057288619673416,-12.021335632181927,0.10538722676135198,2
2020-07-22,37724.0,37148.0,29429.0,22752.0,36676.28571428572,32178.428571428572,2656.7269784634796,1.5505545386023556,3.8120969933993423,9.65692435925789,0.07243521233166637,2
2020-07-23,45720.0,37724.0,32695.0,24879.0,38537.0,33667.07142857143,3742.8046079556207,21.196055561446304,5.254691126095482,19.64550102284395,0.09711984555388502,2
2020-07-24,49310.0,45720.0,34956.0,26506.0,40587.57142857143,35295.92857142857,5129.190704752046,7.852143482064733,5.388507267253397,-13.343912079381571,0.12637031864446124,2
2020-07-25,48916.0,49310.0,34884.0,27114.0,42592.142857142855,36853.21428571428,5268.703712444298,-0.799026566619343,5.303785361090768,-8.651170048684076,0.12369840211405621,2
2020-07-26,48661.0,48916.0,38902.0,28637.0,43986.28571428572,38283.5,5418.546321486581,-0.5213018235342259,3.5838601689758103,0.2777247430851171,0.12318437551891964,2
2020-07-27,49931.0,48661.0,40425.0,28701.0,45344.28571428572,39799.92857142857,5566.440954933632,2.6098929327387443,3.3974211862918606,3.1311947562729703,0.12275677321799218,2
2020-07-28,47703.0,49931.0,37148.0,28498.0,46852.142857142855,41171.71428571428,4250.1096232361315,-4.462157777733267,3.9180229067093273,-7.072050710472011,0.0907113026802682,2
2020-07-29,48513.0,47703.0,37724.0,29429.0,48393.42857142857,42534.857142857145,1365.473892969585,1.698006414690889,3.939087460436261,6.160164192424156,0.028215518465192553,2
2020-07-30,52123.0,48513.0,45720.0,32695.0,49308.142857142855,43922.57142857143,1419.6643298767394,7.441304392637016,1.9741230077492193,5.743297977946127,0.02879109730197001,2
2020-07-31,55078.0,52123.0,49310.0,34956.0,50132.142857142855,45359.857142857145,2602.2777477031623,5.669282274619647,1.6622856923999214,-1.772022118017369,0.05190733314124143,2
2020-08-01,57118.0,55078.0,48916.0,34884.0,51303.857142857145,46948.0,3613.490760496152,3.7038381931079556,2.3055520866466783,-1.9654440815116914,0.07043174782524925,2
2020-08-02,54735.0,57118.0,48661.0,38902.0,52171.57142857143,48078.92857142857,3602.347468764621,-4.172064848208967,1.784014511693144,-7.875903041316922,0.06904676863965836,2
2020-08-03,52972.0,54735.0,49931.0,40425.0,52606.0,48975.142857142855,3467.9694346981473,-3.22097378277153,0.9510335523345333,0.9510910654374367,0.06592220492896662,2
2020-08-04,52050.0,52972.0,47703.0,37148.0,53227.0,50039.57142857143,2760.7701823948673,-1.7405421732235915,1.339835781550201,1.4804316095479386,0.051866878003961586,2
2020-08-05,52509.0,52050.0,48513.0,37724.0,53797.857142857145,51095.642857142855,1903.667287857238,0.8818443804034626,1.2232412052234258,2.622386553627054,0.03538490200269965,2
2020-08-06,56282.0,52509.0,52123.0,45720.0,54392.0,51850.07142857143,1942.4415049109195,7.185434877830477,1.1866884173939205,6.303590497427014,0.035711240507251295,2
2020-08-07,62538.0,56282.0,55078.0,49310.0,55457.71428571428,52794.92857142857,3664.5819549796574,11.115454319320573,1.9647129952083386,3.9300194414900966,0.0660776579871709,2
2020-08-08,61537.0,62538.0,57118.0,48916.0,56089.0,53696.42857142857,4320.233018406991,-1.600626818894113,1.206932279208043,-12.716081138214687,0.0770232308505436,2
2020-08-09,64399.0,61537.0,54735.0,48661.0,57469.57142857143,54820.57142857143,5257.810407927902,4.650860457935879,2.467350180085878,6.251487276829993,0.09148700416982435,2
2020-08-10,62064.0,64399.0,52972.0,49931.0,58768.42857142857,55687.21428571428,5081.64733320292,-3.6258326992655188,2.409513192015308,-8.276693157201398,0.0864675300871212,2
2020-08-11,53601.0,62064.0,52050.0,47703.0,58990.0,56108.5,4763.755801186084,-13.635924207269913,0.7101729014372624,-10.010091508004393,0.08075394214687129,2
2020-08-12,60963.0,53601.0,52509.0,48513.0,60197.71428571428,56997.78571428572,3826.2158727341402,13.734818380254099,2.546312044273068,27.370742587524013,0.06355976067153542,2
2020-08-13,66999.0,60963.0,56282.0,52123.0,61728.71428571428,58060.357142857145,4130.304860188418,9.901087544904286,2.934262425283612,-3.8337308353498134,0.06690950878326467,2
2020-08-14,64553.0,66999.0,62538.0,55078.0,62016.57142857143,58737.142857142855,4264.155323044467,-3.650800758220274,0.8247974142063477,-13.55188830312456,0.06875721226774732,2
2020-08-15,65002.0,64553.0,61537.0,57118.0,62511.57142857143,59300.28571428572,4398.214480792004,0.6955524917509726,1.1528230300127886,4.346353249971246,0.07035727982838659,2
2020-08-16,63490.0,65002.0,64399.0,54735.0,62381.71428571428,59925.642857142855,4346.313369369811,-2.326082274391561,0.15611692539458286,-3.0216347661425336,0.06967175794024599,2
2020-08-17,57981.0,63490.0,62064.0,52972.0,61798.42857142857,60283.42857142857,4658.798624006887,-8.676957001102537,-0.565472260582134,-6.350874726710975,0.0753857880517809,1
2020-08-18,55079.0,57981.0,53601.0,52050.0,62009.57142857143,60499.78571428572,4240.032305582329,-5.005087873613768,0.6675043585116011,3.671869127488769,0.06837595925827464,2
2020-08-19,64531.0,55079.0,60963.0,52509.0,62519.28571428572,61358.5,4307.181472621753,17.16080538862361,1.15693107399296,22.16589326223738,0.06889254301084509,2
2020-08-20,69652.0,64531.0,66999.0,56282.0,62898.28571428572,62313.5,4849.624717930528,7.935720816351832,0.8761643984854667,-9.22508457227178,0.07710142750999602,2
2020-08-21,68898.0,69652.0,64553.0,62538.0,63519.0,62767.78571428572,5349.059855089883,-1.0825245506230985,1.2430609995707775,-9.01824536697493,0.08421064003604979,2
2020-08-22,69878.0,68898.0,65002.0,61537.0,64215.57142857143,63363.57142857143,5866.795799444687,1.4223925222793143,1.346895289646255,2.504917072902413,0.09135953024166617,2
2020-08-23,69239.0,69878.0,63490.0,64399.0,65036.857142857145,63709.28571428572,6144.137678268992,-0.9144509001402401,1.5485569145393008,-2.3368434224195545,0.09447017395996385,2
2020-08-24,61408.0,69239.0,57981.0,62064.0,65526.42857142857,63662.42857142857,5600.718550839271,-11.310099799246087,1.1723936576616505,-10.395648899105847,0.08547136173265481,2
2020-08-25,60975.0,61408.0,55079.0,53601.0,66368.71428571429,64189.142857142855,3975.108204577089,-0.7051198540906745,1.7866748033078064,10.604979945155414,0.05989340540874844,2
2020-08-26,67151.0,60975.0,64531.0,60963.0,66743.0,64631.142857142855,3895.7896075978633,10.128741287412879,0.782094217420559,10.833861141503554,0.058369135916305034,2
2020-08-27,75760.0,67151.0,69652.0,66999.0,67615.57142857143,65256.92857142857,5140.969456472368,12.820360083989812,1.4798998270831274,2.6916187965769325,0.07603120578071852,2
2020-08-28,77266.0,75760.0,68898.0,64553.0,68811.0,66165.0,6325.348527946962,1.9878563885955547,1.918525675542935,-10.832503695394257,0.09192217241101788,2
2020-08-29,76472.0,77266.0,69878.0,65002.0,69753.0,66984.28571428571,6968.991892662867,-1.027618875055003,1.568524047352318,-3.0154752636505577,0.09990813276174652,2
2020-08-30,78761.0,76472.0,69239.0,63490.0,71113.28571428571,68075.07142857143,7738.737143192635,2.993252432262783,2.12676738055275,4.020871307317786,0.10882113298985224,2
2020-08-31,78512.0,78761.0,61408.0,57981.0,73556.71428571429,69541.57142857143,6807.891443373828,-0.31614631607013166,3.6973321638636008,-3.3093987483329146,0.09255169915871074,2
2020-09-01,69921.0,78512.0,60975.0,55079.0,74834.71428571429,70601.71428571429,4501.300023855617,-10.942276339922563,2.2348812373161886,-10.626130023852431,0.060149088798299735,2
2020-09-02,78357.0,69921.0,67151.0,64531.0,76435.57142857143,71589.28571428571,3082.1539468984347,12.065044836315275,2.5114960300165308,23.007321176237838,0.04032302717526584,2
2020-09-03,83883.0,78357.0,75760.0,69652.0,77596.0,72605.78571428571,4134.8049530782755,7.052337378919571,1.6874927864350682,-5.012707457395704,0.05328562899439766,2
2020-09-04,83341.0,83883.0,77266.0,68898.0,78463.85714285714,73637.42857142857,4658.389651248356,-0.6461380732687205,1.3112078633116002,-7.698475452188291,0.059369121679111105,2
2020-09-05,86432.0,83341.0,76472.0,69878.0,79886.71428571429,74819.85714285714,5409.185296459088,3.7088587849917865,1.98784752903257,4.354996858260507,0.0677098518191848,2
2020-09-06,90632.0,86432.0,78761.0,69239.0,81582.57142857143,76347.92857142857,6703.458382485482,4.85931136616069,2.2544273767322713,1.1504525811689037,0.08216676795467989,2
2020-09-07,90802.0,90632.0,78512.0,61408.0,83338.28571428571,78447.5,7344.043520983232,0.18757171859828947,2.3263870959706168,-4.671739647562401,0.08812222780695543,2
2020-09-08,75809.0,90802.0,69921.0,60975.0,84179.42857142857,79507.07142857143,5705.608201794221,-16.511750842492457,1.5307478813177748,-16.699322561090746,0.06777832209481938,2
2020-09-09,89706.0,75809.0,78357.0,67151.0,85800.71428571429,81118.14285714286,5378.44673098988,18.33159651228746,2.4259695493138014,34.84334735477992,0.06268460689584816,2
2020-09-10,95735.0,89706.0,83883.0,75760.0,87493.85714285714,82544.92857142857,6435.72594787806,6.720843644795216,2.3786133015817508,-11.610752867492245,0.07355547695072105,2
2020-09-11,96551.0,95735.0,83341.0,77266.0,89381.0,83922.42857142857,6932.626582568385,0.852352849010285,2.592683433335894,-5.868490795784931,0.07756177510649107,2
2020-09-12,97570.0,96551.0,86432.0,76472.0,90972.14285714286,85429.42857142857,7405.052766604094,1.0554007726486514,2.2136180030011605,0.20304792363836643,0.08139822956575671,2
2020-09-13,94372.0,97570.0,90632.0,78761.0,91506.42857142857,86544.5,7510.591873195798,-3.2776468176693663,1.0511954053111527,-4.333047590318017,0.08207630779760361,2
2020-09-14,92071.0,94372.0,90802.0,78512.0,91687.71428571429,87513.0,7506.068782753663,-2.4382232017971406,0.6760818452546626,0.8394236158722257,0.0818646966666339,2
2020-09-15,83809.0,92071.0,75809.0,69921.0,92830.57142857143,88505.0,4810.476859839171,-8.97350957413301,1.7529734550202982,-6.535286372335869,0.051819405680755465,2
2020-09-16,90123.0,83809.0,89706.0,78357.0,92890.14285714286,89345.42857142857,4767.726237546677,7.533797086231786,0.210430679869487,16.507306660364797,0.05132595090232613,2
2020-09-17,97894.0,90123.0,95735.0,83883.0,93198.57142857143,90346.21428571429,5044.25015428935,8.622660142250037,0.4821187509344615,1.0888630560182513,0.05412310461272116,2
2020-09-18,96424.0,97894.0,96551.0,83341.0,93180.42857142857,91280.71428571429,5030.392060835297,-1.5016242057735885,0.1458363145367653,-10.124284348023625,0.053984921007937024,2
2020-09-19,93337.0,96424.0,97570.0,86432.0,92575.71428571429,91773.92857142857,4655.202957060958,-3.2014851074421258,-0.4622902397619172,-1.6998609016685373,0.05028481506368727,1
2020-09-20,92605.0,93337.0,94372.0,90632.0,92323.28571428571,91914.85714285714,4589.002459296475,-0.7842549042716196,-0.10609139499081051,2.417230203170506,0.04970525819715494,1
2020-09-21,86961.0,92605.0,92071.0,90802.0,91593.28571428571,91640.5,5021.8492846854515,-6.094703309756488,-0.6284456961278602,-5.310448405484868,0.05482710242809621,1
2020-09-22,75083.0,86961.0,83809.0,75809.0,90346.71428571429,91588.64285714286,7664.101050009878,-13.658996561677073,-1.2978009800627264,-7.564293251920585,0.0848289423877735,1
2020-09-23,83347.0,75083.0,90123.0,89706.0,89378.71428571429,91134.42857142857,8111.899216876561,11.006486155321449,-0.8017025416213459,24.665482716998522,0.09075772149982246,1
2020-09-24,86508.0,83347.0,97894.0,95735.0,87752.14285714286,90475.35714285714,7211.428670949414,3.7925780172051837,-1.4917142737706108,-7.213908138116265,0.08217858000469808,1
2020-09-25,86052.0,86508.0,96424.0,96551.0,86270.42857142857,89725.42857142857,6114.862491153431,-0.5271188791788006,-1.3524992271142124,-4.319696896383984,0.07087934664360658,1
2020-09-26,85362.0,86052.0,93337.0,97570.0,85131.14285714286,88853.42857142857,5262.323106403809,-0.8018407474550293,-1.0096928899731987,-0.2747218682762287,0.06181358685208149,1
2020-09-27,88600.0,85362.0,92605.0,94372.0,84559.0,88441.14285714286,4472.793012574396,3.793256952742441,-0.3557626246854757,4.595097700197471,0.05289490317613997,1
2020-09-28,82170.0,88600.0,86961.0,92071.0,83874.57142857143,87733.92857142857,4410.0998422993425,-7.257336343115128,-0.5218530580224242,-11.050593295857569,0.05257907358705735,1
2020-09-29,70589.0,82170.0,75083.0,83809.0,83232.57142857143,86789.64285714286,5958.515135421639,-14.093951563831087,-0.5839894869015693,-6.836615220715959,0.07158788254730915,1
2020-09-30,80472.0,70589.0,83347.0,90123.0,82821.85714285714,86100.28571428571,6047.730605457855,14.00076499171259,-0.15623536741712055,28.094716555543677,0.07302006733511278,1
2020-10-01,86821.0,80472.0,86508.0,97894.0,82866.57142857143,85309.35714285714,6080.594429745235,7.889700765483654,0.4290678823369466,-6.111064226228936,0.07337724908454046,2
2020-10-02,81484.0,86821.0,86052.0,96424.0,82214.0,84242.21428571429,5924.882192921745,-6.1471303025765645,-0.3737908924341625,-14.036831068060218,0.07206570811800456,1
2020-10-03,79476.0,81484.0,85362.0,93337.0,81373.14285714286,83252.14285714286,5820.407042712593,-2.4642874674782766,-0.6112832810089122,3.682842835098288,0.07152649279428556,1
2020-10-04,75829.0,79476.0,88600.0,92605.0,79548.71428571429,82053.85714285714,5139.278604184623,-4.588806683778746,-1.8087209433690816,-2.124519216300469,0.06460461423816258,1
2020-10-05,74442.0,75829.0,82170.0,86961.0,78444.71428571429,81159.64285714286,5309.563501026228,-1.8291155098972722,-1.0332608243379595,2.7596911738814733,0.0676845580331869,1
2020-10-06,61267.0,74442.0,70589.0,75083.0,77113.0,80172.78571428571,8063.251701392027,-17.69834233362887,-1.5481737914519282,-15.869226823731596,0.10456274737910141,1
2020-10-07,72049.0,61267.0,80472.0,83347.0,75909.71428571429,79365.78571428571,8106.808942987169,17.598380857557892,-1.0342286677597425,35.29672319118676,0.1067940016013365,1
2020-10-08,78524.0,72049.0,86821.0,86508.0,74724.42857142857,78795.5,6736.296283496534,8.986939443989517,-0.8774802851160476,-8.611441413568375,0.09014730878468553,1
2020-10-09,70496.0,78524.0,81484.0,86052.0,73154.71428571429,77684.35714285714,6153.6697374897285,-10.223625897814681,-1.4598367987214929,-19.210565341804198,0.08411741717750415,1
2020-10-10,73272.0,70496.0,79476.0,85362.0,72268.42857142857,76820.78571428571,5503.975740533624,3.937812074443947,-0.5452511498754607,14.161437972258629,0.07615911526259943,1
2020-10-11,74383.0,73272.0,75829.0,88600.0,72061.85714285714,75805.28571428571,5373.663164874174,1.5162681515449306,0.3269023980279216,-2.4215439228990165,0.07456911060605666,2
2020-10-12,66732.0,74383.0,74442.0,82170.0,70960.42857142857,74702.57142857143,5590.286482138705,-10.285952435368294,-0.881217162753653,-11.802220586913226,0.0787792268938275,1
2020-10-13,55342.0,66732.0,61267.0,70589.0,70114.0,73613.5,7443.850728397803,-17.06827309236948,-0.7912072711451691,-6.782320657001186,0.10616630861296161,1
2020-10-14,63509.0,55342.0,72049.0,80472.0,68894.0,72401.85714285714,7766.686144467832,14.757327165624655,-1.1970720842784885,31.825600257994136,0.11273221778747125,1
2020-10-15,67708.0,63509.0,78524.0,86821.0,67348.85714285714,71036.64285714286,6504.945719183661,6.611661339337727,-1.536397527800173,-8.14566582628693,0.0965844026274011,1
2020-10-16,63371.0,67708.0,70496.0,81484.0,66331.0,69742.85714285714,6487.841448946542,-6.405446919123293,-0.9909433879871173,-13.017108258461018,0.09780862101167676,1
2020-10-17,62212.0,63371.0,73272.0,79476.0,64751.0,68509.71428571429,5829.042231219083,-1.8289122784870049,-1.814761152691539,4.576534640636288,0.09002103767017364,1
2020-10-18,61871.0,62212.0,74383.0,75829.0,62963.57142857143,67512.71428571429,4021.2160207724,-0.5481257635182923,-2.1096745691291425,1.2807865149687125,0.06386474059200367,1
2020-10-19,55722.0,61871.0,66732.0,74442.0,61390.71428571428,66175.57142857143,4433.644389374389,-9.93842026151186,-2.06002711572108,-9.390294497993567,0.0722189377012736,1
2020-10-20,46790.0,55722.0,55342.0,61267.0,60169.0,65141.5,6881.0007508599965,-16.029575392125196,-1.9116417299718969,-6.091155130613336,0.11435932775236823,1
2020-10-21,54044.0,46790.0,63509.0,72049.0,58816.857142857145,63855.42857142857,7043.330425032824,15.503312673648217,-1.8050723716828168,31.532888065773413,0.11974816436997938,1
2020-10-22,55839.0,54044.0,67708.0,78524.0,57121.28571428572,62235.07142857143,5878.513069200798,3.3213677744060366,-2.275114309530201,-12.18194489924218,0.10291102668061898,1
2020-10-23,54366.0,55839.0,63371.0,70496.0,55834.857142857145,61082.92857142857,5232.747475548566,-2.637941223875784,-1.7368992102091279,-5.95930899828182,0.09371661407758958,1
2020-10-24,53370.0,54366.0,62212.0,73272.0,54571.71428571428,59661.357142857145,4444.636044878298,-1.832027370047451,-1.7373442232891918,0.8059138538283328,0.08144429140189914,1
2020-10-25,50129.0,53370.0,61871.0,74383.0,52894.28571428572,57928.92857142857,3298.7500013537715,-6.0727000187371205,-2.526569116891882,-4.240672648689669,0.0623637807567955,1
2020-10-26,45148.0,50129.0,55722.0,66732.0,51383.71428571428,56387.21428571428,4109.474853485737,-9.936364180414525,-2.526275391020834,-3.863664161677405,0.07997465609394723,1
2020-10-27,36470.0,45148.0,46790.0,55342.0,49909.42857142857,55039.21428571428,6921.3285780778715,-19.22122796137149,-2.9822257580560185,-9.284863780956965,0.1386749979149651,1
2020-10-28,43893.0,36470.0,54044.0,63509.0,48459.28571428572,53638.07142857143,6973.89259343483,20.353715382506167,-2.289311085362026,39.574943343877656,0.14390944028996883,1
2020-10-29,49881.0,43893.0,55839.0,67708.0,47608.142857142855,52364.71428571428,6249.01388030094,13.642266420613769,-0.8148969930466353,-6.711448961892398,0.13125659285763414,1
2020-10-30,48648.0,49881.0,54366.0,63371.0,46791.28571428572,51313.07142857143,5553.421279244472,-2.471883081734527,-0.7911744013121703,-16.114149502348297,0.11868241088186485,1
2020-10-31,48268.0,48648.0,53370.0,62212.0,46062.42857142857,50317.07142857143,4834.347624280283,-0.7811215260647875,-0.6410449950289328,1.6907615556697397,0.10494980018223933,1
2020-11-01,46963.0,48268.0,50129.0,61871.0,45610.142857142855,49252.21428571428,4528.936425129043,-2.7036545951769297,-0.15975279166319117,-1.9225330691121423,0.09929451755493113,1
2020-11-02,45231.0,46963.0,45148.0,55722.0,45622.0,48502.857142857145,4527.6333037622235,-3.6880097097715225,0.7328692755715236,-0.9843551145945928,0.0992401486917174,2
2020-11-03,38310.0,45231.0,36470.0,46790.0,45884.857142857145,47897.142857142855,3920.4456136423155,-15.301452543609473,1.292837192394669,-11.61344283383795,0.08543908423540464,2
2020-11-04,46253.0,38310.0,43893.0,54044.0,46222.0,47340.642857142855,3820.814485595549,20.733489950404604,1.3470907020944458,36.034942494014075,0.08266046093060919,2
2020-11-05,50210.0,46253.0,49881.0,55839.0,46269.0,46938.57142857143,3874.9653761898458,8.555120748924395,0.6203556061388209,-12.178369201480209,0.08374682031964223,2
2020-11-06,47638.0,50210.0,48648.0,54366.0,46124.71428571428,46458.0,3789.4795471276384,-5.122485560645284,0.24169810915156983,-13.67760630956968,0.08215546590031426,2
2020-11-07,50356.0,47638.0,48268.0,53370.0,46423.0,46242.71428571428,4058.9041213941114,5.705529199378656,1.1683624985006331,10.82801476002394,0.08743115891336618,2
2020-11-08,45674.0,50356.0,46963.0,50129.0,46238.857142857145,45924.5,4059.5618987185376,-9.297799666375406,0.2263417740437083,-15.003328865754062,0.08779356489308779,2
2020-11-09,45903.0,45674.0,45231.0,45148.0,46334.857142857145,45978.42857142857,4039.652808042698,0.5013793405438616,0.8248259240887632,9.799179006919267,0.0871820023872252,2
2020-11-10,38073.0,45903.0,38310.0,36470.0,46301.0,46092.92857142857,4118.3470794324885,-17.057708646493698,0.5739321951053026,-17.559087987037557,0.08894533884999543,2
2020-11-11,44281.0,38073.0,46253.0,43893.0,46019.28571428572,46120.642857142855,4189.018409854353,16.30551834633467,-0.05863517690468813,33.363226992828366,0.09102547593601726,1
2020-11-12,47905.0,44281.0,50210.0,49881.0,45690.0,45979.5,3884.2004754307945,8.184097016779202,-0.11163856721114433,-8.121421329555467,0.08501018746428825,1
2020-11-13,44879.0,47905.0,47638.0,48648.0,45295.857142857145,45710.28571428572,3792.485044074309,-6.316668406220649,-0.2822361165790536,-14.500765422999851,0.0837251253903461,1
2020-11-14,44684.0,44879.0,50356.0,48268.0,44485.57142857143,45454.28571428572,3067.8722190444146,-0.4345016600191598,-1.159383382207313,5.88216674620149,0.06896175903261627,1
2020-11-15,41100.0,44684.0,45674.0,46963.0,43832.142857142855,45035.5,3254.0228655507935,-8.020768060155758,-0.9769502956045061,-7.586266400136598,0.07423658568485542,1
2020-11-16,30548.0,41100.0,45903.0,45231.0,41638.57142857143,43986.71428571428,5802.724959222578,-25.673965936739663,-4.716285335216439,-17.653197876583903,0.1393560202505105,1
2020-11-17,29163.0,30548.0,38073.0,38310.0,40365.71428571428,43333.357142857145,7456.709813188323,-4.5338483697787035,-2.927162438542868,21.14011756696096,0.18472422006928715,1
2020-11-18,38617.0,29163.0,44281.0,46253.0,39556.57142857143,42787.92857142857,7265.90991909374,32.41778966498645,-0.6254093930211846,36.95163803476515,0.18367937304274848,1
2020-11-19,45576.0,38617.0,47905.0,50210.0,39223.857142857145,42456.92857142857,6862.009555724985,18.020560892871007,0.7797997321347877,-14.397228772115444,0.17494033262462905,2
2020-11-20,45882.0,45576.0,44879.0,47638.0,39367.142857142855,42331.5,7008.679866864681,0.6714060031595581,1.7780960763319602,-17.34915488971145,0.1780292225695641,2
2020-11-21,46232.0,45882.0,44684.0,50356.0,39588.28571428572,42036.92857142857,7225.470289522041,0.762826380715742,1.949142939294089,0.09142037755618393,0.1825107515621264,2
2020-11-22,45209.0,46232.0,41100.0,45674.0,40175.28571428572,42003.71428571428,7529.272778391837,-2.2127530714656563,2.7788593662498178,-2.9755794521813983,0.18740589490866275,2
2020-11-23,44059.0,45209.0,30548.0,45903.0,42105.42857142857,41872.0,6277.7402743650155,-2.543741290451018,6.083177172862482,-0.3309882189853619,0.14909220485692753,2
2020-11-24,37975.0,44059.0,29163.0,38073.0,43364.28571428572,41865.0,3533.673051952984,-13.808756440227876,4.758190305655456,-11.265015149776858,0.08148621630754978,2
2020-11-25,44376.0,37975.0,38617.0,44281.0,44187.0,41871.78571428572,2848.09597216633,16.85582620144832,2.5350526680071517,30.664582641676198,0.06445405929587965,2
2020-11-26,44489.0,44376.0,45576.0,47905.0,44031.71428571428,41627.78571428572,2788.756934208978,0.254642148909312,-0.0029357239873759916,-16.601184052539008,0.06333375035919023,1
2020-11-27,43082.0,44489.0,45882.0,44879.0,43631.71428571428,41499.42857142857,2677.7288706598656,-3.162579514037178,-0.5506479407297669,-3.41722166294649,0.061369752363459464,1
2020-11-28,41322.0,43082.0,46232.0,44684.0,42930.28571428572,41259.28571428572,2521.5957721448453,-4.085232811847172,-1.2432278253816118,-0.9226532978099939,0.05873562205722073,1
2020-11-29,41810.0,41322.0,45209.0,41100.0,42444.71428571428,41310.0,2329.617830911071,1.180968975364216,-0.7584103901202015,5.266201787211388,0.05488464195065124,1
2020-11-30,38772.0,41810.0,44059.0,30548.0,41689.42857142857,41897.42857142857,2564.2553082167783,-7.266204257354703,-1.433047956820728,-8.447173232718919,0.06150705080480085,1
2020-12-01,31118.0,38772.0,37975.0,29163.0,40709.857142857145,42037.07142857143,4667.148180941,-19.741050242443002,-2.2805184999943173,-12.4748459850883,0.11464136371689895,1
2020-12-02,36604.0,31118.0,44376.0,38617.0,39599.57142857143,41893.28571428572,4573.145374799655,17.629667716434216,-2.1699697121391894,37.37071795887722,0.11548180265651861,1
2020-12-03,35551.0,36604.0,44489.0,45576.0,38322.71428571428,41177.21428571428,4214.139323527311,-2.876734783083812,-2.6173092738524923,-20.50640249951803,0.10996166217370512,1
2020-12-04,36595.0,35551.0,43082.0,45882.0,37396.0,40513.857142857145,3671.4307383730843,2.936626255238961,-1.7459941639559011,5.813361038322773,0.09817447224036913,1
2020-12-05,36652.0,36595.0,41322.0,46232.0,36728.857142857145,39829.57142857143,3237.821408940678,0.1557589834676909,-1.140138193196635,-2.78086727177127,0.08815230062963468,1
2020-12-06,36011.0,36652.0,41810.0,45209.0,35900.42857142857,39172.57142857143,2337.882721406661,-1.7488813707301154,-1.5586882426386826,-1.9046403541978063,0.06511949007141231,1
2020-12-07,32981.0,36011.0,38772.0,44059.0,35073.142857142855,38381.28571428572,2171.040566839186,-8.414095692982704,-1.7226727334426823,-6.665214322252588,0.06189860649430106,1
2020-12-08,26567.0,32981.0,31118.0,37975.0,34423.0,37566.42857142857,3697.589620280261,-19.447560716776323,-1.6807456583474425,-11.03346502379362,0.10741313096328901,1
2020-12-09,32080.0,26567.0,36604.0,44376.0,33776.71428571428,36688.142857142855,3647.87850283325,20.7513080137012,-1.2347970444521594,40.19886873047752,0.10799660604554462,1
2020-12-10,31521.0,32080.0,35551.0,44489.0,33201.0,35761.857142857145,3639.187958872753,-1.742518703241891,-1.0727661759033136,-22.49382671694309,0.10960749228578859,1
2020-12-11,29398.0,31521.0,36595.0,43082.0,32172.85714285714,34784.42857142857,3535.679162885352,-6.7351924114082635,-2.454454556852917,-4.992673708166373,0.1098929216719762,1
2020-12-12,30006.0,29398.0,36652.0,41322.0,31223.428571428572,33976.142857142855,2981.2975283231203,2.0681679025783994,-2.1812532826942443,8.803360313986662,0.09547965054038203,1
2020-12-13,30254.0,30006.0,36011.0,41810.0,30401.0,33150.71428571428,2106.0642598627724,0.8265013663933951,-1.8133414631051714,-1.2416665361850043,0.06927387210916296,1
2020-12-14,27071.0,30254.0,32981.0,38772.0,29556.714285714286,32314.928571428572,2083.8990470029876,-10.52092285317644,-2.1143167717042766,-11.347424219569834,0.07050271299260001,1
2020-12-15,22065.0,27071.0,26567.0,31118.0,28913.571428571428,31668.285714285714,3424.124552697481,-18.492113331609474,-1.9778242881090125,-7.971190478433034,0.11842210980564602,1
2020-12-16,26382.0,22065.0,32080.0,36604.0,28099.571428571428,30938.14285714286,3216.9391693117936,19.564921821889868,-2.147308029796345,38.05703515349934,0.11447949297005935,1
2020-12-17,24010.0,26382.0,31521.0,35551.0,27026.571428571428,30113.785714285714,3137.1777049421135,-8.99097869759684,-3.182802314704195,-28.55590051948671,0.11607323703622648,1
2020-12-18,22890.0,24010.0,29398.0,36595.0,26096.85714285714,29134.85714285714,3278.421186515769,-4.664723032069973,-2.8870209747987245,4.326255665526868,0.12562032080143626,1
2020-12-19,25152.0,22890.0,30006.0,36652.0,25403.428571428572,28313.428571428572,2790.8698678105116,9.882044560943637,-1.7707528807465478,14.546767593013609,0.10985761242231995,1
2020-12-20,26624.0,25152.0,30254.0,36011.0,24884.85714285714,27642.928571428572,1949.9172998349343,5.852417302798973,-1.0527648898314657,-4.0296272581446635,0.07835443596101366,1
2020-12-21,24337.0,26624.0,27071.0,32981.0,24494.285714285714,27025.5,1696.3769937036466,-8.589993990384615,-0.7769179094326334,-14.44241129318359,0.06925320298323016,1
2020-12-22,19556.0,24337.0,22065.0,26567.0,24135.85714285714,26524.714285714286,2410.1213267238136,-19.64498500225993,-0.9416138623826983,-11.054991011875314,0.09985232594530413,1
2020-12-23,23950.0,19556.0,26382.0,32080.0,23788.428571428572,25944.0,2198.3534639329782,22.468807527101653,-0.5267730473524433,42.11379252936158,0.092408838544917,1
2020-12-24,24712.0,23950.0,24010.0,31521.0,23888.714285714286,25457.64285714286,2225.984330156078,3.181628392484348,1.2121708226591552,-19.287179134617304,0.09317751997926511,2
2020-12-25,23067.0,24712.0,22890.0,29398.0,23914.0,25005.428571428572,2213.720322595388,-6.6566850113305325,0.9276048256219321,-9.83831340381488,0.09256618534791504,2
2020-12-26,22273.0,23067.0,25152.0,30006.0,23502.714285714286,24453.071428571428,2212.8221584137978,-3.442146789786271,-0.9758510816251976,3.2145382215442613,0.09414776454114598,1
2020-12-27,18732.0,22273.0,26624.0,30254.0,22375.285714285714,23630.071428571428,2362.8766164925305,-15.898172675436628,-4.083078221373141,-12.456025885650357,0.10559735635588514,1
2020-12-28,20021.0,18732.0,24337.0,27071.0,21758.714285714286,23126.5,2328.5307037057887,6.881272688447582,-1.8728972672542556,22.77944536388421,0.10701108815727964,1
2020-12-29,16432.0,20021.0,19556.0,22065.0,21312.428571428572,22724.14285714286,3018.279579338699,-17.926177513610707,-1.6273533403043667,-24.807450202058288,0.14161398618825752,1
2020-12-30,20549.0,16432.0,23950.0,26382.0,20826.571428571428,22307.5,2787.881803876622,25.054771178188908,-1.2579299615776154,42.98094869179961,0.13385534715066125,1
2020-12-31,21822.0,20549.0,24712.0,24010.0,20413.714285714286,22151.214285714286,2285.2744338701837,6.194948659302146,-0.8274556377465021,-18.859822518886762,0.11194251371273721,1
2021-01-01,20035.0,21822.0,23067.0,22890.0,19980.571428571428,21947.285714285714,1963.2068032651164,-8.188983594537625,-1.046355435347515,-14.38393225383977,0.09825087132326082,1
2021-01-02,19079.0,20035.0,22273.0,25152.0,19524.285714285714,21513.5,1694.3686842304305,-4.771649613176942,-1.236284410117611,3.4173339813606827,0.08677817620823558,1
2021-01-03,18177.0,19079.0,18732.0,26624.0,19445.0,20910.14285714286,1749.7033081846178,-4.727711095969389,0.35949581552056603,0.04393851720755304,0.08997754336031151,2
2021-01-04,16504.0,18177.0,20021.0,24337.0,18942.571428571428,20350.64285714286,2037.9496932914035,-9.20393904384662,-1.9383915748071772,-4.4762279478772315,0.10758001472825177,1
2021-01-05,16375.0,16504.0,16432.0,19556.0,18934.428571428572,20123.428571428572,2049.7326538811167,-0.7816286960736774,0.5108296848409699,8.422310347772942,0.10824854827811672,2
2021-01-06,18088.0,16375.0,20549.0,23950.0,18582.85714285714,19704.714285714286,1934.4597375484657,10.461068702290067,-1.5739849545731504,11.242697398363745,0.10409355402799096,1
2021-01-07,20346.0,18088.0,21822.0,24712.0,18372.0,19392.85714285714,1568.3434997917243,12.48341441839893,-0.6756327032736097,2.0223457161088625,0.0853613182273839,1
2021-01-08,18139.0,20346.0,20035.0,23067.0,18101.14285714286,19040.85714285714,1386.44526621,-10.847341000688093,-1.0553980470093909,-23.330755419087023,0.07659011848218442,1
2021-01-09,18222.0,18139.0,19079.0,22273.0,17978.714285714286,18751.5,1322.0478703262688,0.4575775952367911,-0.3083655886645719,11.304918595924885,0.07352997101720893,1
2021-01-10,18645.0,18222.0,18177.0,18732.0,18045.571428571428,18745.285714285714,1345.3744035471807,2.3213697728021065,0.6986459640170704,1.8637921775653155,0.07455013872702583,2
2021-01-11,16311.0,18645.0,16504.0,20021.0,18018.0,18480.285714285714,1383.6646992698945,-12.518101367658884,0.22519420347246136,-14.83947114046099,0.07678920579776317,2
2021-01-12,12584.0,16311.0,16375.0,16432.0,17476.428571428572,18205.428571428572,2458.4201469751483,-22.84961069217093,-2.9273746531128606,-10.331509324512046,0.14066257727375747,1
2021-01-13,15968.0,12584.0,18088.0,20549.0,17173.571428571428,17878.214285714286,2500.741813753138,26.891290527654157,-0.5802001066322765,49.74090121982509,0.14560723242228518,1
2021-01-14,16946.0,15968.0,20346.0,21822.0,16687.85714285714,17529.928571428572,2075.986306039348,6.1247494989979945,-1.4885808094038386,-20.766541028656164,0.12439355722616835,1
2021-01-15,15590.0,16946.0,18139.0,20035.0,16323.714285714286,17212.428571428572,2001.2325130864622,-8.001888351233333,-1.0820875737674442,-14.126637850231328,0.12258912946719903,1
2021-01-16,15158.0,15590.0,18222.0,19079.0,15886.0,16932.35714285714,1845.8888554494522,-2.771007055805008,-1.543313952487701,5.2308812954283255,0.11618863570525916,1
2021-01-17,15144.0,15158.0,18645.0,18177.0,15385.857142857143,16715.714285714286,1392.3192196941302,-0.09236046971895506,-1.8881325585621387,2.678646586086053,0.09048756394937155,1
2021-01-18,13788.0,15144.0,16311.0,16504.0,15025.42857142857,16521.714285714286,1438.7039140792117,-8.954041204437402,-1.3789811066733555,-8.861680734718448,0.09574490087516739,1
2021-01-19,10064.0,13788.0,12584.0,16375.0,14665.42857142857,16070.92857142857,2242.2910052860834,-27.008993327531183,-1.9731786260105344,-18.05495212309378,0.1528859595480698,1
2021-01-20,13823.0,10064.0,15968.0,18088.0,14359.0,15766.285714285714,2180.3255873086055,37.35095389507155,-0.4789410020937644,64.35994722260273,0.15183325816912294,1
2021-01-21,15223.0,13823.0,16946.0,20346.0,14112.857142857143,15400.357142857143,1921.4899105112272,10.128047457136645,0.0929587062117572,-27.222906437934903,0.13614208299420621,2
2021-01-22,14545.0,15223.0,15590.0,18139.0,13963.57142857143,15143.642857142857,1825.8118611694179,-4.453787032779344,0.5998303231337557,-14.58183448991599,0.13074600037018091,2
2021-01-23,14256.0,14545.0,15158.0,18222.0,13834.714285714286,14860.357142857143,1758.0367567548838,-1.9869370917841134,0.7118403179938834,2.4668499409952305,0.12706512439116352,2
2021-01-24,14849.0,14256.0,15144.0,18645.0,13792.57142857143,14589.214285714286,1724.6387889604443,4.159652076318743,1.3192706817135544,6.146589168102857,0.125032070040113,2
2021-01-25,13203.0,14849.0,13788.0,16311.0,13709.0,14367.214285714286,1739.0111174666679,-11.084921543538284,1.014859204699143,-15.244573619857027,0.12684253227327993,2
2021-01-26,9102.0,13203.0,10064.0,12584.0,13571.57142857143,14118.5,2079.710545337251,-31.061122472165415,0.43598361260853835,-19.97620092862713,0.15322892616790962,2
2021-01-27,12689.0,9102.0,13823.0,15968.0,13409.57142857143,13884.285714285714,2100.9197872329582,39.40892111623819,0.7299789299180587,70.4700435884036,0.15666146654697474,2
2021-01-28,11666.0,12689.0,15223.0,16946.0,12901.42857142857,13507.142857142857,2017.723044850396,-8.062101032390256,-1.8686137114429273,-47.47102214862845,0.15638319822351024,1
2021-01-29,18855.0,11666.0,14545.0,15590.0,13517.142857142857,13740.357142857143,3014.3322880636697,61.623521344076806,7.571001770965094,69.68562237646707,0.22298420130032326,2
2021-01-30,13083.0,18855.0,14256.0,15158.0,13349.57142857143,13592.142857142857,2998.977706772812,-30.612569610182973,3.481625696908114,-92.23609095425978,0.2246329097460749,2
2021-01-31,13052.0,13083.0,14849.0,15144.0,13092.857142857143,13442.714285714286,2925.2393308690475,-0.23694871206909607,2.8535398699955654,30.375620898113876,0.22340547166155703,2
2021-02-01,11427.0,13052.0,13203.0,13788.0,12839.142857142857,13274.07142857143,2990.3874569799837,-12.450199203187251,2.6585002043314274,-12.213250491118156,0.23289362822910165,2
2021-02-02,8635.0,11427.0,9102.0,10064.0,12772.42857142857,13172.0,3091.1682719839696,-24.433359586943205,3.6053234736488853,-11.983160383755953,0.24199988708577838,2
2021-02-03,11039.0,8635.0,12689.0,13823.0,12536.714285714286,12973.142857142857,3160.7175722349293,27.84018529241459,1.9526469273883709,52.27354487935779,0.25209679373825833,2
2021-02-04,12899.0,11039.0,11666.0,15223.0,12712.857142857143,12807.142857142857,3138.384320452679,16.84935229640365,5.511425974358929,-10.990832996010937,0.24684753691887087,2
2021-02-05,12408.0,12899.0,18855.0,14545.0,11791.857142857143,12654.5,1608.6261662870256,-3.8064966276455503,-3.835719450172836,-20.655848924049202,0.13640682209581076,1
2021-02-06,11713.0,12408.0,13083.0,14256.0,11596.142857142857,12472.857142857143,1505.3852694675788,-5.601225016118638,-0.2626702224493597,-1.794728388473088,0.12980656425564244,1
2021-02-07,12059.0,11713.0,13052.0,14849.0,11454.285714285714,12273.57142857143,1387.5014371529185,2.9539827542047314,0.19317712987547278,8.55520777032337,0.12112325015364622,2
2021-02-08,11831.0,12059.0,11427.0,13203.0,11512.0,12175.57142857143,1394.5616993663298,-1.8907040384774865,1.7016764391197248,-4.844686792682218,0.12112930594687134,2
2021-02-09,9110.0,11831.0,8635.0,9102.0,11579.857142857143,12176.142857142857,1233.494822119916,-22.99890119178429,1.9065990669995696,-21.108197153306804,0.10651153078774594,2
2021-02-10,11067.0,9110.0,11039.0,12689.0,11583.857142857143,12060.285714285714,1231.4923776445567,21.48188803512623,0.9982708873869467,44.48078922691052,0.10630190449986308,2
2021-02-11,12923.0,11067.0,12899.0,11666.0,11587.285714285714,12150.07142857143,1235.7899921783116,16.77057919942171,0.987017587818098,-4.711308835704518,0.10664131198067238,2
2021-02-12,9309.0,12923.0,12408.0,18855.0,11144.57142857143,11468.214285714286,1432.253685299437,-27.965642652634838,-2.4642889871803715,-44.736221852056545,0.12850428481646853,1
2021-02-13,12143.0,9309.0,11713.0,13083.0,11206.0,11401.07142857143,1469.4351522516608,30.44365667633473,2.684979826027252,58.40929932896957,0.1311176186536683,2
2021-02-14,12194.0,12143.0,12059.0,13052.0,11225.285714285714,11339.785714285714,1483.3166344720305,0.41999505888166144,2.3229815838382426,-30.02366161745307,0.13212888681289084,2
2021-02-15,11649.0,12194.0,11831.0,11427.0,11199.285714285714,11355.642857142857,1472.4855080559423,-4.469411185829097,1.9545948485022981,-4.8894062447107585,0.13146856657217415,2
2021-02-16,9121.0,11649.0,9110.0,8635.0,11200.857142857143,11390.357142857143,1469.8877994130498,-21.701433599450592,2.1399473616928266,-17.232022413621493,0.13121822396657887,2
2021-02-17,11610.0,9121.0,11067.0,11039.0,11278.42857142857,11431.142857142857,1475.9618171621091,27.288674487446563,2.9694882834528746,48.99010808689715,0.1308543077173966,2
2021-02-18,12881.0,11610.0,12923.0,12899.0,11272.42857142857,11429.857142857143,1468.227259561842,10.947459086993971,2.1376139816774833,-16.34121540045259,0.1302378642184263,2
2021-02-19,13193.0,12881.0,9309.0,12408.0,11827.285714285714,11485.92857142857,1329.9514670724102,2.422172191600036,6.47873038799675,-8.525286895393936,0.11243822640047914,2
2021-02-20,13993.0,13193.0,12143.0,11713.0,12091.57142857143,11648.785714285714,1566.0108404436685,6.063821723641327,2.995896823326265,3.641649532041291,0.1295018887995662,2
2021-02-21,14264.0,13993.0,12194.0,12059.0,12387.285714285714,11806.285714285714,1770.6479712527134,1.936682627027797,3.21256647591857,-4.12713909661353,0.1429292165267764,2
2021-02-22,14199.0,14264.0,11649.0,11831.0,12751.57142857143,11975.42857142857,1853.8014867798113,-0.45569265283230687,3.7859548377752543,-2.392375279860104,0.14536687735200382,2
2021-02-23,10584.0,14199.0,9121.0,9110.0,12960.57142857143,12080.714285714286,1404.2215942365926,-25.459539404183396,3.249082579956283,-25.003846751351087,0.10833729551813766,2
2021-02-24,13742.0,10584.0,11610.0,11067.0,13265.142857142857,12271.785714285714,1288.9447141737799,29.83749055177627,3.613199160574812,55.297029955959665,0.09716047294634525,2
2021-02-25,16738.0,13742.0,12881.0,12923.0,13816.142857142857,12544.285714285714,1814.5814419666656,21.801775578518413,5.16381580222116,-8.035714973257857,0.13132826813240964,2
2021-02-26,16577.0,16738.0,13193.0,9309.0,14299.57142857143,13063.42857142857,2055.6563312934713,-0.9618831401601136,4.680379326255426,-22.763658718678528,0.14374644688578178,2
2021-02-27,16488.0,16577.0,13993.0,12143.0,14656.0,13373.785714285714,2204.551428296913,-0.536888459914342,3.7374207286046155,0.4249946802457716,0.15040945816312432,2
2021-02-28,16752.0,16488.0,14264.0,12194.0,15011.42857142857,13699.357142857143,2327.9292555946704,1.6011644832605532,3.689489565209295,2.138052943174895,0.15506679978648827,2
2021-03-01,15510.0,16752.0,14199.0,11649.0,15198.714285714286,13975.142857142857,2304.2905426112893,-7.414040114613185,2.6954399278120262,-9.015204597873737,0.15160091165509712,2
2021-03-02,12286.0,15510.0,10584.0,9121.0,15441.857142857143,14201.214285714286,1762.2436861937454,-20.786589297227597,3.3630042288057127,-13.372549182614412,0.11411383721883642,2
2021-03-03,14989.0,12286.0,13742.0,11610.0,15620.0,14442.57142857143,1618.972822503793,22.00065114764773,2.243455742501635,42.78724044487532,0.10364079268316964,2
2021-03-04,17407.0,14989.0,16738.0,12881.0,15715.57142857143,14765.857142857143,1712.9869484967412,16.13183000867302,1.4334635182380073,-5.86882113897471,0.10899240691787729,2
2021-03-05,16838.0,17407.0,16577.0,13193.0,15752.857142857143,15026.214285714286,1737.5270193188455,-3.2687999080829533,1.103903979963316,-19.400629916755975,0.11029216550352221,2
2021-03-06,18327.0,16838.0,16488.0,13993.0,16015.57142857143,15335.785714285714,1988.1585162456636,8.8430930039197,2.4439013319396077,12.111892912002652,0.12413134266045564,2
2021-03-07,18711.0,18327.0,16752.0,14264.0,16295.42857142857,15653.42857142857,2232.0175370547922,2.0952692748404056,2.5144877307367293,-6.747823729079294,0.13696360078355072,2
2021-03-08,18599.0,18711.0,15510.0,14199.0,16736.714285714286,15967.714285714286,2352.9352388242787,-0.5985783763561514,3.4881251219163056,-2.693847651196557,0.1405768552778153,2
2021-03-09,15388.0,18599.0,12286.0,10584.0,17179.85714285714,16310.857142857143,1519.5047908873503,-17.26436905209957,3.9912994426488804,-16.66579067574342,0.08844173362555878,2
2021-03-10,17921.0,15388.0,14989.0,13742.0,17598.714285714286,16609.35714285714,1181.4339753456454,16.46087860670653,3.199903365371566,33.7252476588061,0.06712802015795319,2
2021-03-11,22854.0,17921.0,17407.0,16738.0,18376.85714285714,17046.214285714286,2299.1827119354543,27.526365716198864,4.827694180732401,11.065487109492334,0.1251061369159173,2
2021-03-12,23285.0,22854.0,16838.0,16577.0,19297.85714285714,17525.35714285714,2813.7029237044217,1.8858843090924893,5.564077640328892,-25.640481407106375,0.145796349642695,2
2021-03-13,24882.0,23285.0,18327.0,16488.0,20234.285714285714,18124.928571428572,3454.5463626117653,6.858492591797294,5.280563295739976,4.972608282704805,0.17071893183958967,2
2021-03-14,25320.0,24882.0,18711.0,16752.0,21178.428571428572,18736.928571428572,3849.406744645183,1.7603086568603876,5.2327117788856885,-5.098183934936906,0.1817521531170157,2
2021-03-15,26291.0,25320.0,18599.0,15510.0,22277.285714285714,19507.0,4081.2604145574974,3.8349131121643065,5.866067705817183,2.074604455303919,0.1831945449887301,2
2021-03-16,24492.0,26291.0,15388.0,12286.0,23577.85714285714,20378.85714285714,2755.068627613933,-6.842645772317524,7.354885317214618,-10.67755888448183,0.11684487551376253,2
2021-03-17,28903.0,24492.0,17921.0,14989.0,25146.714285714286,21372.714285714286,2027.738618453369,18.009962436714023,7.576183007215689,24.852608209031548,0.08063311819974314,2
2021-03-18,35871.0,28903.0,22854.0,17407.0,27006.285714285714,22691.571428571428,4285.986223119137,24.10822405978619,7.087877056299592,6.098261623072165,0.15869740737596713,2
2021-03-19,39726.0,35871.0,23285.0,16838.0,29355.0,24326.428571428572,6049.049787639239,10.74684285355858,8.353728276937606,-13.361381206227609,0.20605837946720396,2
2021-03-20,40953.0,39726.0,24882.0,18327.0,31650.85714285714,25942.571428571428,7037.461365875859,3.0886573025222797,7.815180378469747,-7.6581855510363,0.22233960345874995,2
2021-03-21,43846.0,40953.0,25320.0,18711.0,34297.42857142857,27737.928571428572,7711.101842087957,7.064195541230189,8.572878504808289,3.9755382387079097,0.22482376491474287,2
2021-03-22,46951.0,43846.0,26291.0,18599.0,37248.857142857145,29763.071428571428,8080.841611049036,7.081603795101032,9.036691459513536,0.017408253870843104,0.21693617723306033,2
2021-03-23,40715.0,46951.0,24492.0,15388.0,39566.42857142857,31572.14285714286,5823.498200027073,-13.28193222721561,8.116793394528095,-20.36353602231664,0.14717909175003072,2
2021-03-24,47262.0,40715.0,28903.0,17921.0,42189.142857142855,33667.92857142857,4099.623699340535,16.080068770723322,7.841094299386567,29.36200099793893,0.09717017819119478,2
2021-03-25,53476.0,47262.0,35871.0,22854.0,44704.142857142855,35855.21428571428,4899.645001718091,13.14798358088951,6.275345659544184,-2.9320851898338116,0.10959913532487998,2
2021-03-26,59118.0,53476.0,39726.0,23285.0,47474.42857142857,38414.71428571428,6749.013726887659,10.55052733936719,6.247300586088272,-2.5974562415223215,0.14215803690394313,2
2021-03-27,62258.0,59118.0,40953.0,24882.0,50518.0,41084.42857142857,8004.96493850349,5.311411076152783,6.564836839464057,-5.239116263214406,0.15845454063824482,2
2021-03-28,62714.0,62258.0,43846.0,25320.0,53213.42857142857,43755.42857142857,8542.50419680226,0.7324359921616397,5.660299761025693,-4.578975083991144,0.16052984925574915,2
2021-03-29,68020.0,62714.0,46951.0,26291.0,56223.28571428572,46736.07142857143,9612.909145419937,8.460630800140322,5.85730361888845,7.728194807978682,0.17097432227542636,2
2021-03-30,56211.0,68020.0,40715.0,24492.0,58437.0,49001.71428571428,6826.878764609018,-17.361070273448988,5.27456961228368,-25.82170107358931,0.11682259428127276,2
2021-03-31,53480.0,56211.0,47262.0,28903.0,59325.28571428572,50757.21428571428,5382.154237672687,-4.858479657006631,2.283348408322259,12.502590616442356,0.09072124055756736,2
2021-04-01,72330.0,53480.0,53476.0,35871.0,62018.71428571428,53361.42857142857,6556.574987859989,35.24682124158565,5.440325216993136,40.10530089859228,0.10571759420972116,2
2021-04-02,81466.0,72330.0,59118.0,39726.0,65211.28571428572,56342.857142857145,9629.53136129156,12.630996820129958,5.737535142816388,-22.61582442145569,0.14766437421748074,2
2021-04-03,89129.0,81466.0,62258.0,40953.0,69050.0,59784.0,13016.35070465869,9.406378120933878,6.322530434927974,-3.22461869919608,0.1885034352096087,2
2021-04-04,93249.0,89129.0,62714.0,43846.0,73412.14285714286,63312.78571428572,15431.574702846283,4.622513435582132,6.8782557839880445,-4.783864685351746,0.21020179905490644,2
2021-04-05,103558.0,93249.0,68020.0,46951.0,78489.0,67356.14285714286,18832.937175774456,11.0553464380315,7.248929446543927,6.432833002449367,0.23994059339755963,2
2021-04-06,96982.0,103558.0,56211.0,40715.0,84313.42857142857,71375.21428571429,17011.227291185693,-6.350064698043612,8.821930243030408,-17.40541113607511,0.20175938542682892,2
2021-04-07,115736.0,96982.0,53480.0,47262.0,93207.14285714286,76266.21428571429,14255.301498373241,19.337609040852932,12.278514342724632,25.687673738896542,0.15294051636906753,2
2021-04-08,126789.0,115736.0,72330.0,53476.0,100987.0,81502.85714285714,15745.287760681415,9.55018317550287,8.607566047569948,-9.787425865350063,0.1559124624775361,2
2021-04-09,131968.0,126789.0,81466.0,59118.0,108201.57142857143,86706.42857142857,16841.848442269544,4.084739212392252,7.3866721036074185,-5.4654439631106175,0.15565109239004987,2
2021-04-10,145384.0,131968.0,89129.0,62258.0,116238.0,92644.0,19444.655983928536,10.166100872938898,7.495203925322421,6.081361660546646,0.1672816867310329,2
2021-04-11,152879.0,145384.0,93249.0,62714.0,124756.57142857143,99084.35714285714,20715.027651901415,5.15531282672097,7.571318124056542,-5.010788046217928,0.1660422482956201,2
2021-04-12,168912.0,152879.0,103558.0,68020.0,134092.85714285713,106290.92857142857,24030.650736289153,10.48737890750202,7.490179905409474,5.33206608078105,0.17920769264387745,2
2021-04-13,161736.0,168912.0,96982.0,56211.0,143343.42857142858,113828.42857142857,19376.743688049584,-4.248366013071891,7.7904225746911475,-14.73574492057391,0.13517612007078564,2
2021-04-14,184372.0,161736.0,115736.0,53480.0,153148.57142857142,123177.85714285714,20416.2392542236,13.995647227580754,7.027285172795122,18.244013240652645,0.13330915041930552,2
2021-04-15,200739.0,184372.0,126789.0,72330.0,163712.85714285713,132349.92857142858,23415.557181985685,8.877161391100596,6.931139203594798,-5.118485836480158,0.14302733800690562,2
2021-04-16,217353.0,200739.0,131968.0,81466.0,175910.7142857143,142056.14285714287,26197.152667890154,8.276418633150517,7.529950549417407,-0.6007427579500799,0.14892216117762894,2
2021-04-17,234692.0,217353.0,145384.0,89129.0,188669.0,152453.5,30281.146862913138,7.977345608296171,7.217271225897017,-0.29907302485434517,0.1604979427726355,2
2021-04-18,261500.0,234692.0,152879.0,93249.0,204186.2857142857,164471.42857142858,36146.95584561362,11.422630511478872,8.112602323719575,3.4452849031827,0.17702843602217808,2
2021-04-19,273810.0,261500.0,168912.0,103558.0,219171.7142857143,176632.2857142857,40560.365246194946,4.707456978967506,7.286899191071788,-6.715173532511366,0.18506119878280247,2
2021-04-20,259170.0,273810.0,161736.0,96982.0,233090.85714285713,188217.14285714287,33703.766339626876,-5.346773309959463,7.12998386294499,-10.05423028892697,0.14459435328523956,2
2021-04-21,295041.0,259170.0,184372.0,115736.0,248900.7142857143,201024.64285714287,32990.6432983364,13.840722305822428,7.10785173126523,19.18749561578189,0.1325448617057994,2
2021-04-22,314835.0,295041.0,200739.0,126789.0,265200.14285714284,214456.5,33412.510079452215,6.708898085350845,6.798099830443837,-7.131824220471583,0.1259893140711339,2
2021-04-23,332730.0,314835.0,217353.0,131968.0,281682.5714285714,228796.64285714287,34321.06822277463,5.683929677450084,6.427744265343775,-1.0249684079007615,0.12184263373512955,2
2021-04-24,346786.0,332730.0,234692.0,145384.0,297696.0,243182.5,34887.79082047617,4.224446247708347,5.891615785259801,-1.459483429741737,0.11719228215425809,2
2021-04-25,349691.0,346786.0,261500.0,152879.0,310294.71428571426,257240.5,35555.55298268792,0.8376924097281968,4.37948177072399,-3.38675383798015,0.1145860266376385,2
2021-04-26,352991.0,349691.0,273810.0,168912.0,321606.28571428574,270389.0,34596.14859929824,0.9436902865672891,3.8418008146668154,0.10599787683909234,0.10757265191446341,2
2021-04-27,323144.0,352991.0,259170.0,161736.0,330745.4285714286,281918.14285714284,21216.221206559763,-8.455456371408898,3.3977032344597538,-9.399146657976187,0.06414648617128717,2
2021-04-28,360960.0,323144.0,295041.0,184372.0,340162.4285714286,294531.5714285714,16921.99327164725,11.702522714331698,3.0922461499610776,20.157979085740596,0.049746656607719125,2
2021-04-29,379257.0,360960.0,314835.0,200739.0,349365.5714285714,307282.85714285716,18312.769432439032,5.068982712765968,2.8579725253060952,-6.63354000156573,0.052417062564278874,2
2021-04-30,386452.0,379257.0,332730.0,217353.0,357040.14285714284,319361.35714285716,21207.3602272768,1.8971304418903268,2.3170012059404153,-3.1718522708756414,0.05939752505150971,2
2021-05-01,401993.0,386452.0,346786.0,234692.0,364926.85714285716,331311.4285714286,26390.41129797236,4.02145673977623,2.2880027048072558,2.1243262978859034,0.07231679024065678,2
2021-05-02,392488.0,401993.0,349691.0,261500.0,371040.71428571426,340667.71428571426,27216.886178217577,-2.3644690330428597,1.8305510701256769,-6.38592577281909,0.07335263160535013,2
2021-05-03,368147.0,392488.0,352991.0,273810.0,373205.85714285716,347406.0714285714,26122.53130555075,-6.201718269093581,0.8097784193169809,-3.837249236050721,0.06999477851381357,2
2021-05-04,357229.0,368147.0,323144.0,259170.0,378075.14285714284,354410.28571428574,16720.350229868935,-2.965663172591382,1.5940345905766262,3.236055096502199,0.044224822289796704,2
2021-05-05,382315.0,357229.0,360960.0,295041.0,381125.85714285716,360644.14285714284,14929.394611843578,7.0223862004484605,0.9254436600218777,9.988049373039843,0.03917172020823402,2
2021-05-06,412262.0,382315.0,379257.0,314835.0,385840.85714285716,367603.21428571426,18919.430624170727,7.833069589213082,1.3203132138000366,0.8106833887646214,0.04903415809852337,2
2021-05-07,414188.0,412262.0,386452.0,332730.0,389803.14285714284,373421.64285714284,21759.895016814942,0.4671786388267707,1.1160343847909575,-7.365890950386311,0.055822636612637554,2
2021-05-08,401078.0,414188.0,401993.0,346786.0,389672.4285714286,377299.64285714284,21677.055341666335,-3.1652293161559486,0.08936494822921759,-3.6324079549827193,0.05562877464120664,2
2021-05-09,403738.0,401078.0,392488.0,349691.0,391279.5714285714,381160.14285714284,22327.863271832903,0.6632126419299889,0.5218909017967673,3.8284419580859375,0.05706356231875641,2
2021-05-10,366161.0,403738.0,368147.0,352991.0,390995.85714285716,382100.85714285716,22680.623826138635,-9.307273528872685,0.07824015039975254,-9.970486170802673,0.0580071768143443,2
2021-05-11,329942.0,366161.0,357229.0,323144.0,387097.71428571426,382586.4285714286,30461.638141079122,-9.891550438195218,-0.9111723161150811,-0.5842769093225328,0.07869217080012218,1
2021-05-12,348421.0,329942.0,382315.0,360960.0,382255.71428571426,381690.78571428574,33853.526437256834,5.600681331870461,-1.1142730116262238,15.492231770065679,0.08856228071890276,1
2021-05-13,362727.0,348421.0,412262.0,379257.0,375179.28571428574,380510.0714285714,31640.770437913096,4.105952281865899,-1.6467183412472497,-1.4947290500045618,0.08433484285474627,1
2021-05-14,343144.0,362727.0,414188.0,386452.0,365030.14285714284,377416.64285714284,28255.896608368534,-5.398826114405598,-2.4847190202804454,-9.504778396271497,0.07740681079210453,1
2021-05-15,326098.0,343144.0,401078.0,401993.0,354318.71428571426,371995.5714285714,26468.518997192114,-4.967593779870838,-2.7421996579540013,0.4312323345347595,0.07470236041071253,1
2021-05-16,311170.0,326098.0,403738.0,392488.0,341094.71428571426,366187.14285714284,19995.50574265933,-4.57776496635981,-3.490910744852544,0.38982881351102794,0.058621392486656584,1
2021-05-17,281386.0,311170.0,366161.0,368147.0,328984.0,359989.9285714286,26798.77975455779,-9.57161680110551,-3.528674069457233,-4.9938518347456995,0.08145897154751064,1
2021-05-18,263533.0,281386.0,329942.0,357229.0,319497.0,353297.35714285716,36427.876303731544,-6.34466533516237,-3.021976197595398,3.2269514659431398,0.11401597601152916,1
2021-05-19,267334.0,263533.0,348421.0,382315.0,307913.14285714284,345084.4285714286,38529.2564182444,1.442324111211879,-3.6160272291180524,7.786989446374249,0.12512986919253039,1
2021-05-20,276110.0,267334.0,362727.0,412262.0,295539.28571428574,335359.28571428574,31203.942532497436,3.2827848309605168,-3.7336225792473923,1.8404607197486378,0.10558270408746888,1
2021-05-21,259551.0,276110.0,343144.0,414188.0,283597.4285714286,324313.78571428574,25406.0635797643,-5.997247473832889,-3.8191113448798633,-9.280032304793405,0.08958464159248822,1
2021-05-22,257299.0,259551.0,326098.0,401078.0,273769.0,314043.85714285716,18627.627850408546,-0.8676522147863075,-3.233405407010644,5.129595259046582,0.06804115809039904,1
2021-05-23,240842.0,257299.0,311170.0,403738.0,263722.14285714284,302408.4285714286,13296.041233245998,-6.396060614304755,-3.493161928145636,-5.528408399518447,0.05041666457178686,1
2021-05-24,222315.0,240842.0,281386.0,366161.0,255283.42857142858,292133.71428571426,18095.877125808864,-7.692595145365011,-3.224730263039851,-1.2965345310602565,0.07088515828040659,1
2021-05-25,196427.0,222315.0,263533.0,329942.0,245696.85714285713,282596.9285714286,28040.066294670556,-11.644738321750669,-3.981883546838179,-3.9521431763856576,0.11412417926936622,1
2021-05-26,208921.0,196427.0,267334.0,348421.0,237352.14285714287,272632.64285714284,29195.689832739412,6.360632703243452,-3.279268033690812,18.00537102499412,0.12300528015469167,1
2021-05-27,211298.0,208921.0,276110.0,362727.0,228093.2857142857,261816.2857142857,24802.18958556077,1.1377506330144005,-3.5857014905402567,-5.222882070229051,0.10873656702048362,1
2021-05-28,186364.0,211298.0,259551.0,343144.0,217638.0,250617.7142857143,24756.972593594895,-11.800395649745854,-4.414722658527823,-12.938146282760254,0.11375246437263034,1
2021-05-29,173790.0,186364.0,257299.0,326098.0,205708.14285714287,239738.57142857142,22475.349069803975,-6.747011225343947,-5.2546310886074865,5.053384424401907,0.10925790053683829,1
2021-05-30,165553.0,173790.0,240842.0,311170.0,194952.57142857142,229337.35714285713,20813.13390511869,-4.739628287013065,-5.017997898994388,2.007382938330882,0.1067594389402831,1
2021-05-31,152734.0,165553.0,222315.0,281386.0,185012.42857142858,220147.92857142858,22140.38336657866,-7.743139659202791,-5.025218543828356,-3.0035113721897266,0.11966906152453073,1
2021-06-01,127510.0,152734.0,196427.0,263533.0,175167.14285714287,210432.0,30107.88586859297,-16.514986839865387,-5.720968332130458,-8.771847180662595,0.17187991707571645,1
2021-06-02,132788.0,127510.0,208921.0,267334.0,164291.0,200821.57142857142,29629.782995043486,4.13928319347503,-6.038303976383091,20.654270033340417,0.18034830055659123,1
2021-06-03,134154.0,132788.0,211298.0,276110.0,153270.42857142858,190681.85714285713,22788.71796786927,1.0287074133204843,-6.053881579196506,-3.1105757801545453,0.14868210063853562,1
2021-06-04,132364.0,134154.0,186364.0,259551.0,145556.14285714287,181597.07142857142,18444.858619036208,-1.3342874606795174,-4.558723266472745,-2.3629948740000017,0.126719020839389,1
2021-06-05,120529.0,132364.0,173790.0,257299.0,137947.42857142858,171827.7857142857,15627.093543557463,-8.941252908645858,-4.8721863640873035,-7.60696544796634,0.11328214250346375,1
2021-06-06,114460.0,120529.0,165553.0,240842.0,130648.42857142857,162800.5,12123.669931959497,-5.035302707232281,-4.914425566975763,3.9059502014135763,0.09279543021752486,1
2021-06-07,100636.0,114460.0,152734.0,222315.0,123205.85714285714,154109.14285714287,12295.870261036634,-12.077581687925909,-5.533631571079065,-7.042278980693627,0.09979858707685152,1
2021-06-08,86498.0,100636.0,127510.0,196427.0,117347.0,146257.07142857142,18238.18445825655,-14.048650582296595,-5.181297819997809,-1.9710688943706867,0.1554196446318348,1
2021-06-09,92596.0,86498.0,132788.0,208921.0,111605.28571428571,137948.14285714287,18882.111346584683,7.049873985525679,-4.765499135419145,21.098524567822274,0.16918501700632937,1
2021-06-10,94052.0,92596.0,134154.0,211298.0,105876.42857142857,129573.42857142857,16877.694687143852,1.5724221348654366,-4.687825603769866,-5.477451850660242,0.1594078635538223,1
2021-06-11,91702.0,94052.0,132364.0,186364.0,100067.57142857143,122811.85714285714,12729.641941250604,-2.4986177859056657,-4.854158507373602,-4.071039920771103,0.12720919025347507,1
2021-06-12,84332.0,91702.0,120529.0,173790.0,94896.57142857143,116422.0,10116.209482102578,-8.036902139538938,-4.724965540358327,-5.538284353633273,0.10660135269865109,1
2021-06-13,80834.0,84332.0,114460.0,165553.0,90092.85714285714,110370.64285714286,6677.382806379099,-4.147891666271408,-4.598192534506774,3.88901047326753,0.07411585004947807,1
2021-06-14,70421.0,80834.0,100636.0,152734.0,85776.42857142857,104491.14285714286,8295.861013327854,-12.881955612737217,-4.713103095194104,-8.73406394646581,0.09671379932332345,1
2021-06-15,60471.0,70421.0,86498.0,127510.0,82058.28571428571,99702.64285714286,12622.729534646445,-14.12930801891481,-4.724625586139562,-1.2473524061775922,0.15382451144647183,1
2021-06-16,62224.0,60471.0,92596.0,132788.0,77719.42857142857,94662.35714285714,13580.473136791783,2.8989102214284523,-5.317620409582024,17.02821824034326,0.17473492344822467,1
2021-06-17,67208.0,62224.0,94052.0,134154.0,73884.57142857143,89880.5,11883.95164156792,8.009771149395739,-4.3979991217919805,5.110860927967287,0.16084265725760383,1
2021-06-18,62480.0,67208.0,91702.0,132364.0,69710.0,84888.78571428571,9469.10768411746,-7.034876800380907,-5.0460361238598725,-15.044647949776646,0.1358337663226386,1
2021-06-19,60753.0,62480.0,84332.0,120529.0,66341.57142857143,80619.07142857143,7359.628497358273,-2.7640845070422526,-4.292776462074632,4.270792293338655,0.11093372383496033,1
2021-06-20,58419.0,60753.0,80834.0,114460.0,63139.42857142857,76616.14285714286,4202.090942113938,-3.841785590835023,-4.249047022726577,-1.0777010837927703,0.06655151124544963,1
2021-06-21,53256.0,58419.0,70421.0,100636.0,60687.28571428572,73231.85714285714,4252.749217252838,-8.837878087608486,-3.6713216619939004,-4.996092496773462,0.07007528993773773,1
2021-06-22,42640.0,53256.0,60471.0,86498.0,58140.0,70099.14285714286,8049.3513817419125,-19.9339041610335,-4.500549682296571,-11.096026073425014,0.13844535494301632,1
2021-06-23,50848.0,42640.0,62224.0,92596.0,56514.857142857145,67117.14285714286,8233.659867252729,19.249530956848027,-2.164746720093775,39.18343511788153,0.14568760492192862,1
2021-06-24,54069.0,50848.0,67208.0,94052.0,54637.857142857145,64261.21428571428,6754.454565416491,6.33456576463185,-2.404061775060044,-12.914965192216176,0.12361998252921896,1
2021-06-25,51667.0,54069.0,62480.0,91702.0,53093.142857142855,61401.57142857143,5836.090741493229,-4.442471656586955,-2.03371818308948,-10.777037421218804,0.10991967150116802,1
2021-06-26,48698.0,51667.0,60753.0,84332.0,51371.0,58856.28571428572,4903.114112488774,-5.7464145392610355,-2.459765330549306,-1.3039428826740806,0.09544331761443536,1
2021-06-27,50040.0,48698.0,58419.0,80834.0,50174.0,56656.71428571428,3792.772996118682,2.755759990143325,-1.5172588189809706,8.50217452940436,0.0755908918010699,1
2021-06-28,46148.0,50040.0,53256.0,70421.0,49158.57142857143,54922.92857142857,3781.6012418641476,-7.777777777777772,-1.365815917576583,-10.533537767921096,0.076925024608052,1
2021-06-29,37566.0,46148.0,42640.0,60471.0,48433.71428571428,53286.857142857145,5385.490714705861,-18.596688913929093,-1.174785167990239,-10.818911136151321,0.11119071917998906,1
2021-06-30,45951.0,37566.0,50848.0,62224.0,47734.142857142855,52124.5,5337.451871097161,22.32071554064845,-0.7360445131616069,40.91740445457754,0.11181388703644553,1
2021-07-01,48786.0,45951.0,54069.0,67208.0,46979.42857142857,50808.642857142855,4617.34389223242,6.169615459946454,-0.7596088424023779,-16.151100080701998,0.09828228546728256,1
2021-07-02,46617.0,48786.0,51667.0,62480.0,46258.0,49675.57142857143,4131.868060182392,-4.445947607920308,-0.7601054068785711,-10.615563067866763,0.08932030653888738,1
2021-07-03,44111.0,46617.0,48698.0,60753.0,45602.71428571428,48486.857142857145,4043.188004308512,-5.375721303387171,-0.7071492303251619,-0.9297736954668627,0.08865918199068869,1
2021-07-04,43071.0,44111.0,50040.0,58419.0,44607.142857142855,47390.57142857143,3602.456357766635,-2.3576885584094653,-1.4376418801184176,3.0180327449777056,0.08075781969456712,1
2021-07-05,39796.0,43071.0,46148.0,53256.0,43699.71428571428,46429.142857142855,3934.3576228975094,-7.603724083490048,-1.4127770666487425,-5.246035525080583,0.09002959533280779,1
2021-07-06,34703.0,39796.0,37566.0,42640.0,43290.71428571428,45862.21428571428,4743.811221460222,-12.797768619961802,-0.5843598817962727,-5.194044536471754,0.10957780951228398,1
2021-07-07,43733.0,34703.0,45951.0,50848.0,42973.857142857145,45354.0,4608.654482920942,26.020805117713163,-0.055775656501313824,38.81857373767497,0.10724071676610442,1
2021-07-08,45892.0,43733.0,48786.0,54069.0,42560.42857142857,44769.92857142857,4102.362484285279,4.936775432739582,-0.2318956603880098,-21.08402968497358,0.09638686063839476,1
2021-07-09,43393.0,45892.0,46617.0,51667.0,42099.857142857145,44178.92857142857,3735.6121510333046,-5.445393532641852,-0.37467364963394456,-10.382168965381434,0.08873007355545232,1
2021-07-10,42766.0,43393.0,44111.0,48698.0,41907.71428571428,43755.21428571428,3648.502145381378,-1.444933514622171,0.1868674630467697,4.00046001801968,0.08705831728712966,2
2021-07-11,41506.0,42766.0,43071.0,50040.0,41684.142857142855,43145.642857142855,3613.1163570544636,-2.946265725108732,0.10278501066116018,-1.5013322104865612,0.08667635779579311,2
2021-07-12,37154.0,41506.0,39796.0,46148.0,41306.71428571428,42503.21428571428,3964.1645489963507,-10.485231050932398,-0.3088588418306042,-7.538965325823666,0.09596668848770709,1
2021-07-13,32906.0,37154.0,34703.0,37566.0,41050.0,42170.357142857145,4486.81858337185,-11.433493029014375,-0.11396232883811461,-0.9482619780819768,0.10929864274614139,1
2021-07-14,38792.0,32906.0,43733.0,45951.0,40344.142857142855,41659.0,4381.812426718928,17.887315383212798,-1.2758894337667381,29.320808412227173,0.10860817725282029,1
2021-07-15,41806.0,38792.0,45892.0,48786.0,39760.42857142857,41160.42857142857,3745.5513994345083,7.769643225407297,-0.8711940348142075,-10.1176721578055,0.0942006244243939,1
2021-07-16,38949.0,41806.0,43393.0,46617.0,39125.57142857143,40612.71428571428,3386.65192864665,-6.833947280294694,-1.0695588559074707,-14.603590505701991,0.08655631722879793,1
2021-07-17,38079.0,38949.0,42766.0,44111.0,38456.0,40181.857142857145,2986.6586123557445,-2.2336902102749745,-1.1822383838578712,4.60025707001972,0.07766228807124176,1
2021-07-18,41157.0,38079.0,41506.0,43071.0,38406.142857142855,40045.142857142855,2929.62679243436,8.083195462065706,0.39339892859562003,10.316885672340682,0.07627817573755076,2
2021-07-19,38164.0,41157.0,37154.0,39796.0,38550.42857142857,39928.57142857143,2882.1670583907844,-7.272152975192558,0.85241008227274,-15.355348437258264,0.07476161494380601,2
2021-07-20,30093.0,38164.0,32906.0,34703.0,38148.57142857143,39599.28571428572,3837.955656223745,-21.148202494497436,-0.5354055556534115,-13.876049519304878,0.1006028511594072,1
2021-07-21,42015.0,30093.0,38792.0,43733.0,38609.0,39476.57142857143,4111.583839198549,39.61718672116439,2.5688617783396728,60.76538921566183,0.10649012792537034,2
2021-07-22,41383.0,42015.0,41806.0,45892.0,38548.57142857143,39154.5,4059.5450425476242,-1.5042246816613147,1.2440235059012996,-41.1214114028257,0.10530713811097908,2
2021-07-23,35342.0,41383.0,38949.0,43393.0,38033.28571428572,38579.42857142857,4225.7653632039455,-14.597781697798617,0.13490430340073928,-13.093557016137302,0.11110410735587296,2
2021-07-24,39097.0,35342.0,38079.0,42766.0,38178.71428571428,38317.357142857145,4245.0738004798895,10.62475241921792,1.9718246790425813,25.222534117016536,0.11118663090855738,2
2021-07-25,39742.0,39097.0,41157.0,41506.0,37976.57142857143,38191.357142857145,4111.195157024283,1.6497429470291758,1.0527600340373626,-8.975009472188745,0.10825324006714482,2
2021-07-26,39361.0,39742.0,38164.0,37154.0,38147.57142857143,38349.0,4145.044827156859,-0.9586835086306644,1.9546842435462044,-2.60842645565984,0.10865530927987574,2
2021-07-27,29689.0,39361.0,30093.0,32906.0,38089.857142857145,38119.21428571428,4276.610278746792,-24.572546429206575,1.4654922528734704,-23.61386292057591,0.11227393131920499,2
2021-07-28,43654.0,29689.0,42015.0,38792.0,38324.0,38466.5,4562.629943365135,47.03762336218802,2.525554630162561,71.6101697913946,0.11905100961161473,2
2021-07-29,43509.0,43654.0,41383.0,41806.0,38627.71428571428,38588.142857142855,4861.182973809348,-0.3321574197095334,2.6929928104413867,-47.36978078189755,0.12584376839089145,2
2021-07-30,44230.0,43509.0,35342.0,38949.0,39897.42857142857,38965.357142857145,5018.151480954486,1.6571284102139705,5.015122825871757,1.989285829923504,0.12577316101486777,2
2021-07-31,41649.0,44230.0,39097.0,38079.0,40262.0,39220.357142857145,5042.9488066763,-5.835405833144924,2.663671646962779,-7.492534243358895,0.12525020010124183,2
2021-08-01,41831.0,41649.0,39742.0,41157.0,40560.42857142857,39268.5,5068.792422178949,0.43698528175946105,2.490420551924248,6.272391114904385,0.12496582592629395,2
2021-08-02,40134.0,41831.0,39361.0,38164.0,40670.857142857145,39409.21428571428,5046.678624892634,-4.056799980875425,2.0478324844607108,-4.493785262634886,0.12408281744220621,2
2021-08-03,30549.0,40134.0,29689.0,30093.0,40793.71428571428,39441.78571428572,4735.661506574654,-23.882493646284942,2.146411453449516,-19.825693665409517,0.1160851740107177,2
2021-08-04,42625.0,30549.0,43654.0,42015.0,40646.71428571428,39485.357142857145,4647.222278399538,39.52993551343742,1.0738846179137158,63.412429159722365,0.11432923991086044,2
2021-08-05,42982.0,42625.0,43509.0,41383.0,40571.42857142857,39599.57142857143,4597.123261976494,0.8375366568915021,1.2409837717138639,-38.69239885654592,0.11330658340757607,2
2021-08-06,44643.0,42982.0,44230.0,35342.0,40630.42857142857,40263.92857142857,4654.199460609601,3.8644083569866483,1.5563094783956746,3.026871700095146,0.11454678371516493,2
2021-08-07,38628.0,44643.0,41649.0,39097.0,40198.857142857145,40230.42857142857,4683.977847543876,-13.473556884617965,0.46514504247095495,-17.337965241604614,0.11651727594201519,2
2021-08-08,39070.0,38628.0,41831.0,39742.0,39804.42857142857,40182.42857142857,4639.671355366215,1.144247695971834,0.5661825302155795,14.617804580589798,0.11655875899038717,2
2021-08-09,35499.0,39070.0,40134.0,39361.0,39142.28571428572,39906.57142857143,4907.789173499649,-9.140005119017147,-0.15998963237609484,-10.284252814988982,0.12538010246054804,1
2021-08-10,28204.0,35499.0,30549.0,29689.0,38807.28571428572,39800.5,5620.414092530953,-20.54987464435618,0.3160987964708712,-11.409869525339033,0.14482510600724685,2
2021-08-11,38353.0,28204.0,42625.0,43654.0,38197.0,39421.857142857145,5362.813627200954,35.98425755212027,-0.19042662657443646,56.53413219647645,0.1403951418189684,1
2021-08-12,41195.0,38353.0,42982.0,43509.0,37941.71428571428,39256.57142857143,5134.754188032855,7.410111334185077,0.7485126130389314,-28.574146217935194,0.1353291214056905,2
2021-08-13,40120.0,41195.0,44643.0,44230.0,37295.57142857143,38963.0,4380.057033777107,-2.6095399927175578,-0.17633715120452667,-10.019651326902634,0.1174385973296655,1
2021-08-14,38667.0,40120.0,38628.0,41649.0,37301.142857142855,38750.0,4382.058702970918,-3.621635094715847,1.2310802473529188,-1.0120951019982893,0.11747471773278603,2
2021-08-15,36083.0,38667.0,39070.0,41831.0,36874.42857142857,38339.42857142857,4326.180989333878,-6.682701011198178,0.11294471775720272,-3.061065916482331,0.11731879891114928,2
2021-08-16,32937.0,36083.0,35499.0,40134.0,36508.42857142857,37825.357142857145,4563.78679962967,-8.71878724052878,0.1731187003983981,-2.0360862293306017,0.12500296439044195,2
2021-08-17,25166.0,32937.0,28204.0,30549.0,36074.42857142857,37440.857142857145,5527.771698657085,-23.593527036463545,-0.26168878418836833,-14.874739795934765,0.1532281643643461,1
2021-08-18,35178.0,25166.0,38353.0,42625.0,35620.857142857145,36908.92857142857,5439.196736922709,39.78383533338632,0.281108041706782,63.37736236984986,0.15269267728264332,2
2021-08-19,36401.0,35178.0,41195.0,42982.0,34936.0,36438.857142857145,4894.9551581290125,3.4766046961168806,-0.28082147801724605,-36.30723063726944,0.14010805616192037,1
2021-08-20,36571.0,36401.0,40120.0,44643.0,34429.0,35862.28571428572,4430.266019111502,0.4670201368094373,0.15868711191518184,-3.0095845593074433,0.12867458667184148,2
2021-08-21,34457.0,36571.0,38667.0,38628.0,33827.57142857143,35564.357142857145,4026.4059183274094,-5.780536490662003,-0.1497273732199833,-6.2475566274714405,0.11902382359920552,1
2021-08-22,30948.0,34457.0,36083.0,39070.0,33094.0,34984.21428571428,4014.7592705036163,-10.183707229300287,-0.6498711186631417,-4.403170738638284,0.12131014565655285,1
2021-08-23,25072.0,30948.0,32937.0,35499.0,31970.428571428572,34239.42857142857,5036.544743420456,-18.98668734651674,-2.1167139909471357,-8.802980117216451,0.15753267740814653,1
2021-08-24,25467.0,25072.0,25166.0,28204.0,32013.428571428572,34043.92857142857,4969.609134778731,1.5754626675175576,1.4788559667644503,20.562150014034295,0.15523029323140508,2
2021-08-25,37593.0,25467.0,35178.0,38353.0,32358.428571428572,33989.642857142855,5298.836660294034,47.61456001884792,2.597530921830393,46.03909735133036,0.16374938910301365,2
2021-08-26,46164.0,37593.0,36401.0,41195.0,33753.142857142855,34344.57142857143,7406.0880683586865,22.799457345782457,5.357938443211189,-24.81510267306546,0.21941271326910478,2
2021-08-27,44658.0,46164.0,36571.0,40120.0,34908.42857142857,34668.71428571428,8472.835394314085,-3.262282297894459,4.825180952539204,-26.061739643676916,0.24270908293379026,2
2021-08-28,46759.0,44658.0,34457.0,38667.0,36665.857142857145,35246.71428571428,9568.57710475371,4.704644184692541,6.3230639061612814,7.9669264825870005,0.26095983813048745,2
2021-08-29,45083.0,46759.0,30948.0,36083.0,38685.142857142855,35889.57142857143,9651.923874351818,-3.5843367052332153,7.26583112388515,-8.288980889925757,0.24949305258975243,2
2021-08-30,42909.0,45083.0,25072.0,32937.0,41233.28571428572,36601.857142857145,7594.185203486474,-4.822216800124213,9.28932691622694,-1.2378800948909978,0.18417162009563925,2
2021-08-31,30941.0,42909.0,25467.0,25166.0,42015.28571428572,37014.357142857145,5760.5642870167285,-27.89158451606889,5.079748747143161,-23.069367715944676,0.13710313010981148,2
2021-09-01,41965.0,30941.0,37593.0,35178.0,42639.857142857145,37499.142857142855,5428.626235947191,35.62910054620083,3.3675402510507197,63.52068506226972,0.1273104388535152,2
2021-09-02,47092.0,41965.0,46164.0,36401.0,42772.42857142857,38262.78571428572,5539.236766240567,12.217323960443217,1.855806910287971,-23.411776585757615,0.12950181809696262,2
2021-09-03,45352.0,47092.0,44658.0,36571.0,42871.57142857143,38890.0,5584.634689855539,-3.694895098955242,1.794005081565002,-15.91221905939846,0.13026124871375896,2
2021-09-04,42618.0,45352.0,46759.0,34457.0,42280.0,39472.92857142857,5317.1321844352515,-6.028400070559181,0.2607130451004704,-2.333504971603939,0.12575701105544457,2
2021-09-05,42766.0,42618.0,45083.0,30948.0,41949.0,40317.07142857143,5184.0111239680045,0.3472711061053957,0.8223713038631291,6.375671176664577,0.1235759505117522,2
2021-09-06,38948.0,42766.0,42909.0,25072.0,41383.142857142855,41308.21428571428,5277.102564502742,-8.927652808305664,0.2358804455514932,-9.27492391441106,0.12751508670166695,2
2021-09-07,31222.0,38948.0,30941.0,25467.0,41423.28571428572,41719.28571428572,5184.690049062993,-19.83670535072404,1.3865774691721862,-10.909052542418374,0.1251606384917093,2
2021-09-08,37875.0,31222.0,41965.0,37593.0,40839.0,41739.42857142857,5341.55429939868,21.308692588559342,-0.6591950962051695,41.145397939283384,0.1307922208471763,1
2021-09-09,43263.0,37875.0,47092.0,46164.0,40292.0,41532.21428571428,4758.755404524532,14.225742574257417,-0.37227815137456943,-7.082950014301925,0.11810377496152018,1
2021-09-10,34973.0,43263.0,45352.0,44658.0,38809.28571428572,40840.42857142857,4530.886363415812,-19.161870420451656,-2.5818460544454855,-33.38761299470907,0.1167444732762695,1
2021-09-11,33376.0,34973.0,42618.0,46759.0,37489.0,39884.5,4582.317390443334,-4.5663797786864135,-2.372986012749376,14.595490641765242,0.12222772447168136,1
2021-09-12,28591.0,33376.0,42766.0,45083.0,35464.0,38706.5,4976.764276792738,-14.336649089165865,-4.470688897788127,-9.770269310479453,0.14032889544037044,1
2021-09-13,27254.0,28591.0,38948.0,42909.0,33793.42857142857,37588.28571428572,5542.85242023233,-4.676296736735342,-3.8633523161352246,9.660352352430523,0.16401675230332263,1
2021-09-14,25404.0,27254.0,31222.0,30941.0,32962.28571428572,37192.78571428572,6367.547348719919,-6.787994422837018,-1.9992507550085075,-2.1116976861016763,0.19317089333604673,1
2021-09-15,27176.0,25404.0,37875.0,41965.0,31433.85714285714,36136.42857142857,6275.18444427089,6.975279483545904,-4.046881198581856,13.763273906382922,0.1996250345835207,1
2021-09-16,30570.0,27176.0,43263.0,47092.0,29620.571428571428,34956.28571428572,3513.5269961218933,12.488960847806885,-4.2949928737890755,5.5136813642609805,0.1186137948351021,1
2021-09-17,34403.0,30570.0,34973.0,45352.0,29539.14285714286,34174.21428571428,3372.58429244107,12.538436375531559,0.23362238277995573,0.049475527724673896,0.11416953224468152,2
2021-09-18,35662.0,34403.0,33376.0,42618.0,29865.714285714286,33677.357142857145,3878.730750927616,3.6595645728570103,1.408757290143302,-8.87887180267455,0.12986801004698642,2
2021-09-19,30773.0,35662.0,28591.0,42766.0,30177.428571428572,32820.71428571428,3846.761055634174,-13.709270371824356,1.498382821192089,-17.368834944681367,0.12746724192511785,2
2021-09-20,30256.0,30773.0,27254.0,38948.0,30606.285714285714,32199.85714285714,3627.6193623630315,-1.680044194586161,1.926418898641972,12.029226177238195,0.11852143297600115,2
2021-09-21,26115.0,30256.0,25404.0,31222.0,30707.85714285714,31835.071428571428,3463.9425240063797,-13.686541512427286,0.940912171557648,-12.006497317841125,0.11279946068628251,2
2021-09-22,26964.0,26115.0,27176.0,37875.0,30677.571428571428,31055.714285714286,3500.700351712046,3.2510051694428554,0.40887298382864096,16.937546681870142,0.11410897537594562,2
2021-09-23,31923.0,26964.0,30570.0,43263.0,30870.85714285714,30245.714285714286,3530.9919016644053,18.391188251001346,1.2520483271421354,15.14018308155849,0.11437575281995548,2
2021-09-24,31382.0,31923.0,34403.0,34973.0,30439.285714285714,29989.214285714286,3196.062145545865,-1.6947028788021123,-0.7812572806198176,-20.085891129803457,0.10499448577928241,1
2021-09-25,29616.0,31382.0,35662.0,33376.0,29575.571428571428,29720.64285714286,2216.1497285030205,-5.62742973679179,-2.107970753426789,-3.9327268579896772,0.07492923017987763,1
2021-09-26,28326.0,29616.0,30773.0,28591.0,29226.0,29701.714285714286,2188.6110511988845,-4.355753646677474,-0.7717540784058059,1.2716760901143154,0.07488319195260836,1
2021-09-27,26041.0,28326.0,30256.0,27254.0,28623.85714285714,29615.071428571428,2425.056798569325,-8.066793758384527,-1.684146873234144,-3.711040111707053,0.0847185642348073,1
2021-09-28,18795.0,26041.0,26115.0,25404.0,27578.14285714286,29143.0,4433.637386648549,-27.825352329019626,-3.703976989890193,-19.7585585706351,0.16076052144239353,1
2021-09-29,18870.0,18795.0,26964.0,27176.0,26421.85714285714,28549.714285714286,5538.327768946896,0.3990422984836428,-4.11140025717008,28.22439462750327,0.20960366772614766,1
2021-09-30,23529.0,18870.0,31923.0,30570.0,25222.714285714286,28046.785714285714,5034.528965539901,24.689984101748806,-3.2115722784918717,24.290941803265163,0.19959506789970496,1
2021-10-01,26727.0,23529.0,31382.0,34403.0,24557.714285714286,27498.5,4345.675847497974,13.591737855412479,-1.0277950307469297,-11.098246246336327,0.17695046234671324,1
2021-10-02,24354.0,26727.0,29616.0,35662.0,23806.0,26690.785714285714,3737.4036442561305,-8.878662027163543,-1.492256786514323,-22.47039988257602,0.1569875937436943,1
2021-10-03,22842.0,24354.0,28326.0,30773.0,23022.571428571428,26124.285714285714,3162.585696200759,-6.208425720620847,-1.7569242256490905,2.670236306542696,0.13736295022743966,1
2021-10-04,20799.0,22842.0,26041.0,30256.0,22273.714285714286,25448.785714285714,2941.641815641099,-8.944050433412132,-1.882246607795891,-2.735624712791285,0.1320619325531685,1
2021-10-05,18346.0,20799.0,18795.0,26115.0,22209.571428571428,24893.85714285714,3033.5959331812805,-11.793836242127021,0.40796997604590957,-2.8497858087148895,0.13658342573207716,2
2021-10-06,18833.0,18346.0,18870.0,26964.0,22204.285714285714,24313.071428571428,3040.409167342716,2.654529597732469,0.7301824473671704,14.448365839859491,0.136922767239454,2
2021-10-07,22431.0,18833.0,23529.0,31923.0,22047.428571428572,23635.071428571428,2988.5567786387146,19.104762916157814,-0.06770629343154257,16.450233318425344,0.13554511465326977,1
2021-10-08,21257.0,22431.0,26727.0,31382.0,21266.0,22911.85714285714,2161.8203749232907,-5.233828184209354,-2.7570728705203758,-24.338591100367168,0.10165140240387881,1
2021-10-09,19740.0,21257.0,24354.0,29616.0,20606.85714285714,22206.428571428572,1722.0361425623207,-7.136472691348727,-2.508188679689688,-1.9026445071393727,0.0835621156835898,1
2021-10-10,18166.0,19740.0,22842.0,28326.0,19938.85714285714,21480.714285714286,1614.0426913884744,-7.973657548125635,-2.7603646550475145,-0.8371848567769078,0.0809455494001198,1
2021-10-11,18132.0,18166.0,20799.0,26041.0,19557.85714285714,20915.785714285714,1690.1460912077155,-0.18716283166354541,-1.509380711940574,7.786494716462089,0.08641333585408152,1
2021-10-12,14313.0,18132.0,18346.0,18795.0,18981.714285714286,20595.64285714286,2609.466977155119,-21.062210456651222,-2.833434171158317,-20.875047624987676,0.13746542975252546,1
2021-10-13,15823.0,14313.0,18833.0,18870.0,18551.714285714286,20378.0,2872.7735561410454,10.549849786907007,-1.705531286990526,31.61206024355823,0.15484384181742616,1
2021-10-14,18987.0,15823.0,22431.0,23529.0,18059.714285714286,20053.571428571428,2343.8975883906473,19.9962080515705,-1.578181981931571,9.446358264663491,0.12977878678057767,1
2021-10-15,16862.0,18987.0,21257.0,26727.0,17431.85714285714,19348.928571428572,1889.24971252938,-11.191868120292837,-2.4293305442292117,-31.188076171863337,0.10837292458990135,1
2021-10-16,15981.0,16862.0,19740.0,24354.0,16894.85714285714,18750.85714285714,1641.8722472508587,-5.224765745463166,-2.1562295519598456,5.96710237482967,0.09717602565934177,1
2021-10-17,14146.0,15981.0,18166.0,22842.0,16320.57142857143,18129.714285714286,1816.8768860740076,-11.482385332582446,-2.657476378310818,-6.2576195871192795,0.11131752196933115,1
2021-10-18,13596.0,14146.0,18132.0,20799.0,15672.57142857143,17615.214285714286,1871.2267684998174,-3.8880248833592534,-3.186170957124491,7.594360449223192,0.11938738895774252,1
2021-10-19,13058.0,13596.0,14313.0,18346.0,15493.285714285714,17237.5,2072.4978258608544,-3.9570461900559017,-0.7425760618965881,-0.0690213066966483,0.13375884917044054,1
2021-10-20,14623.0,13058.0,15823.0,18833.0,15321.857142857143,16936.785714285714,2090.23343424284,11.98499004441722,-0.5375560251094148,15.942036234473122,0.1364127730719735,1
2021-10-21,18454.0,14623.0,18987.0,22431.0,15245.714285714286,16652.714285714286,1938.6815721510527,26.198454489502844,0.3484791803094914,14.213464445085624,0.12715405665911503,2
2021-10-22,15786.0,18454.0,16862.0,21257.0,15092.0,16261.92857142857,1828.7085607342983,-14.45757017448791,-0.11804968457551926,-40.656024663990756,0.12116269533785849,1
2021-10-23,16326.0,15786.0,15981.0,19740.0,15141.285714285714,16018.07142857143,1861.0248712823422,3.420752565564422,1.1170243598569933,17.878322740052333,0.12290250668870897,2
2021-10-24,15906.0,16326.0,14146.0,18166.0,15392.714285714286,15856.642857142857,1822.6428352435587,-2.5725836089672938,2.3898531775163008,-5.993336174531716,0.11840175810817875,2
2021-10-25,14306.0,15906.0,13596.0,18132.0,15494.142857142857,15583.357142857143,1723.0260617955078,-10.059097196026656,1.5082714185638146,-7.4865135870593615,0.11119781712765801,2
2021-10-26,12428.0,14306.0,13058.0,14313.0,15404.142857142857,15448.714285714286,1880.7202901087066,-13.12735915000699,0.19822670999937358,-3.0682619539803344,0.12208392402130037,2
2021-10-27,13451.0,12428.0,14623.0,15823.0,15236.714285714286,15279.285714285714,2009.6023416416028,8.231412938525917,-0.3379985908422411,21.35877208853291,0.1318834507564991,1
2021-10-28,16156.0,13451.0,18454.0,18987.0,14908.42857142857,15077.07142857143,1525.9296464179713,20.11002899412684,-1.2077736616102415,11.878616055600922,0.10234662174391851,1
2021-10-29,14348.0,16156.0,15786.0,16862.0,14703.0,14897.5,1484.3242009198711,-11.190888833869773,-0.7411048986647931,-31.300917827996614,0.10094696687431115,1
2021-10-30,14313.0,14348.0,16326.0,15981.0,14415.42857142857,14778.357142857143,1301.1789343325643,-0.24393643713409574,-1.2646318990502956,10.946952396735677,0.09025667681046376,1
2021-10-31,12830.0,14313.0,15906.0,14146.0,13976.0,14684.357142857143,1231.4285742326824,-10.361210088730521,-2.3772928247307568,-10.117273651596426,0.08810392603796827,1
2021-11-01,12514.0,12830.0,14306.0,13596.0,13720.0,14607.07142857143,1333.434787845604,-2.462977396726418,-1.2921328534021512,7.898232692004104,0.09718204123938518,1
2021-11-02,10423.0,12514.0,12428.0,13058.0,13433.57142857143,14418.857142857143,1793.2719497661058,-16.709285600127856,-1.8038366319908463,-14.246308203401439,0.13348188733079625,1
2021-11-03,11903.0,10423.0,13451.0,14623.0,13212.42857142857,14224.57142857143,1883.9215179561033,14.199366784994716,-0.9512717967810177,30.908652385122572,0.1425762819825364,1
2021-11-04,12885.0,11903.0,16156.0,18454.0,12745.142857142857,13826.785714285714,1366.8130119470475,8.250021003108454,-2.6455586526407875,-5.949345781886262,0.10723346091959846,1
2021-11-05,12729.0,12885.0,14348.0,15786.0,12513.857142857143,13608.42857142857,1173.7209249339737,-1.2107101280558807,-1.2198188375245174,-9.460731131164335,0.09378620239415798,1
2021-11-06,10929.0,12729.0,14313.0,16326.0,12030.42857142857,13222.92857142857,992.0231612645039,-14.140938015555026,-3.205104777298936,-12.930227887499145,0.08245264935705922,1
2021-11-07,10853.0,10929.0,12830.0,15906.0,11748.0,12862.0,1007.7468267233885,-0.6953975661085132,-1.8242744169243632,13.445540449446513,0.0857729872094126,1
2021-11-08,11451.0,10853.0,12514.0,14306.0,11596.142857142857,12658.07142857143,951.608362875682,5.509997235787334,-0.6852780408509703,6.205394801895848,0.08205541438937884,1
2021-11-09,10126.0,11451.0,10423.0,12428.0,11553.714285714286,12493.642857142857,1017.0058529164827,-11.571041830407825,0.04875678339474833,-17.08103906619516,0.08801652968380722,2
2021-11-10,11466.0,10126.0,11903.0,13451.0,11491.285714285714,12351.857142857143,1005.3372095304192,13.233260912502477,-0.08925834124700012,24.804302742910302,0.08747930868797621,1
2021-11-11,13091.0,11466.0,12885.0,16156.0,11520.714285714286,12132.92857142857,1054.7354667718332,14.172335600907026,0.756786601295653,0.9390746884045491,0.09154327564602034,2
2021-11-12,12516.0,13091.0,12729.0,14348.0,11490.285714285714,12002.07142857143,1016.444737733641,-4.39233060881522,0.30226938975860457,-18.564666209722247,0.08845352582870855,2
2021-11-13,11850.0,12516.0,10929.0,14313.0,11621.857142857143,11826.142857142857,990.970471959142,-5.32118887823586,1.562233552232771,-0.9288582694206404,0.08526048800041781,2
2021-11-14,11271.0,11850.0,10853.0,12830.0,11681.57142857143,11714.785714285714,948.6071996100608,-4.886075949367086,0.9635652117672606,0.43511292886877406,0.0811984934489768,2
2021-11-15,10229.0,11271.0,11451.0,12514.0,11507.0,11551.57142857143,1098.6816342498093,-9.24496495430751,-1.1442865296748599,-4.3588890049404245,0.09547111872174222,1
2021-11-16,8865.0,10229.0,10126.0,10423.0,11326.857142857143,11440.285714285714,1419.416010064839,-13.334636816893141,-1.3962286706013336,-4.0896718625856305,0.1253031347557081,1
2021-11-17,10197.0,8865.0,11466.0,11903.0,11145.57142857143,11318.42857142857,1478.491106664362,15.025380710659908,-1.1402115565788435,28.360017527553048,0.13264088568746998,1
2021-11-18,11919.0,10197.0,13091.0,12885.0,10978.142857142857,11249.42857142857,1273.6357968280704,16.88731979994116,-0.7523566710025388,1.8619390892812522,0.11600503002831984,1
2021-11-19,11106.0,11919.0,12516.0,12729.0,10776.714285714286,11133.5,1087.8279144852786,-6.8210420337276645,-1.0993154459900307,-23.708361833668825,0.10093308150942354,1
2021-11-20,10302.0,11106.0,11850.0,10929.0,10555.57142857143,11088.714285714286,985.8414100752726,-7.239330091842245,-1.3733356193623714,-0.41828805811458025,0.09338651443280974,1
2021-11-21,10488.0,10302.0,11271.0,10853.0,10443.714285714286,11062.642857142857,934.2058507275237,1.80547466511356,-0.4173998172937075,9.044804756955806,0.08944293019152087,1
2021-11-22,8488.0,10488.0,10229.0,11451.0,10195.0,10851.0,1195.9757523064895,-19.069412662090013,-1.820892346976922,-20.874887327203574,0.11729852415716845,1
2021-11-23,7579.0,8488.0,8865.0,10126.0,10011.285714285714,10669.07142857143,1495.573882561605,-10.709236569274271,-1.4458351687456548,8.360176092815742,0.14937387178511022,1
2021-11-24,9283.0,7579.0,10197.0,11466.0,9880.714285714286,10513.142857142857,1516.4110826335263,22.483177200158334,-0.38043567024587993,33.192413769432605,0.15345627679457993,1
2021-11-25,9119.0,9283.0,11919.0,13091.0,9480.714285714286,10229.42857142857,1231.7071776741261,-1.766670257459868,-3.045291392731741,-24.249847457618202,0.12990342680224917,1
2021-11-26,10549.0,9119.0,11106.0,12516.0,9401.142857142857,10088.92857142857,1122.34686095516,15.681544028950544,0.16936375907943152,17.448214286410412,0.11937138990634537,2
2021-11-27,8318.0,10549.0,10302.0,11850.0,9117.714285714286,9836.642857142857,1107.3472377115747,-21.148924068632102,-1.817721094747691,-36.830468097582646,0.12143677310368038,1
2021-11-28,8774.0,8318.0,10488.0,11271.0,8872.857142857143,9658.285714285714,928.9850068557619,5.4820870401538935,-1.292490755456215,26.631011108785994,0.10468784789977514,1
2021-11-29,8309.0,8774.0,8488.0,10229.0,8847.285714285714,9521.142857142857,943.6914599243969,-5.299749259174835,0.6746040163888106,-10.781836299328727,0.10665246245391809,2
2021-11-30,6990.0,8309.0,7579.0,8865.0,8763.142857142857,9387.214285714286,1090.4680079196185,-15.874353111084371,-0.06326977529834668,-10.574603851909536,0.1244238056926328,1
2021-12-01,8954.0,6990.0,9283.0,10197.0,8716.142857142857,9298.42857142857,1071.2480927853276,28.097281831187402,0.7387451719915202,43.97163494227178,0.12288981726478684,2
2021-12-02,9765.0,8954.0,9119.0,11919.0,8808.42857142857,9144.57142857143,1137.513788555244,9.057404511949962,2.2850415676214957,-19.03987731923744,0.1291245827504088,2
2021-12-03,9216.0,9765.0,10549.0,11106.0,8618.0,9009.57142857143,879.991477291552,-5.622119815668203,-0.7583389816097537,-14.679524327618164,0.10209902277428379,1
2021-12-04,8603.0,9216.0,8318.0,10302.0,8658.714285714286,8888.214285714286,870.3381937697104,-6.651475694444442,1.3127250718456263,-1.0293558787762391,0.10050426204077952,2
2021-12-05,8895.0,8603.0,8774.0,10488.0,8676.0,8774.42857142857,874.2024937654564,3.3941648262234114,1.0144504698555574,10.045640520667853,0.10074939423365868,2
2021-12-06,8306.0,8895.0,8309.0,8488.0,8675.57142857143,8761.42857142857,874.41310935966,-6.621697582911745,0.8256007093217131,-10.015862409135156,0.10077864471676796,2
2021-12-07,6822.0,8306.0,6990.0,7579.0,8651.57142857143,8707.357142857143,928.9899277279808,-17.86660245605586,0.5409936600400721,-11.244904873144113,0.1073657623513384,2
2021-12-08,8439.0,6822.0,8954.0,9283.0,8578.0,8647.07142857143,921.409065926992,23.70272647317502,-0.0867999625331254,41.56932892923088,0.1074028518390246,1
2021-12-09,9419.0,8439.0,9765.0,9119.0,8528.57142857143,8668.5,853.9299068542407,11.612750325867992,0.2782494394551647,-12.089976147307027,0.10011404605791087,2
2021-12-10,8503.0,9419.0,9216.0,10549.0,8426.714285714286,8522.357142857143,799.0253885418296,-9.725023887886186,-0.3078797137188329,-21.33777421375418,0.09480926398943633,1
2021-12-11,7992.0,8503.0,8603.0,8318.0,8339.42857142857,8499.07142857143,809.8577771149123,-6.00964365518053,-0.21618942239541689,3.715380232705656,0.09710025931871241,1
2021-12-12,7774.0,7992.0,8895.0,8774.0,8179.285714285715,8427.642857142857,792.3327824854875,-2.7277277277277245,-1.0907455015312935,3.2819159274528054,0.09685881522472865,1
2021-12-13,7350.0,7774.0,8306.0,8309.0,8042.714285714285,8359.142857142857,847.3334083275132,-5.454077694880366,-0.9239426603839538,-2.726349967152642,0.10534106237865579,1
2021-12-14,5784.0,7350.0,6822.0,6990.0,7894.428571428572,8273.0,1137.6561954974352,-21.306122448979593,-1.4153026593730587,-15.852044754099227,0.14409049302457203,1
2021-12-15,6984.0,5784.0,8439.0,8954.0,7686.571428571428,8132.285714285715,1154.3728250239558,20.746887966804973,-1.837565303140208,42.05301041578457,0.15016092347885623,1
2021-12-16,7974.0,6984.0,9419.0,9765.0,7480.142857142857,8004.357142857143,892.4196376313489,14.175257731958757,-1.471492816555813,-6.571630234846216,0.11928921217956467,1
2021-12-17,7447.0,7974.0,8503.0,9216.0,7329.285714285715,7878.0,771.7980553237755,-6.608979182342612,-1.026343572906731,-20.784236914301367,0.10528894580734387,1
2021-12-18,7145.0,7447.0,7992.0,8603.0,7208.285714285715,7773.857142857143,714.8796436242122,-4.055324291661067,-0.7471550924039505,2.5536548906815453,0.09916095324223691,1
2021-12-19,7081.0,7145.0,7774.0,8895.0,7109.285714285715,7644.285714285715,670.0596278454055,-0.8957312806158191,-0.4854413142451069,3.1595930110452475,0.09423807351357869,1
2021-12-20,6563.0,7081.0,7350.0,8306.0,6996.857142857143,7519.785714285715,688.7044428710161,-7.315350939132892,-0.7513374919954676,-6.419619658517073,0.098416476474372,1
2021-12-21,5326.0,6563.0,5784.0,6822.0,6931.428571428572,7412.928571428572,830.3270153905917,-18.848087764741738,-0.400189679961488,-11.532736825608847,0.11977433403536468,1
2021-12-22,6317.0,5326.0,6984.0,8439.0,6836.142857142857,7261.357142857143,860.9936950777743,18.60683439729629,-0.7059116184627285,37.45492216203803,0.12592887307865483,1
2021-12-23,7495.0,6317.0,7974.0,9419.0,6767.714285714285,7123.928571428572,769.6814740755669,18.648092448947295,-0.06693523032150901,0.041258051651006156,0.11371162108290177,1
2021-12-24,6650.0,7495.0,7447.0,8503.0,6653.857142857143,6991.571428571428,709.0064477589455,-11.274182788525689,-0.7333928883476626,-29.922275237472984,0.10653969462288808,1
2021-12-25,7189.0,6650.0,7145.0,7992.0,6660.142857142857,6934.214285714285,714.2619568223942,8.105263157894726,1.0038338901603077,19.379445946420415,0.10722813969625031,2
2021-12-26,6987.0,7189.0,7081.0,7774.0,6646.714285714285,6878.0,705.8651227643918,-2.809848379468638,0.7303885903241907,-10.915111537363364,0.10618162761315904,2
2021-12-27,6531.0,6987.0,6563.0,7350.0,6642.142857142857,6819.5,706.6008842553412,-6.526406182911115,0.8430949840701586,-3.7165578034424773,0.1063654507287297,2
2021-12-28,6358.0,6531.0,5326.0,5784.0,6789.571428571428,6860.5,445.73305070132403,-2.6489052212524844,3.1572639188543374,3.877500961658631,0.06563999147787412,2
2021-12-29,9195.0,6358.0,6317.0,6984.0,7200.714285714285,7018.428571428572,963.635601010543,44.620949984271775,6.873566145565121,47.26985520552426,0.13380641924688172,2
2021-12-30,13154.0,9195.0,7495.0,7974.0,8009.142857142857,7388.428571428572,2461.424751973913,43.056008700380644,10.360411324341314,-1.5649412838911303,0.30728849608206366,2
2021-12-31,16764.0,13154.0,6650.0,7447.0,9454.0,8053.928571428572,4011.2059699595006,27.444123460544322,15.891597931351315,-15.611885239836322,0.4242417736604443,2
2022-01-01,22775.0,16764.0,7189.0,7145.0,11680.57142857143,9170.357142857143,6247.054155292081,35.8565974707707,19.856074261762167,8.41247401022638,0.5347785778215329,2
2022-01-02,27553.0,22775.0,6987.0,7081.0,14618.57142857143,10632.642857142857,8201.98737822024,20.979143798024147,23.25450171568971,-14.877453672746555,0.5610278945791031,3
2022-01-03,33750.0,27553.0,6531.0,6563.0,18507.0,12574.57142857143,9986.651023579834,22.491198780532073,27.399873853324447,1.5120549825079266,0.5395856399167838,3
2022-01-04,37379.0,33750.0,6358.0,5326.0,22938.571428571428,14864.07142857143,10563.15607599423,10.752592592592602,29.314373541016607,-11.738606187939471,0.46047748140742206,3
2022-01-05,58097.0,37379.0,9195.0,6317.0,29924.571428571428,18562.64285714286,15138.700790330196,55.426843949811385,30.858072678950837,44.67425135721878,0.5058784199481159,3
2022-01-06,90928.0,58097.0,13154.0,7495.0,41035.142857142855,24522.14285714286,25661.690704425837,56.510663201198,32.7801661790676,1.0838192513866147,0.6253436341168965,3
2022-01-07,117100.0,90928.0,16764.0,6650.0,55368.857142857145,32411.428571428572,35846.24754619293,28.783213091676927,32.97146469780083,-27.727450109521072,0.6473964246233781,3
2022-01-08,141986.0,117100.0,22775.0,7189.0,72399.0,42039.78571428572,44943.87301957941,21.251921434671228,30.885082406929477,-7.531291657005699,0.6207717267897709,3
2022-01-09,159632.0,141986.0,27553.0,6987.0,91267.42857142857,52943.0,50375.29111200369,12.427985857760614,29.66348841546326,-8.823935576910614,0.5519465153558434,3
2022-01-10,179723.0,159632.0,33750.0,6531.0,112120.71428571429,65313.857142857145,52754.36250432903,12.585822391500457,28.2484346456016,0.15783653373984308,0.4705097744929021,3
2022-01-11,168063.0,179723.0,37379.0,6358.0,130789.85714285714,76864.21428571429,44350.110467463826,-6.487761722205843,25.785526886344677,-19.0735841137063,0.33909182519556497,3
2022-01-12,194720.0,168063.0,58097.0,9195.0,150307.42857142858,90116.0,36372.73776634216,15.861313912044883,20.133308309520892,22.349075634250724,0.24198734636532604,3
2022-01-13,247417.0,194720.0,90928.0,13154.0,172663.0,106849.07142857143,41520.69288118118,27.062962202136397,15.926493881083521,11.201648290091514,0.24047104712725978,2
2022-01-14,264202.0,247417.0,117100.0,16764.0,193677.57142857142,124523.21428571429,45725.018115021834,6.784093251474221,12.783762475340279,-20.278868950662176,0.23608713022692449,2
2022-01-15,268833.0,264202.0,141986.0,22775.0,211798.57142857142,142098.7857142857,46943.91882824017,1.7528254895875062,9.998177340328317,-5.031267761886715,0.22164312473159004,2
2022-01-16,271202.0,268833.0,159632.0,27553.0,227737.14285714287,159502.2857142857,45187.64364081776,0.8812162197349371,8.348638820610363,-0.871609269852569,0.19841930330117505,2
2022-01-17,258089.0,271202.0,179723.0,33750.0,238932.2857142857,175526.5,40804.61080856065,-4.83514133376598,5.859929717000872,-5.7163575535009175,0.17077826007613872,2
2022-01-18,238018.0,258089.0,168063.0,37379.0,248925.85714285713,189857.85714285713,26675.13683456678,-7.776774678502374,5.675785008958511,-2.9416333447363936,0.10716054161748458,2
2022-01-19,282970.0,238018.0,194720.0,58097.0,261533.0,205920.2142857143,15152.150056455064,18.885966607567497,6.107878251176027,26.66274128606987,0.05793567970686436,2
2022-01-20,317532.0,282970.0,247417.0,90928.0,271549.4285714286,222106.2142857143,24535.18074016113,12.214015620030395,3.9866001680180267,-6.671950987537102,0.09035220776205624,2
2022-01-21,347254.0,317532.0,264202.0,117100.0,283414.0,238545.7857142857,37201.4148610863,9.360316440547734,4.354632052171386,-2.8536991794826605,0.13126127714159905,2
2022-01-22,337704.0,347254.0,268833.0,141986.0,293252.71428571426,252525.64285714287,41554.91959128397,-2.7501483064269916,3.711350081312172,-12.110464746974726,0.14170296083887762,2
2022-01-23,333533.0,337704.0,271202.0,159632.0,302157.14285714284,264947.14285714284,42704.63193623732,-1.2351052993153755,3.409018435733556,1.515043007111616,0.14133205722153122,2
2022-01-24,306064.0,333533.0,258089.0,179723.0,309010.71428571426,273971.5,38049.47603981866,-8.235766775701359,2.923214801171359,-7.000661476385984,0.1231327949096385,2
2022-01-25,255874.0,306064.0,238018.0,168063.0,311561.5714285714,280243.71428571426,32722.501380839134,-16.3985310261906,1.6915353229301837,-8.162764250489241,0.1050270615972916,2
2022-01-26,285914.0,255874.0,282970.0,194720.0,311982.14285714284,286757.5714285714,32310.097443515937,11.740153356730264,0.6707048585248648,28.138684382920864,0.1035636000958896,2
2022-01-27,286384.0,285914.0,317532.0,247417.0,307532.4285714286,289540.9285714286,33539.82380125186,0.16438509481873087,-1.0506709307910873,-11.575768261911534,0.10906074164702328,1
2022-01-28,251209.0,286384.0,347254.0,264202.0,293811.71428571426,288612.85714285716,34220.4569651655,-12.282459913961674,-4.142496124292431,-12.446845008780404,0.1164703067678966,1
2022-01-29,235532.0,251209.0,337704.0,268833.0,279215.71428571426,286234.21428571426,34168.52325710638,-6.240620359939331,-4.641134989079908,6.041839554022343,0.1223727717895238,1
2022-01-30,234281.0,235532.0,333533.0,271202.0,265036.85714285716,283597.0,27887.897556876847,-0.5311380194623183,-4.5405682348151855,5.709482340477012,0.10522231751158886,1
2022-01-31,209918.0,234281.0,306064.0,258089.0,251301.7142857143,280156.21428571426,27990.15272504669,-10.399050712605806,-4.849608797230107,-9.867912693143488,0.11138022446197604,1
2022-02-01,167059.0,209918.0,255874.0,238018.0,238613.85714285713,275087.71428571426,42130.252350809336,-20.417019979229988,-5.423678647664305,-10.017969266624181,0.17656173155046348,1
2022-02-02,161386.0,167059.0,285914.0,282970.0,220824.14285714287,266403.14285714284,45020.865242050684,-3.3958062720356286,-7.585958594630861,17.02121370719436,0.2038756305534274,1
2022-02-03,172433.0,161386.0,286384.0,317532.0,204545.42857142858,256038.92857142858,37304.82969115065,6.845079498841278,-6.631573679770497,10.240885770876906,0.18237829891086865,1
2022-02-04,149394.0,172433.0,251209.0,347254.0,190000.42857142858,241906.07142857142,35900.77508382092,-13.361131569943108,-6.785669630624988,-20.206211068784384,0.18895002713268805,1
2022-02-05,127952.0,149394.0,235532.0,337704.0,174631.85714285713,226923.7857142857,36186.384379711795,-14.352651378234738,-7.94453120466719,-0.9915198082916294,0.2072140659653171,1
2022-02-06,107474.0,127952.0,234281.0,333533.0,156516.57142857142,210776.7142857143,32943.73735050592,-16.004439164686758,-10.15500279684211,-1.6517877864520205,0.21047948195094615,1
2022-02-07,83876.0,107474.0,209918.0,306064.0,138510.57142857142,194906.14285714287,33334.583582506784,-21.956938422316096,-11.806129612515008,-5.952499257629338,0.24066280700379597,1
2022-02-08,67597.0,83876.0,167059.0,255874.0,124301.71428571429,181457.7857142857,39723.30815660819,-19.40841241833182,-11.662042818100984,2.548526003984275,0.31956911307103664,1
2022-02-09,71365.0,67597.0,161386.0,285914.0,111441.57142857143,166132.85714285713,40284.43830586631,5.574211873307977,-10.38061165448047,24.982624291639798,0.36148159351910164,1
2022-02-10,67084.0,71365.0,172433.0,286384.0,96391.71428571429,150468.57142857142,32657.74079099072,-5.9987388776010615,-12.215442851115087,-11.572950750909039,0.33879885044206814,1
2022-02-11,58077.0,67084.0,149394.0,251209.0,83346.42857142857,136673.42857142858,25385.97672507073,-13.426450420368496,-12.224774115461573,-7.427711542767435,0.30458020313506134,1
2022-02-12,50407.0,58077.0,127952.0,235532.0,72268.57142857143,123450.21428571429,18721.660386279116,-13.206605024364205,-12.061053207765783,0.21984539600429187,0.25905315357768394,1
2022-02-13,44877.0,50407.0,107474.0,234281.0,63326.142857142855,109921.35714285714,13254.62302279174,-10.970698514095268,-11.341947400538427,2.2359065102689364,0.20930397969623088,1
2022-02-14,34113.0,44877.0,83876.0,209918.0,56217.142857142855,97363.85714285714,13732.298356174457,-23.98556053212113,-11.631750559082004,-13.014862018025863,0.24426808959288995,1
2022-02-15,27409.0,34113.0,67597.0,167059.0,50476.0,87388.85714285714,16335.743050138182,-19.652331955559465,-11.666596207257381,4.333228576561666,0.32362745508128815,1
2022-02-16,30615.0,27409.0,71365.0,161386.0,44654.57142857143,78048.07142857143,14843.768567511943,11.696887883541907,-10.79192820579539,31.349219839101373,0.33240574675559154,1
2022-02-17,30757.0,30615.0,67084.0,172433.0,39465.0,67928.35714285714,11715.84721649033,0.46382492242365014,-9.868704805791861,-11.233062961118257,0.2968592514186979,1
2022-02-18,25920.0,30757.0,58077.0,149394.0,34871.142857142855,59108.78571428572,9245.740216067292,-15.726501284260497,-10.197283500633574,-16.190326206684148,0.2651325516170134,1
2022-02-19,22270.0,25920.0,50407.0,127952.0,30851.571428571428,51560.07142857143,7271.285256807323,-14.081790123456795,-10.322309943361088,1.644711160803702,0.23567841901416536,1
2022-02-20,19968.0,22270.0,44877.0,107474.0,27293.14285714286,45309.642857142855,5005.532253717727,-10.336775931746745,-10.231749574454156,3.74501419171005,0.18339217611326392,1
2022-02-21,16051.0,19968.0,34113.0,83876.0,24712.85714285714,40465.0,5531.761667227717,-19.616386217948723,-9.607581815286668,-9.279610286201978,0.22383238825294094,1
2022-02-22,13405.0,16051.0,27409.0,67597.0,22712.285714285714,36594.142857142855,6784.599809243177,-16.484954208460532,-9.155099279986823,3.13143200948819,0.298706223951383,1
2022-02-23,15102.0,13405.0,30615.0,71365.0,20496.14285714286,32575.35714285714,6288.472242366379,12.659455427079447,-9.01758963091003,29.14440963553998,0.30679750276390194,1
2022-02-24,14148.0,15102.0,30757.0,67084.0,18123.428571428572,28794.214285714286,4705.929162861566,-6.317044100119185,-9.986285205559005,-18.976499527198634,0.25964565692735897,1
2022-02-25,13166.0,14148.0,25920.0,58077.0,16301.42857142857,25586.285714285714,3498.247173352966,-6.940910376024878,-8.731200790096775,-0.6238662759056925,0.21458441961732927,1
2022-02-26,11499.0,13166.0,22270.0,50407.0,14762.714285714286,22807.14285714286,2716.995381836439,-12.66140057724442,-8.52828799778072,-5.720490201219542,0.18403196710908087,1
2022-02-27,10273.0,11499.0,19968.0,44877.0,13377.714285714286,20335.428571428572,1996.9703481994948,-10.661796677972003,-8.574719532955758,1.999603899272417,0.1492647429007321,1
2022-02-28,8013.0,10273.0,16051.0,34113.0,12229.42857142857,18471.14285714286,2460.7290828548616,-21.999415944709433,-8.915152351064432,-11.33761926673743,0.2011972898973758,1
2022-03-01,6915.0,8013.0,13405.0,27409.0,11302.285714285714,17007.285714285714,3086.938921475861,-13.702733058779481,-8.51769218682428,8.296682885929952,0.2731010256225248,1
2022-03-02,7554.0,6915.0,15102.0,30615.0,10224.0,15360.07142857143,2847.4569941431264,9.240780911062906,-9.00607426054093,22.943513969842385,0.2784799016276896,1
2022-03-03,6561.0,7554.0,14148.0,30757.0,9140.142857142857,13631.785714285714,2531.2920567078745,-13.14535345512311,-9.98154702554149,-22.386134366186017,0.27691198970049263,1
2022-03-04,6396.0,6561.0,13166.0,25920.0,8173.0,12237.214285714286,1967.2262198746914,-2.5148605395518997,-9.349254191759638,10.63049291557121,0.2406687325513447,1
2022-03-05,5921.0,6396.0,11499.0,22270.0,7376.142857142857,11069.42857142857,1459.6936241394653,-7.4265165728580325,-8.601413619704438,-4.911656033306133,0.1978670675634442,1
2022-03-06,5476.0,5921.0,10273.0,19968.0,6690.857142857143,10034.285714285714,886.5362239377504,-7.51562236108766,-8.151960145863818,-0.08910578822962734,0.13247984901830054,1
2022-03-07,4362.0,5476.0,8013.0,16051.0,6169.285714285715,9199.357142857143,1039.7864708321308,-20.343316289262237,-7.915374480799932,-12.827693928174577,0.16851512538953778,1
2022-03-08,3993.0,4362.0,6915.0,13405.0,5751.857142857143,8527.07142857143,1254.8133233092292,-8.459422283356254,-7.1663300843109,11.883894005905983,0.21812002143443268,1
2022-03-09,4575.0,3993.0,7554.0,15102.0,5326.285714285715,7775.142857142857,1026.0633045412103,14.575507137490607,-6.404226337678372,23.03492942084686,0.19260527022038754,1
2022-03-10,4184.0,4575.0,6561.0,14148.0,4986.714285714285,7063.428571428572,938.9685324472945,-8.54644808743169,-5.747239856579597,-23.121955224922296,0.18825627906086562,1
2022-03-11,4194.0,4184.0,6396.0,13166.0,4672.142857142857,6422.571428571428,734.8009773775351,0.23900573613766518,-5.353830388623946,8.785453823569355,0.15723914287242438,1
2022-03-12,3614.0,4194.0,5921.0,11499.0,4342.571428571428,5859.357142857143,582.994527600659,-13.829279923700522,-6.268510867315729,-14.068285659838187,0.13422008528875556,1
2022-03-13,3116.0,3614.0,5476.0,10273.0,4005.4285714285716,5348.142857142857,493.871730188293,-13.779745434421697,-7.163385592077735,0.04953448927882498,0.12326982033581925,1
2022-03-14,2503.0,3116.0,4362.0,8013.0,3739.8571428571427,4954.571428571428,718.7844899705261,-19.672657252888314,-7.067577158310032,-5.892911818466617,0.19214433016855126,1
2022-03-15,2568.0,2503.0,3993.0,6915.0,3536.285714285714,4644.071428571428,828.5514900075528,2.59688373951259,-5.488104869328768,22.269540992400906,0.2342336912908554,1
2022-03-16,2876.0,2568.0,4575.0,7554.0,3293.5714285714284,4309.928571428572,714.5702339259063,11.993769470404981,-5.856924536055287,9.396885730892391,0.21689322857867246,1
2022-03-17,2539.0,2876.0,4184.0,6561.0,3058.5714285714284,4022.6428571428573,639.4794387205847,-11.717663421418633,-6.3099552980534215,-23.711432891823613,0.2090094817688795,1
2022-03-18,2528.0,2539.0,4194.0,6396.0,2820.5714285714284,3746.3571428571427,418.211213638753,-0.43324143363528966,-6.405990608020986,11.284421987783343,0.14821925449198883,1
2022-03-19,2075.0,2528.0,3614.0,5921.0,2600.714285714286,3471.6428571428573,325.9323625042654,-17.919303797468356,-6.990279732844962,-17.486062363833067,0.12527600140181516,1
2022-03-20,1761.0,2075.0,3116.0,5476.0,2407.1428571428573,3206.285714285714,368.48854756915966,-15.132530120481924,-7.183534687996422,2.7867736769864315,0.15301772753064705,1
2022-03-21,1549.0,1761.0,2503.0,4362.0,2270.8571428571427,3005.3571428571427,485.09567065652925,-12.03861442362294,-6.092957140958512,3.093915696858984,0.213523844217802,1
2022-03-22,1581.0,1549.0,2568.0,3993.0,2129.8571428571427,2833.0714285714284,526.0463949974277,2.0658489347966436,-6.168819255917933,14.104463358419583,0.24687079411249627,1
2022-03-23,1778.0,1581.0,2876.0,4575.0,1973.0,2633.285714285714,419.363406644807,12.46046805819101,-6.1021480290913575,10.394619123394367,0.21244346841175635,1
2022-03-24,1938.0,1778.0,2539.0,4184.0,1887.142857142857,2472.8571428571427,337.7530799611808,8.99887514060742,-3.1426425202304924,-3.461592917583589,0.17888110461740678,1
2022-03-25,1685.0,1938.0,2528.0,4194.0,1766.7142857142858,2293.6428571428573,188.4610612162686,-13.054695562435503,-4.945707395773381,-22.053570703042922,0.10661285182753194,1
2022-03-26,1660.0,1685.0,2075.0,3614.0,1707.4285714285713,2154.0714285714284,132.19286118084233,-1.4836795252225476,-2.597761071166836,11.571016037212956,0.07737687333940098,1
2022-03-27,1421.0,1660.0,1761.0,3116.0,1658.857142857143,2033.0,167.08623429254357,-14.397590361445777,-2.4927696770188157,-12.91391083622323,0.10066302091813452,1
2022-03-28,1270.0,1421.0,1549.0,2503.0,1619.0,1944.9285714285713,221.93392447515322,-10.626319493314561,-2.291013258403333,3.771270868131216,0.1369962496760205,1
2022-03-29,1259.0,1270.0,1581.0,2568.0,1573.0,1851.4285714285713,261.04661173751396,-0.8661417322834652,-2.7098690679862054,9.760177761031096,0.16584918153590467,1
2022-03-30,1233.0,1259.0,1778.0,2876.0,1495.142857142857,1734.0714285714287,270.80585239273853,-2.065131056393965,-4.784954655784058,-1.1989893241104999,0.18100267036657786,1
2022-03-31,1225.0,1233.0,1938.0,2539.0,1393.2857142857142,1640.2142857142858,201.7611746471026,-0.6488240064882356,-6.163197391083439,1.4163070499057295,0.14470576050509407,1
2022-04-01,1335.0,1225.0,1685.0,2528.0,1343.2857142857142,1555.0,155.48066845004973,8.979591836734691,-3.01544204834484,9.628415843222927,0.11566043349100406,1
2022-04-02,1260.0,1335.0,1660.0,2075.0,1286.142857142857,1496.7857142857142,69.3023065292841,-5.61797752808989,-3.6060560487544597,-14.597569364824581,0.05384196955660252,1
2022-04-03,1096.0,1260.0,1421.0,1761.0,1239.7142857142858,1449.2857142857142,72.68130155045162,-13.015873015873014,-3.4086678565297786,-7.397895487783124,0.05858020850353038,1
2022-04-04,913.0,1096.0,1270.0,1549.0,1188.7142857142858,1403.857142857143,141.01621039829877,-16.6970802919708,-4.275919399194955,-3.681207276097785,0.11852947559895428,1
2022-04-05,795.0,913.0,1259.0,1581.0,1122.4285714285713,1347.7142857142858,199.4273950109413,-12.924424972617743,-5.998531290671281,3.7726553193530563,0.17751675547769447,1
2022-04-06,1086.0,795.0,1233.0,1778.0,1101.4285714285713,1298.2857142857142,193.49492469018972,36.60377358490565,-0.4744020561999065,49.528198557523396,0.1755169719879912,1
2022-04-07,1033.0,1086.0,1225.0,1938.0,1074.0,1233.642857142857,186.54222086860761,-4.880294659300189,-1.0788978637444715,-41.484068244205844,0.173527647319635,1
2022-04-08,1109.0,1033.0,1335.0,1685.0,1041.7142857142858,1192.5,149.77507000560053,7.357212003872227,-1.3106664112962523,12.237506663172415,0.14363960680082252,1
2022-04-09,1150.0,1109.0,1260.0,1660.0,1026.0,1156.0714285714287,127.11150026631563,3.6970243462578933,0.02004814218200249,-3.6601876576143333,0.12376971788346215,2
2022-04-10,1054.0,1150.0,1096.0,1421.0,1020.0,1129.857142857143,124.2148682725101,-8.347826086956523,0.6869119891700726,-12.044850433214418,0.12166000810236054,2
2022-04-11,861.0,1054.0,913.0,1270.0,1012.5714285714286,1100.642857142857,132.92962755124879,-18.311195445920305,0.45632411003442896,-9.963369358963782,0.1311497382464752,2
2022-04-12,796.0,861.0,795.0,1259.0,1012.7142857142857,1067.5714285714287,132.65709528152908,-7.549361207897798,1.2241903621372783,10.761834238022507,0.1308624107906854,2
2022-04-13,1088.0,796.0,1086.0,1233.0,1013.0,1057.2142857142858,132.84326667152195,36.68341708542713,1.2355680050689182,44.23277829332493,0.13100913872931158,2
2022-04-14,1007.0,1088.0,1033.0,1225.0,1009.2857142857143,1041.642857142857,132.55403273835668,-7.444852941176472,0.8692025362294491,-44.1282700266036,0.13120450073083947,2
2022-04-15,949.0,1007.0,1109.0,1335.0,986.4285714285714,1014.0714285714286,126.13333902764255,-5.759682224428997,-1.0046394963850114,1.685170716747475,0.1277392032976704,1
2022-04-16,975.0,949.0,1150.0,1260.0,961.4285714285714,993.7142857142857,103.64821536143324,2.7397260273972712,-1.141396399079386,8.499408251826267,0.10769444968532473,1
2022-04-17,1150.0,975.0,1054.0,1096.0,975.1428571428571,997.5714285714286,122.56349248638128,17.948717948717952,2.6152527488741106,15.208991921320681,0.12555897078950226,2
2022-04-18,2183.0,1150.0,861.0,913.0,1164.0,1088.2857142857142,463.0248375266064,89.82608695652175,18.063435949222974,71.8773690078038,0.39744621246919004,2
2022-04-19,1247.0,2183.0,796.0,795.0,1228.4285714285713,1120.5714285714287,433.7356559174285,-42.87677508016491,13.0166625388991,-132.70286203668667,0.3527945144575877,2
2022-04-20,2067.0,1247.0,1088.0,1086.0,1368.2857142857142,1190.642857142857,528.4129429354091,65.75781876503608,17.170148493128952,108.63459384520098,0.38590407934771664,2
2022-04-21,2380.0,2067.0,1007.0,1033.0,1564.4285714285713,1286.857142857143,619.0120778686475,15.142718916303831,20.396944472768997,-50.61509984873224,0.3954265874320617,3
2022-04-22,2451.0,2380.0,949.0,1109.0,1779.0,1382.7142857142858,630.3472589238811,2.9831932773109138,21.64592668730327,-12.159525638992918,0.3541276735527422,3
2022-04-23,2527.0,2451.0,975.0,1150.0,2000.7142857142858,1481.0714285714287,570.5280345971557,3.100775193798455,21.697505139646296,0.11758191648754135,0.28501971468598986,3
2022-04-24,2593.0,2527.0,1150.0,1054.0,2206.8571428571427,1591.0,462.3557176998519,2.611792639493471,19.506515809757083,-0.48898255430498416,0.20941378349394782,2
2022-04-25,2541.0,2593.0,2183.0,861.0,2258.0,1711.0,478.78492057071503,-2.005399151561893,6.387732080030848,-4.6171917910553635,0.21194551596755867,2
2022-04-26,2483.0,2541.0,1247.0,796.0,2434.5714285714284,1831.5,175.91272233721278,-2.2825659189295577,12.186904817350186,-0.27716676736766477,0.07222646820109623,2
2022-04-27,2927.0,2483.0,2067.0,1088.0,2557.4285714285716,1962.857142857143,176.72564201803,17.881594844945624,5.347444257337261,20.16416076387518,0.06907585538702384,2
2022-04-28,3303.0,2927.0,2380.0,1007.0,2689.285714285714,2126.8571428571427,313.6036324102359,12.845917321489587,5.019329743792369,-5.035677523456037,0.11656889479989652,2
2022-04-29,3377.0,3303.0,2451.0,949.0,2821.5714285714284,2300.285714285714,383.7876399084944,2.240387526491072,4.913214636532392,-10.605529794998514,0.13597092212569395,2
2022-04-30,3688.0,3377.0,2527.0,975.0,2987.4285714285716,2494.0714285714284,475.2409415722053,9.20935741782647,5.785869239964965,6.968969891335397,0.15902703719133024,2
2022-05-01,3324.0,3688.0,2593.0,1150.0,3091.8571428571427,2649.3571428571427,453.96271104856874,-9.869848156182215,4.002777697725581,-19.079205574008682,0.14677778186327858,2
2022-05-02,3157.0,3324.0,2541.0,2183.0,3179.8571428571427,2718.9285714285716,383.6415119472631,-5.024067388688325,3.5715393781360913,4.84578076749389,0.12060947559646285,2
2022-05-03,2568.0,3157.0,2483.0,1247.0,3192.0,2813.285714285714,358.425259757222,-18.656952803294267,1.2323412517982757,-13.632885414605942,0.11225344809183277,2
2022-05-04,3205.0,2568.0,2927.0,2067.0,3231.714285714286,2894.5714285714284,339.046562574986,24.80529595015577,2.2214414096854393,43.46224875345004,0.10487984170864387,2
2022-05-05,3275.0,3205.0,3303.0,2380.0,3227.714285714286,2958.5,338.22956443898113,2.1840873634945357,0.6983228442575748,-22.621208586661233,0.10475673426277014,2
2022-05-06,3545.0,3275.0,3377.0,2451.0,3251.714285714286,3036.6428571428573,356.0775733749164,8.244274809160302,1.5560210274960364,6.0601874456657665,0.1094709040196941,2
2022-05-07,3805.0,3545.0,3688.0,2527.0,3268.4285714285716,3127.9285714285716,381.78783708530267,7.334273624823706,1.2881519142099276,-0.910001184336596,0.11677509654798211,2
2022-05-08,3451.0,3805.0,3324.0,2593.0,3286.5714285714284,3189.214285714286,387.8383931651555,-9.303547963206304,1.3690519417779146,-16.63782158803001,0.1179710925197101,2
2022-05-09,3207.0,3451.0,3157.0,2541.0,3293.714285714286,3236.785714285714,385.50776679665563,-7.070414372645606,1.0767166583554457,2.2331335905606977,0.11700795072525644,2
2022-05-10,2288.0,3207.0,2568.0,2483.0,3253.714285714286,3222.8571428571427,477.0215630282358,-28.656064858122853,-0.3517279209057809,-21.585650485477245,0.1465632682788768,1
2022-05-11,2897.0,2288.0,3205.0,2927.0,3209.714285714286,3220.714285714286,496.0875980381489,26.617132867132874,-0.09289407562333755,55.27319772525573,0.15451004165815538,1
2022-05-12,2827.0,2897.0,3275.0,3303.0,3145.714285714286,3186.714285714286,514.8063437778945,-2.4162927166033854,-0.7500912299230406,-29.03342558373626,0.16360123514074826,1
2022-05-13,2841.0,2827.0,3545.0,3377.0,3045.1428571428573,3148.4285714285716,492.0658590973977,0.4952246197382326,-1.857098399840479,2.911517336341618,0.1615373546725031,1
2022-05-14,2858.0,2841.0,3805.0,3688.0,2909.8571428571427,3089.1428571428573,361.08559883958037,0.5983808518127409,-2.8193687959849028,0.1031562320745083,0.12404785982906669,1
2022-05-15,2487.0,2858.0,3451.0,3324.0,2772.1428571428573,3029.3571428571427,298.750971584615,-12.98110566829951,-3.3447341824267887,-13.579486520112251,0.10773010514590485,1
2022-05-16,2202.0,2487.0,3207.0,3157.0,2628.5714285714284,2961.1428571428573,296.41910511972304,-11.459589867310015,-3.9717592530931327,1.5215158009894942,0.11272525321008646,1
2022-05-17,1569.0,2202.0,2288.0,2568.0,2525.8571428571427,2889.785714285714,493.2945127976059,-28.746594005449587,-3.9846919884255234,-17.287004138139572,0.1952205783346473,1
2022-05-18,1829.0,1569.0,2897.0,3205.0,2373.285714285714,2791.5,523.6018572615495,16.57106437221161,-5.419844630557132,45.317658377661196,0.22053026479126636,1
2022-05-19,2364.0,1829.0,2827.0,3275.0,2307.1428571428573,2726.4285714285716,484.5201850178041,29.250956806998364,-0.8959518414711682,12.679892434786755,0.2099177628968638,1
2022-05-20,2259.0,2364.0,2841.0,3545.0,2224.0,2634.5714285714284,423.7695916799509,-4.441624365482233,-1.6012159822169494,-33.692581172480594,0.19045824345166332,1
2022-05-21,2323.0,2259.0,2858.0,3805.0,2147.5714285714284,2528.714285714286,327.72949091222904,2.833111996458615,-1.2819686758389672,7.274736361940848,0.1525336726320215,1
2022-05-22,2226.0,2323.0,2487.0,3451.0,2110.285714285714,2441.214285714286,295.986325575855,-4.175634954799823,-0.024044288196154767,-7.008746951258438,0.14019245409235978,1
2022-05-23,2022.0,2226.0,2202.0,3207.0,2084.5714285714284,2356.5714285714284,294.50572017131543,-9.164420485175206,0.3038370521088178,-4.988785530375384,0.1412110446742385,2
2022-05-24,1675.0,2022.0,1569.0,2288.0,2099.714285714286,2312.785714285714,264.8054095518105,-17.161226508407513,1.958889551686257,-7.996806023232306,0.12605493824295638,2
2022-05-25,2124.0,1675.0,1829.0,2897.0,2141.8571428571427,2257.5714285714284,236.50329741841355,26.80597014925372,3.4210189484065587,43.96719665766123,0.11036820546192634,2
2022-05-26,2628.0,2124.0,2364.0,2827.0,2179.5714285714284,2243.3571428571427,292.299422761838,23.728813559322038,2.632141341595655,-3.0771565899316826,0.13404716714706932,2
2022-05-27,2710.0,2628.0,2259.0,2841.0,2244.0,2234.0,355.5798084339354,3.120243531202438,3.7124081839791794,-20.6085700281196,0.15838744250954806,2
2022-05-28,2685.0,2710.0,2323.0,2858.0,2295.714285714286,2221.6428571428573,393.3067991544546,-0.9225092250922495,3.1758908666147705,-4.042752756294687,0.17124759557636265,2
2022-05-29,2828.0,2685.0,2226.0,2487.0,2381.714285714286,2246.0,438.7173405824525,5.325884543761639,4.5332507949806935,6.248393768853888,0.18412503052204374,2
2022-05-30,2706.0,2828.0,2022.0,2202.0,2479.4285714285716,2282.0,421.06367596053406,-4.3140028288543135,5.226167603026535,-9.639887372615952,0.16975440486803767,2
2022-05-31,2338.0,2706.0,1675.0,1569.0,2574.1428571428573,2336.9285714285716,249.6226679534536,-13.59940872135994,5.734998715461903,-9.285405892505626,0.09693546408932514,2
2022-06-01,2745.0,2338.0,2124.0,1829.0,2662.8571428571427,2402.3571428571427,155.6389294365295,17.40804106073568,4.392437417102182,31.00744978209562,0.0584261546659359,2
2022-06-02,3712.0,2745.0,2628.0,2364.0,2817.714285714286,2498.6428571428573,423.66681672530694,35.22768670309655,6.035133580498543,17.81964564236087,0.15030498794167294,2
2022-06-03,4041.0,3712.0,2710.0,2259.0,3007.8571428571427,2625.9285714285716,620.309984085336,8.863146551724132,6.855548297715927,-26.36454015137242,0.20616132791745098,2
2022-06-04,3962.0,4041.0,2685.0,2323.0,3190.285714285714,2743.0,693.0485107556372,-1.9549616431576378,6.708055095135158,-10.81810819488177,0.21716905749091098,2
2022-06-05,4270.0,3962.0,2828.0,2226.0,3396.285714285714,2889.0,776.6785510066703,7.773851590106018,7.057764673184354,9.728813233263656,0.22861737761434306,2
2022-06-06,4518.0,4270.0,2706.0,2022.0,3655.1428571428573,3067.285714285714,809.534522440052,5.807962529274002,8.503759724345542,-1.9658890608320156,0.22141763986560245,2
2022-06-07,3714.0,4518.0,2338.0,1675.0,3851.714285714286,3212.9285714285716,567.1850711424726,-17.79548472775564,7.904320294860441,-23.603447257029643,0.1472170083428124,2
2022-06-08,5233.0,3714.0,2745.0,2124.0,4207.142857142857,3435.0,536.8148125954842,40.89929994614971,11.260214421348161,58.694784673905346,0.12756572930605253,2
2022-06-09,7240.0,5233.0,3712.0,2628.0,4711.142857142857,3764.4285714285716,1218.1929826680312,38.35276132237722,11.70665365267397,-2.5465386237724914,0.2585220821184241,2
2022-06-10,7584.0,7240.0,4041.0,2710.0,5217.285714285715,4112.571428571428,1576.6482079375764,4.751381215469608,11.11925860463761,-33.60138010690761,0.30213911124515536,2
2022-06-11,8329.0,7584.0,3962.0,2685.0,5841.142857142857,4515.714285714285,1839.2732649122543,9.823312236286919,12.801869158843974,5.071931020817311,0.314828532935219,2
2022-06-12,8582.0,8329.0,4270.0,2828.0,6457.142857142857,4926.714285714285,1944.4439161417406,3.0375795413615014,12.125258866166186,-6.785732694925417,0.30108406691424305,2
2022-06-13,8084.0,8582.0,4518.0,2706.0,6966.571428571428,5310.857142857143,1814.5219625411382,-5.802843160102544,10.466572339112394,-8.840422701464046,0.2604238766897252,2
2022-06-14,6594.0,8084.0,3714.0,2338.0,7378.0,5614.857142857143,1164.0170388914507,-18.431469569520043,10.375717361717479,-12.6286264094175,0.15774726099626654,2
2022-06-15,8822.0,6594.0,5233.0,2745.0,7890.714285714285,6048.928571428572,793.0524814020171,33.7882923870185,9.359859138984449,52.21976195653855,0.1004917883098751,2
2022-06-16,12213.0,8822.0,7240.0,3712.0,8601.142857142857,6656.142857142857,1755.9117697137838,38.43799591929267,9.372035509972372,4.649703532274167,0.20412492548362512,2
2022-06-17,12847.0,12213.0,7584.0,4041.0,9353.0,7285.142857142857,2292.562467377603,5.191189715876532,9.434865295744787,-33.246806203416135,0.24508899587102875,2
2022-06-18,13216.0,12847.0,8329.0,3962.0,10051.142857142857,7946.142857142857,2645.6702004757176,2.872265898653392,8.441858676082855,-2.3189238172231397,0.2631946479546653,2
2022-06-19,12899.0,13216.0,8582.0,4270.0,10667.857142857143,8562.5,2747.3313978631827,-2.398607748184023,7.665260491862067,-5.2708736468374155,0.25750943714740204,2
2022-06-20,12781.0,12899.0,8084.0,4518.0,11338.857142857143,9152.714285714286,2579.546047211502,-0.9147995968679767,8.363552429467005,1.4838081513160462,0.22747606206276866,2
2022-06-21,9923.0,12781.0,6594.0,3714.0,11814.42857142857,9596.214285714286,1723.956288852675,-22.36131758078398,7.802145570715014,-21.446517983916003,0.14590721601258314,2
2022-06-22,12249.0,9923.0,8822.0,5233.0,12304.0,10097.357142857143,1109.700710474129,23.440491786758045,6.323888342106378,45.80180936754202,0.09018291023763746,2
2022-06-23,13313.0,12249.0,12213.0,7240.0,12461.142857142857,10531.142857142857,1170.865552921074,8.686423381500541,2.0736636938503596,-14.754068405257504,0.09395378999767888,2
2022-06-24,17336.0,13313.0,12847.0,7584.0,13102.42857142857,11227.714285714286,2197.0499810444185,30.218583339592886,5.649005640095553,21.532159958092343,0.16766985595166947,2
2022-06-25,15940.0,17336.0,13216.0,8329.0,13491.57142857143,11771.357142857143,2447.483732163925,-8.052607291185975,4.0883094701185,-38.27119063077886,0.18139490645802425,2
2022-06-26,11739.0,15940.0,12899.0,8582.0,13325.857142857143,11996.857142857143,2532.1004738523593,-26.35508155583438,0.6659560690255927,-18.302474264648406,0.1899998211663506,2
2022-06-27,17073.0,11739.0,12781.0,8084.0,13939.0,12638.92857142857,2874.6535443700304,45.438282647584984,7.287824961090301,71.79336420341937,0.20621617965351724,2
2022-06-28,11793.0,17073.0,9923.0,6594.0,14206.142857142857,13010.285714285714,2501.9759144223394,-30.926023545949743,6.064295537495192,-76.36430619353473,0.17610690197040096,2
2022-06-29,14506.0,11793.0,12249.0,8822.0,14528.57142857143,13416.285714285714,2348.4422395579145,23.005172559993213,6.002107076528787,53.93119610594296,0.1616319002320922,2
2022-06-30,18819.0,14506.0,13313.0,12213.0,15315.142857142857,13888.142857142857,2759.540627776454,29.732524472632015,9.008692946690427,6.727351912638802,0.1801720350557785,2
2022-07-01,17070.0,18819.0,17336.0,12847.0,15277.142857142857,14189.785714285714,2728.734103880812,-9.293798820341149,3.364066923842707,-39.02632329297316,0.1786037825012921,2
2022-07-02,17092.0,17070.0,15940.0,13216.0,15441.714285714286,14466.642857142857,2808.9345379082006,0.12888107791446668,4.532850976571342,9.422679898255616,0.1818938358852293,2
2022-07-03,16103.0,17092.0,11739.0,12899.0,16065.142857142857,14695.5,2285.7253720314775,-5.7863327872689,7.4712436577949815,-5.915213865183366,0.1422697029620439,2
2022-07-04,16135.0,16103.0,17073.0,12781.0,15931.142857142857,14935.07142857143,2243.9048872479375,0.19872073526672196,1.0084490988923736,5.985053522535622,0.1408413737792922,2
2022-07-05,13086.0,16135.0,11793.0,9923.0,16115.857142857143,15161.0,1868.2626001221226,-18.896808180973036,2.7269084367461884,-19.095528916239758,0.11591978408458631,2
2022-07-06,16159.0,13086.0,14506.0,12249.0,16352.0,15440.285714285714,1730.2364000788434,23.483111722451476,2.7951854599545123,42.37991990342451,0.10580544243128744,2
2022-07-07,18930.0,16159.0,18819.0,13313.0,16367.857142857143,15841.5,1756.916942548773,17.14833838727643,0.9974445906179997,-6.334773335175047,0.10733290218220498,2
2022-07-08,18815.0,18930.0,17070.0,17336.0,16617.14285714286,15947.142857142857,1982.4665973684023,-0.6075013206550461,2.2383442334303,-17.755839707931475,0.1192953156324741,2
2022-07-09,18840.0,18815.0,17092.0,15940.0,16866.85714285714,16154.285714285714,2154.8451939017114,0.13287270794579698,2.2389144662919187,0.7403740286008431,0.12774860349194986,2
2022-07-10,18257.0,18840.0,16103.0,11739.0,17174.571428571428,16619.85714285714,2181.220977466123,-3.094479830148622,2.6234648887376726,-3.227352538094419,0.1269955405290143,2
2022-07-11,16678.0,18257.0,16135.0,17073.0,17252.14285714286,16591.64285714286,2147.483133736114,-8.648737470559242,1.359542287905392,-5.55425764041062,0.12446909826907558,2
2022-07-12,13615.0,16678.0,13086.0,11793.0,17327.714285714286,16721.785714285714,1979.149119761435,-18.36551145221249,1.4354418205854695,-9.71677398165325,0.11421211563243538,2
2022-07-13,16906.0,13615.0,16159.0,14506.0,17434.428571428572,16893.214285714286,1925.029078361705,24.17186926184356,1.5338357547843395,42.537380714056056,0.11040904847709043,2
2022-07-14,20139.0,16906.0,18930.0,18819.0,17607.14285714286,16987.5,2125.3855672985246,19.12338814622028,1.8159857203477467,-5.048481115623282,0.12070469807872714,2
2022-07-15,20038.0,20139.0,18815.0,17070.0,17781.85714285714,17199.5,2285.4632957777803,-0.5015144744028976,1.831126698383768,-19.624902620623175,0.1285205902188662,2
2022-07-16,20044.0,20038.0,18840.0,17092.0,17953.85714285714,17410.35714285714,2419.7310752121466,0.029943108094609983,1.8164224698335985,0.5314575824975076,0.13476749249295875,2
2022-07-17,20528.0,20044.0,18257.0,16103.0,18278.285714285714,17726.428571428572,2611.7723685111937,2.4146876870884126,2.6034464008674605,2.3847445789938027,0.14288153319196872,2
2022-07-18,16935.0,20528.0,16678.0,16135.0,18315.0,17783.571428571428,2587.2184549221924,-17.50292283710054,1.3385627770758464,-19.917610524188955,0.14125455639452897,2
2022-07-19,15528.0,16935.0,13615.0,13086.0,18588.285714285714,17958.0,2054.1328028112143,-8.308237378210803,2.7753162162189438,9.194685458889738,0.11050090005516619,2
2022-07-20,20557.0,15528.0,16906.0,16159.0,19109.85714285714,18272.14285714286,2019.003997770515,32.38665636269964,3.948857230626955,40.694893740910445,0.10564696196921426,2
2022-07-21,21566.0,20557.0,20139.0,18930.0,19313.714285714286,18460.428571428572,2203.817197103993,4.9083037408182095,1.9181308869980878,-27.47835262188143,0.11410042957425463,2
2022-07-22,21880.0,21566.0,20038.0,18815.0,19576.85714285714,18679.35714285714,2405.458544577253,1.4559955485486498,2.197775175991166,-3.4523081922695598,0.12286628342544985,2
2022-07-23,21411.0,21880.0,20044.0,18840.0,19772.14285714286,18863.0,2503.2075043191294,-2.1435100548446107,1.887281866999849,-3.5995056033932604,0.12659633940867776,2
2022-07-24,20279.0,21411.0,20528.0,18257.0,19736.571428571428,19007.428571428572,2492.4223062187452,-5.287002008313479,0.7870404819424357,-3.1434919534688683,0.12627806390662635,2
2022-07-25,16866.0,20279.0,16935.0,16678.0,19726.714285714286,19020.85714285714,2505.4511047416313,-16.830218452586422,0.8831411083015956,-11.543216444272943,0.12700159118565194,2
2022-07-26,14830.0,16866.0,15528.0,13615.0,19627.0,19107.64285714286,2706.2495573805736,-12.071623384323493,0.3455145359997829,4.758595068262929,0.1378769898808118,2
2022-07-27,18313.0,14830.0,20557.0,16906.0,19306.428571428572,19208.14285714286,2710.628885062841,23.48617666891437,-0.9259825631123982,35.55780005323786,0.14039305519296708,1
2022-07-28,20557.0,18313.0,21566.0,20139.0,19162.285714285714,19238.0,2594.7986251187317,12.253590345656097,0.12334409472158571,-11.232586323258275,0.1354046828819329,2
2022-07-29,20409.0,20557.0,21880.0,20038.0,18952.14285714286,19264.5,2389.458964496653,-0.7199494089604519,-0.1875051849225718,-12.97353975461655,0.12607191232118736,1
2022-07-30,20408.0,20409.0,21411.0,20044.0,18808.85714285714,19290.5,2243.022917778632,-0.00489979910823779,0.11801056589691004,0.7150496098522141,0.11924720643773723,2
2022-07-31,19673.0,20408.0,20279.0,20528.0,18722.285714285714,19229.428571428572,2187.8403137001674,-3.6015288122305034,0.3587924510516208,-3.5966290131222656,0.1168513020143074,2
2022-08-01,16464.0,19673.0,16866.0,16935.0,18664.85714285714,19195.785714285714,2249.1051130794776,-16.311696233416363,0.43286705379020063,-12.71016742118586,0.12049299937667969,2
2022-08-02,13734.0,16464.0,14830.0,15528.0,18508.285714285714,19067.64285714286,2575.0878117555076,-16.581632653061227,-0.2114199846009043,-0.26993641964486415,0.13912410513864512,1
2022-08-03,17135.0,13734.0,18313.0,20557.0,18340.0,18823.214285714286,2627.926939653503,24.763361001893113,-0.028965079889655243,41.34499365495434,0.14328155169584553,1
2022-08-04,19893.0,17135.0,20557.0,21566.0,18245.14285714286,18703.714285714286,2545.2483460389135,16.095710533994744,0.519909232730151,-8.667650467898369,0.13949514513652508,2
2022-08-05,20551.0,19893.0,20409.0,21880.0,18265.428571428572,18608.785714285714,2565.8511815518364,3.3076961745337474,1.0952871732293223,-12.788014359460997,0.14046813647880854,2
2022-08-06,19406.0,20551.0,20408.0,21411.0,18122.285714285714,18465.571428571428,2451.8161781800286,-5.571505036251279,0.30005785363745946,-8.879201210785027,0.13528541219473134,2
2022-08-07,18738.0,19406.0,19673.0,20279.0,17988.714285714286,18355.5,2377.6008716600713,-3.442234360507057,0.32281420388366594,2.1292706757442215,0.1321644598629415,2
2022-08-08,16167.0,18738.0,16464.0,16866.0,17946.285714285714,18305.571428571428,2411.7491380570154,-13.720781300032026,0.692944908652857,-10.278546939524968,0.1343796034927614,2
2022-08-09,12751.0,16167.0,13734.0,14830.0,17805.85714285714,18157.071428571428,2708.2837387690274,-21.12946124822168,0.0432551093442208,-7.408679948189654,0.15209218095262814,2
2022-08-10,16047.0,12751.0,17135.0,18313.0,17650.428571428572,17995.214285714286,2783.3800709217994,25.84895302329229,0.19833968382981734,46.97841427151397,0.15768582467184036,2
2022-08-11,16299.0,16047.0,19893.0,20557.0,17137.0,17691.071428571428,2627.901507570375,1.5703869882220944,-1.876706536994847,-24.278566035070195,0.15333770029002072,1
2022-08-12,16561.0,16299.0,20551.0,20409.0,16567.0,17416.214285714286,2153.960615584923,1.6074605804037079,-2.119597336156281,0.037073592181613435,0.13000728003289008,1
2022-08-13,15815.0,16561.0,19406.0,20408.0,16054.0,17088.14285714286,1755.9744683483514,-4.5045589034478635,-1.9671764600415076,-6.112019483851571,0.10937243652123023,1
2022-08-14,14092.0,15815.0,18738.0,19673.0,15390.285714285714,16689.5,1417.9004096151805,-10.894720202339547,-3.0318172945890063,-6.390161298891684,0.09212358447086258,1
2022-08-15,14917.0,14092.0,16167.0,16464.0,15211.714285714286,16579.0,1382.0365063631036,5.8543854669316,-0.23536489930848806,16.749105669271145,0.09084746353653171,1
2022-08-16,8813.0,14917.0,12751.0,13734.0,14649.142857142857,16227.5,2712.107816751126,-40.91975598310652,-3.0625498614348934,-46.774141450038115,0.18512500821306357,1
2022-08-17,9062.0,8813.0,16047.0,17135.0,13651.285714285714,15650.857142857143,3327.2937308851906,2.825371610121419,-6.351632920459303,43.745127593227934,0.24371697168654474,1
2022-08-18,12608.0,9062.0,16299.0,19893.0,13124.0,15130.5,3124.023687515769,39.13043478260869,-0.9859118069755043,36.305063172487266,0.2380208523821538,1
2022-08-19,15754.0,12608.0,16561.0,20551.0,13008.714285714286,14787.857142857143,2987.9770031893254,24.9524111675127,2.3490811340400666,-14.178023615095988,0.2296727612588975,2
2022-08-20,13272.0,15754.0,15815.0,19406.0,12645.42857142857,14349.714285714286,2733.6874886998667,-15.754728957725018,0.7419139834290449,-40.707140125237714,0.21616280622309028,2
2022-08-21,11539.0,13272.0,14092.0,18738.0,12280.714285714286,13835.5,2678.2700706965084,-13.05756479807113,0.4329361840388185,2.6971641596538873,0.21806972613031636,2
2022-08-22,9531.0,11539.0,14917.0,16167.0,11511.285714285714,13361.5,2565.98153505745,-17.40185458011959,-2.88938382268278,-4.34428978204846,0.22289070986774565,1
2022-08-23,8586.0,9531.0,8813.0,12751.0,11478.857142857143,13064.0,2606.874145348098,-9.915014164305946,1.5398650085744447,7.486840415813644,0.22708245520024745,2
2022-08-24,10649.0,8586.0,9062.0,16047.0,11705.57142857143,12678.42857142857,2424.2670959573306,24.027486606102965,4.568738579428952,33.94250077040891,0.20708600385255307,2
2022-08-25,10725.0,10649.0,12608.0,16299.0,11436.57142857143,12280.285714285714,2411.881758960876,0.7136820358719209,-0.9193689558191586,-23.313804570231042,0.21087359095619865,1
2022-08-26,10256.0,10725.0,15754.0,16561.0,10651.142857142857,11829.92857142857,1490.9904346948426,-4.372960372960377,-5.108707747315313,-5.086642408832298,0.13997093868254407,1
2022-08-27,9520.0,10256.0,13272.0,15815.0,10115.142857142857,11380.285714285714,977.9088964137488,-7.176287051482055,-3.88321604642346,-2.803326678521678,0.09666815803448861,1
2022-08-28,9436.0,9520.0,11539.0,14092.0,9814.714285714286,11047.714285714286,768.1036637438702,-0.8823529411764675,-2.1439000668670802,6.293934110305588,0.07825244718683003,1
2022-08-29,7591.0,9436.0,9531.0,14917.0,9537.57142857143,10524.42857142857,1145.0366599120878,-19.55277660025434,-2.4511746411720443,-18.670423659077873,0.12004278297715462,1
2022-08-30,5439.0,7591.0,8586.0,8813.0,9088.0,10283.42857142857,1929.7949805169983,-28.349361085495982,-5.08465277277062,-8.796584485241642,0.21232203548432152,1
2022-08-31,7231.0,5439.0,10649.0,9062.0,8599.714285714286,10152.642857142857,1901.2022262042824,32.94723294723294,-3.81040329546634,61.29659403272892,0.22105166652985592,1
2022-09-01,7946.0,7231.0,10725.0,12608.0,8202.714285714286,9819.642857142857,1658.043999694926,9.887982298437281,-2.4997889722427167,-23.05925064879566,0.20210894016411524,1
2022-09-02,6168.0,7946.0,10256.0,15754.0,7618.714285714285,9134.92857142857,1529.2344179113556,-22.376038258243135,-5.071657241568825,-32.264020556680414,0.20069445658591417,1
2022-09-03,7211.0,6168.0,9520.0,13272.0,7288.857142857143,8702.0,1279.3911871225225,16.90985732814527,-1.6307794730506353,39.285895586388406,0.17550291618212502,1
2022-09-04,6817.0,7211.0,9436.0,11539.0,6914.714285714285,8364.714285714286,861.5487439828463,-5.463874635972821,-2.285282572307257,-22.373731964118093,0.12457841784507177,1
2022-09-05,5910.0,6817.0,7591.0,9531.0,6674.571428571428,8106.071428571428,875.7859056551845,-13.304972861962739,-1.3927391811227428,-7.841098225989918,0.13119264995155666,1
2022-09-06,4417.0,5910.0,5439.0,8586.0,6528.571428571428,7808.285714285715,1156.3437864858163,-25.26226734348562,-0.951725789406977,-11.957294481522883,0.17709336656093627,1
2022-09-07,5379.0,4417.0,7231.0,10649.0,6264.0,7431.857142857143,1180.4595151169822,21.779488340502606,-2.5471178760827398,47.04175568398823,0.18842131127166514,1
2022-09-08,6395.0,5379.0,7946.0,10725.0,6042.428571428572,7122.571428571428,931.4225424288552,18.88826919501767,-1.2613626051426832,-2.8912191454849356,0.1541215439911589,1
2022-09-09,6093.0,6395.0,6168.0,10256.0,6031.714285714285,6825.214285714285,930.1678548836894,-4.722439405785773,1.2605800880655114,-23.61070860080344,0.15418728798185669,2
2022-09-10,5554.0,6093.0,7211.0,9520.0,5795.0,6541.928571428572,778.5171803909154,-8.846216970293774,-2.4188590974257806,-4.123777564508002,0.13431973436696262,1
2022-09-11,5076.0,5554.0,6817.0,9436.0,5546.285714285715,6230.5,667.8322431014152,-8.60640979474253,-2.8677926915357395,0.23980717555124365,0.12038901140094013,1
2022-09-12,5221.0,5076.0,5910.0,7591.0,5447.857142857143,6061.214285714285,655.9604736728899,2.85657998423956,-0.5589994277925537,11.462989778982092,0.12038496449347776,1
2022-09-13,4369.0,5221.0,4417.0,5439.0,5441.0,5984.785714285715,668.6606016238904,-16.318712890250907,0.7186512083838339,-19.175292874490466,0.12287037883570202,2
2022-09-14,5108.0,4369.0,5379.0,7231.0,5402.285714285715,5833.142857142857,680.5874214671347,16.91462577248799,0.0236708415246031,33.2333386627389,0.1259580665275082,2
2022-09-15,6422.0,5108.0,6395.0,7946.0,5406.142857142857,5724.285714285715,687.195612389844,25.72435395458106,1.000254378605087,8.809728182093068,0.12709033782639123,2
2022-09-16,6298.0,6422.0,6093.0,6168.0,5435.428571428572,5733.571428571428,724.6907058957258,-1.9308626596076017,1.39905105663054,-27.65521661418866,0.13330271820444306,2
2022-09-17,5747.0,6298.0,5554.0,7211.0,5463.0,5629.0,733.5707192657097,-8.74880914576056,1.4129664601352852,-6.817946486152959,0.13425525608816063,2
2022-09-18,5664.0,5747.0,5076.0,6817.0,5547.0,5546.642857142857,715.30832524441,-1.4442317730990029,2.436134748941503,7.304577372661558,0.1289308444925036,2
2022-09-19,4858.0,5664.0,5221.0,5910.0,5495.142857142857,5471.5,754.9411520251994,-14.230225988700562,-0.004837532907085773,-12.785994215601558,0.13735835687823658,1
2022-09-20,4043.0,4858.0,4369.0,4417.0,5448.571428571428,5444.785714285715,841.1258046283194,-16.776451214491562,-0.07022872208432217,-2.546225225791,0.15434714741390507,1
2022-09-21,4510.0,4043.0,5108.0,5379.0,5363.142857142857,5382.714285714285,909.101833141486,11.550828592629237,-0.8364854620641441,28.3272798071208,0.16947755817705937,1
2022-09-22,5443.0,4510.0,6422.0,6395.0,5223.285714285715,5314.714285714285,786.0317454950863,20.68736141906873,-1.5560558242801912,9.136532826439492,0.15045726602312287,1
2022-09-23,5383.0,5443.0,6298.0,6093.0,5092.571428571428,5264.0,640.0481381988708,-1.1023332720925927,-1.4376944832066185,-21.789694691161323,0.1256580274124834,1
2022-09-24,4912.0,5383.0,5747.0,5554.0,4973.285714285715,5218.142857142857,571.9404732366776,-8.749767787479101,-1.4378314320235528,-7.647434515386508,0.11497941736521375,1
2022-09-25,4777.0,4912.0,5664.0,5076.0,4846.571428571428,5196.785714285715,485.067300360113,-2.7483713355048844,-1.6241370837958218,6.001396451974216,0.10006398203874668,1
2022-09-26,4129.0,4777.0,4858.0,5221.0,4742.428571428572,5118.785714285715,555.3677033089949,-13.564998953317986,-1.5291046501697392,-10.8166276178131,0.11708149389118673,1
2022-09-27,3230.0,4129.0,4043.0,4369.0,4626.285714285715,5037.428571428572,769.6769267641198,-21.772826350205865,-2.2428725267003538,-8.207827396887879,0.1663344289262091,1
2022-09-28,3615.0,3230.0,4510.0,5108.0,4498.428571428572,4930.785714285715,861.1193989291968,11.919504643962853,-2.19020451936698,33.692330994168714,0.19138416918035234,1
2022-09-29,4272.0,3615.0,5443.0,6422.0,4331.142857142857,4777.214285714285,754.1355822099459,18.174273858921165,-2.5492170279594895,6.254769214958312,0.17407911213420021,1
2022-09-30,3947.0,4272.0,5383.0,6298.0,4126.0,4609.285714285715,599.8472029037412,-7.607677902621724,-3.4785519751779366,-25.78195176154289,0.14534703244578173,1
2022-10-01,3805.0,3947.0,4912.0,5747.0,3967.8571428571427,4470.571428571428,494.8199770509225,-3.597669115784141,-2.7425378792215134,4.010008786837583,0.1246756835129385,1
2022-10-02,3375.0,3805.0,4777.0,5664.0,3767.5714285714284,4307.071428571428,384.0676405868282,-11.300919842312751,-3.964330523051209,-7.70325072652861,0.10191332388581491,1
2022-10-03,3011.0,3375.0,4129.0,4858.0,3607.8571428571427,4175.142857142857,437.46559067224354,-10.785185185185187,-3.567214270460809,0.5157346571275649,0.12121997999785072,1
2022-10-04,1968.0,3011.0,3230.0,4043.0,3427.5714285714284,4026.9285714285716,760.1635476743108,-34.63965459980073,-5.405332591831503,-23.854469414615544,0.221714368071674,1
2022-10-05,2468.0,1968.0,3615.0,4510.0,3263.714285714286,3881.0714285714284,833.1461886090823,25.406504065040657,-3.4786183888203897,60.046158664841386,0.2551972747675831,1
2022-10-06,2529.0,2468.0,4272.0,5443.0,3014.714285714286,3672.9285714285716,736.4275738957517,2.4716369529983684,-5.721852232523647,-22.93486711204229,0.24419673222502425,1
2022-10-07,1997.0,2529.0,3947.0,5383.0,2736.1428571428573,3431.0714285714284,692.4984787150898,-21.035982601818905,-7.6401814752660995,-23.507619554817275,0.2530004880483105,1
2022-10-08,2797.0,1997.0,3805.0,4912.0,2592.1428571428573,3280.0,515.3349813692023,40.0600901352028,-1.4033587251251092,61.0960727370217,0.19872988483827764,1
2022-10-09,2756.0,2797.0,3375.0,4777.0,2503.714285714286,3135.6428571428573,398.46945294163845,-1.465856274579902,0.0016503559795838665,-41.5259464097827,0.1590877870639063,2
2022-10-10,2424.0,2756.0,3011.0,4129.0,2419.8571428571427,3013.8571428571427,329.76225227107903,-12.046444121915822,-0.17852949212479277,-10.58058784733592,0.136217146577219,1
2022-10-11,1957.0,2424.0,1968.0,3230.0,2418.285714285714,2922.9285714285716,332.2908940386284,-19.265676567656765,2.017753083895774,-7.219232445740943,0.1373508271786477,2
2022-10-12,2139.0,1957.0,2468.0,3615.0,2371.285714285714,2817.5,347.02771973002086,9.299948901379661,-0.28318336805579797,28.565625469036426,0.1462841164705616,1
2022-10-13,2786.0,2139.0,2529.0,4272.0,2408.0,2711.3571428571427,378.648473960249,30.24777933613838,3.6848369723927754,20.947830434758718,0.15718076959744667,2
2022-10-14,2678.0,2786.0,1997.0,3947.0,2505.285714285714,2620.714285714286,341.07072325390374,-3.876525484565685,6.136187989143235,-34.12430482070406,0.1360861298892685,2
2022-10-15,2430.0,2678.0,2797.0,3805.0,2452.8571428571427,2522.5,316.04452696238206,-9.260642270351005,-0.90963092593588,-5.38411678578532,0.1287949984710179,1
2022-10-16,2401.0,2430.0,2756.0,3375.0,2402.1428571428573,2452.9285714285716,286.38402485049966,-1.1934156378600846,-0.8707108349759061,8.06722663249092,0.11917062025642002,1
2022-10-17,2060.0,2401.0,2424.0,3011.0,2350.1428571428573,2385.0,313.5152463431426,-14.20241566014161,-1.1787067690081614,-13.009000022281525,0.13334589405772257,1
2022-10-18,1542.0,2060.0,1957.0,1968.0,2290.8571428571427,2354.5714285714284,421.04648558439334,-25.145631067961162,-2.0187002690516467,-10.943215407819553,0.18371410578387792,1
2022-10-19,1946.0,1542.0,2139.0,2468.0,2263.285714285714,2317.285714285714,438.6010772076905,26.199740596627752,0.39555568741236613,51.34537166458891,0.19370394576995795,2
2022-10-20,2141.0,1946.0,2786.0,2529.0,2171.1428571428573,2289.5714285714284,373.38917546759546,10.020554984583763,-2.49404779138115,-16.179185612043987,0.17189899561152042,1
2022-10-21,2119.0,2141.0,2678.0,1997.0,2091.285714285714,2298.285714285714,299.3580435885739,-1.0275572162540825,-2.087052324479493,-11.048112200837846,0.14307703844872438,1
2022-10-22,2112.0,2119.0,2430.0,2797.0,2045.857142857143,2249.3571428571427,261.07050712360444,-0.3303445021236473,-0.8112955004470134,0.6972127141304352,0.12754700934291116,1
2022-10-23,1994.0,2112.0,2401.0,2756.0,1987.7142857142858,2194.9285714285716,208.90405675310515,-5.5871212121212155,-1.4389677253414608,-5.256776709997569,0.10504478106973178,1
2022-10-24,1334.0,1994.0,2060.0,2424.0,1884.0,2117.0714285714284,318.5032707828801,-33.09929789368105,-4.138522330132809,-27.512176681559833,0.16896725240471094,1
2022-10-25,862.0,1334.0,1542.0,1957.0,1786.857142857143,2038.857142857143,494.9964407514373,-35.382308845577214,-5.600904869792245,-2.2830109518961663,0.2768657678993257,1
2022-10-26,830.0,862.0,1946.0,2139.0,1627.4285714285713,1945.357142857143,603.1107851911004,-3.7122969837587005,-9.874053095561738,31.670011861818512,0.3703636719306696,1
2022-10-27,1112.0,830.0,2141.0,2786.0,1480.4285714285713,1825.7857142857142,582.1087692295229,33.975903614457835,-6.451860434151157,37.68820059821653,0.3929374527103819,1
2022-10-28,2208.0,1112.0,2119.0,2678.0,1493.142857142857,1792.2142857142858,599.1047290388883,98.56115107913669,7.775097893761811,64.58524746467886,0.4009688405461534,2
2022-10-29,1574.0,2208.0,2112.0,2430.0,1416.2857142857142,1731.0714285714287,537.8604883501226,-28.713768115942027,3.7203230917877574,-127.27491919507872,0.37950039496531185,2
2022-10-30,1604.0,1574.0,1994.0,2401.0,1360.5714285714287,1674.142857142857,485.71557439923487,1.9059720457433205,4.790764985768405,30.61974016168535,0.35673161481425286,2
2022-10-31,1326.0,1604.0,1334.0,2060.0,1359.4285714285713,1621.7142857142858,485.79792014167714,-17.331670822942648,7.043283138731034,-19.237642868685967,0.357091824109182,2
2022-11-01,1046.0,1326.0,862.0,1542.0,1385.7142857142858,1586.2857142857142,458.61447672482313,-21.11613876319759,9.081307436213837,-3.7844679402549417,0.3307202366409562,2
2022-11-02,1190.0,1046.0,830.0,1946.0,1437.142857142857,1532.2857142857142,402.6857455760326,13.766730401529648,11.578311348397886,34.88286916472724,0.28000399513581287,2
2022-11-03,1321.0,1190.0,1112.0,2141.0,1467.0,1473.7142857142858,381.76476199307854,11.008403361344543,8.297239883667416,-2.7583270401851046,0.26005773977730146,2
2022-11-04,1216.0,1321.0,2208.0,2119.0,1325.2857142857142,1409.2142857142858,203.2262407473126,-7.948523845571531,-6.9184279627194725,-18.956927206916074,0.15322960849108017,1
2022-11-05,1082.0,1216.0,1574.0,2112.0,1255.0,1335.642857142857,187.32947845908706,-11.019736842105265,-4.390709209314221,-3.0712129965337347,0.14914767393239414,1
2022-11-06,1132.0,1082.0,1604.0,1994.0,1187.5714285714287,1274.0714285714287,109.58688735767892,4.621072088724576,-4.002837774602614,15.640808930829841,0.09220050619035486,1
2022-11-07,937.0,1132.0,1326.0,1334.0,1132.0,1245.7142857142858,125.20782789622515,-17.226148409893995,-3.987763144167092,-21.84722049861857,0.11050999814318195,1
2022-11-08,625.0,937.0,1046.0,862.0,1071.857142857143,1228.7857142857142,230.36017383726448,-33.297758804695846,-5.727994578666843,-16.07161039480185,0.21471654019452083,1
2022-11-09,811.0,625.0,1190.0,830.0,1017.7142857142857,1227.4285714285713,242.1994459017767,29.76000000000001,-3.443241778885363,63.05775880469585,0.23775012218657088,1
2022-11-10,1016.0,811.0,1321.0,1112.0,974.1428571428571,1220.5714285714287,202.77033730403153,25.27743526510482,-1.4048086497767511,-4.482564734895188,0.20793910945329927,1
2022-11-11,842.0,1016.0,1216.0,2208.0,920.7142857142857,1123.0,175.91637671116143,-17.125984251968507,-2.7158744221191773,-42.40341951707333,0.19085781726257442,1
2022-11-12,833.0,842.0,1082.0,1574.0,885.1428571428571,1070.0714285714287,162.53351354036212,-1.06888361045131,-1.294323960454326,16.0571006415172,0.1834168297247356,1
2022-11-13,734.0,833.0,1132.0,1604.0,828.2857142857143,1007.9285714285714,127.65802597265964,-11.884753901560629,-3.652299101923641,-10.815870291109318,0.1539373267542838,1
2022-11-14,547.0,734.0,937.0,1326.0,772.5714285714286,952.2857142857143,154.5712970799639,-25.476839237057224,-4.830969220089817,-13.592085335496595,0.1998151578134344,1
2022-11-15,0.0,547.0,625.0,1046.0,683.2857142857143,877.5714285714286,332.3249989523098,-100.0,-14.359860819418982,-74.52316076294278,0.4856523993040017,1
2022-11-16,501.0,0.0,811.0,1190.0,639.0,828.3571428571429,333.12360093530845,26.74650698602794,-2.7597146153132397,-23.439420371854712,0.5205056264614194,-1
2022-11-17,635.0,501.0,1016.0,1321.0,584.5714285714286,779.3571428571429,289.53345094206907,26.74650698602794,-2.7597146153132397,-23.439420371854712,0.49444600063295524,-1
2022-11-18,656.0,635.0,842.0,1216.0,558.0,739.3571428571429,269.8357528204019,3.307086614173227,-2.7597146153132397,-23.439420371854712,0.4827115435069802,-1
2022-11-19,556.0,656.0,833.0,1082.0,518.4285714285714,701.7857142857143,241.6215067989494,-15.243902439024392,-2.7597146153132397,-18.55098905319762,0.4651679173797156,-1
2022-11-20,492.0,556.0,734.0,1132.0,483.85714285714283,656.0714285714286,222.16617584743116,-11.51079136690647,-2.7597146153132397,3.7331110721179215,0.458209555371838,-1
2022-11-21,406.0,492.0,547.0,937.0,463.7142857142857,618.1428571428571,221.87888196516545,-17.479674796747968,-2.7597146153132397,-5.9688834298414974,0.4774522513852315,-1
2022-11-22,294.0,406.0,0.0,625.0,505.7142857142857,594.5,127.02062140490324,-27.586206896551722,-2.7597146153132397,-10.106532099803754,0.25067503519433965,-1
2022-11-23,360.0,294.0,501.0,811.0,485.57142857142856,562.2857142857143,138.5494588506703,22.44897959183674,-2.7597146153132397,50.03518648838846,0.28474639223567005,1
2022-11-24,408.0,360.0,635.0,1016.0,453.14285714285717,518.8571428571429,123.49281905178121,13.33333333333333,-4.675882279983898,-9.115646258503409,0.2719250498151835,1
2022-11-25,347.0,408.0,656.0,842.0,409.0,483.5,89.4222203942533,-14.950980392156865,-7.284177566602483,-28.284313725490193,0.21810297657134953,1
2022-11-26,389.0,347.0,556.0,833.0,385.14285714285717,451.7857142857143,61.623667185546,12.103746397694515,-3.3773705899283533,27.05472678985138,0.15958774335879466,1
2022-11-27,343.0,389.0,492.0,734.0,363.85714285714283,423.85714285714283,40.76530008157023,-11.82519280205655,-3.4222850806640785,-23.928939199751063,0.11172948338723243,1
2022-11-28,291.0,343.0,406.0,547.0,347.42857142857144,405.57142857142856,43.99567267992851,-15.160349854227405,-3.090952946018284,-3.335157052170855,0.12626884327982763,1
2022-11-29,215.0,291.0,294.0,0.0,336.14285714285717,420.92857142857144,65.0702929460878,-26.116838487972505,-2.8810431733641098,-10.9564886337451,0.19300510619602312,1
2022-11-30,279.0,215.0,360.0,501.0,324.57142857142856,405.07142857142856,67.2851089115502,29.767441860465116,-1.8355485635600566,55.88428034843762,0.20666773250585846,1
2022-12-01,291.0,279.0,408.0,635.0,307.85714285714283,380.5,56.825549043593895,4.3010752688172005,-3.125871144205217,-25.466366591647915,0.18398651401718655,1
2022-12-02,275.0,291.0,347.0,656.0,297.57142857142856,353.2857142857143,55.04803249213043,-5.498281786941583,-1.7754856291744632,-9.799357055758783,0.18437140069134594,1
2022-12-03,253.0,275.0,389.0,556.0,278.14285714285717,331.64285714285717,39.087206229015564,-7.9999999999999964,-4.647449400273679,-2.501718213058413,0.14002581555942115,1
2022-12-04,226.0,253.0,343.0,492.0,261.42857142857144,312.64285714285717,30.88612225485793,-10.671936758893285,-4.482698536964642,-2.6719367588932883,0.11769344354055825,1
2022-12-05,226.0,226.0,291.0,406.0,252.14285714285714,299.7857142857143,30.27886541474921,0.0,-2.3169342720750117,10.671936758893285,0.11961177082575873,1
2022-12-06,165.0,226.0,215.0,294.0,245.0,290.57142857142856,43.508621754763354,-26.991150442477874,-2.4418359798614935,-26.991150442477874,0.1768643160762738,1
2022-12-07,166.0,165.0,279.0,360.0,228.85714285714286,276.7142857142857,49.36067622596465,0.60606060606061,-6.6077475876335665,27.597211048538483,0.2147450177636747,1
2022-12-08,241.0,166.0,291.0,408.0,221.71428571428572,264.7857142857143,41.92737684278827,45.18072289156627,-0.7677979272408422,44.57466228550566,0.18825634246280815,1
2022-12-09,249.0,241.0,275.0,347.0,218.0,257.7857142857143,37.318451651712614,3.319502074688807,0.4918854815634998,-41.86122081687746,0.17040388882060553,2
2022-12-10,210.0,249.0,253.0,389.0,211.85714285714286,245.0,33.98739507760081,-15.662650602409634,-0.6027788902093055,-18.98215267709844,0.15967232586792326,1
2022-12-11,173.0,210.0,226.0,343.0,204.28571428571428,232.85714285714286,36.146529509675425,-17.619047619047624,-1.5952232988027826,-1.9563970166379896,0.17607912774372164,1
2022-12-12,159.0,173.0,226.0,291.0,194.71428571428572,223.42857142857142,38.24794019202416,-8.092485549132943,-2.7512926629646315,9.52656206991468,0.19542743163807963,1
2022-12-13,114.0,159.0,165.0,215.0,187.42857142857142,216.21428571428572,48.369610445517544,-28.301886792452834,-2.9385407129610543,-20.20940124331989,0.25669997961988084,1
2022-12-14,152.0,114.0,166.0,279.0,185.42857142857142,207.14285714285714,49.675136785440934,33.33333333333333,1.7367839623636196,61.63522012578616,0.26645667241232684,2
2022-12-15,200.0,152.0,241.0,291.0,179.57142857142858,200.64285714285714,44.139391492433276,31.578947368421062,-0.20632682665712362,-1.7543859649122666,0.24444283263214628,1
2022-12-16,162.0,200.0,249.0,275.0,167.14285714285714,192.57142857142858,31.87699835597072,-18.999999999999993,-3.394827123041239,-50.578947368421055,0.18958282794545034,1
2022-12-17,167.0,162.0,210.0,253.0,161.0,186.42857142857142,25.806979037601913,3.0864197530864113,-0.716388500827518,22.086419753086403,0.15930233973828342,1
2022-12-18,176.0,167.0,173.0,226.0,161.42857142857142,182.85714285714286,26.063113423624067,5.389221556886237,2.5705070957344622,2.3028018037998255,0.16045892169337597,2
2022-12-19,135.0,176.0,159.0,226.0,158.0,176.35714285714286,27.946380213704682,-23.29545454545454,0.39865438197423436,-28.684676102340777,0.1757633975704697,2
2022-12-20,112.0,135.0,114.0,165.0,157.71428571428572,172.57142857142858,28.476392484896504,-17.037037037037038,2.0079186327479195,6.2584175084175016,0.1794192145763056,2
2022-12-21,131.0,112.0,152.0,166.0,154.71428571428572,170.07142857142858,30.230860539448592,16.964285714285722,-0.3305167414017386,34.00132275132276,0.19414314107902764,1
2022-12-22,185.0,131.0,200.0,241.0,152.57142857142858,166.07142857142858,26.825719275931895,41.221374045801525,1.0469727839383276,24.257088331515803,0.1746791022618821,2
2022-12-23,163.0,185.0,162.0,249.0,152.71428571428572,159.92857142857142,26.886891396305682,-11.891891891891893,2.062416799382342,-53.11326593769342,0.1749147209796838,2
2022-12-24,201.0,163.0,167.0,210.0,157.57142857142858,159.28571428571428,32.40297128353465,23.31288343558282,4.951911611167543,35.204775327474714,0.2043430621484167,2
2022-12-25,227.0,201.0,176.0,173.0,164.85714285714286,163.14285714285714,41.6510466957859,12.935323383084585,6.029926157767307,-10.377560052498234,0.2511260352028435,2
2022-12-26,196.0,227.0,135.0,159.0,173.57142857142858,165.78571428571428,40.73433295545334,-13.656387665198233,7.406935712089636,-26.591711048282818,0.2333390594829569,2
2022-12-27,157.0,196.0,112.0,114.0,180.0,168.85714285714286,32.01562379583338,-19.897959183673475,6.998232548284432,-6.241571518475242,0.1768818994244938,2
2022-12-28,188.0,157.0,131.0,152.0,188.14285714285714,171.42857142857142,23.62505077612578,19.7452229299363,7.395509293377371,39.643182113609775,0.12490585757770427,2
2022-12-29,268.0,188.0,185.0,200.0,200.0,176.28571428571428,38.148833538631294,42.553191489361694,7.585768928171681,22.807968559425394,0.18979519173448406,2
2022-12-30,243.0,268.0,163.0,162.0,211.42857142857142,182.07142857142858,37.188069968347314,-9.328358208955223,7.951988025734061,-51.88154969831692,0.1750615264145469,2
2022-12-31,226.0,243.0,201.0,167.0,215.0,186.28571428571428,37.22006851618627,-6.995884773662553,3.6221639958418663,2.3324734352926697,0.17231513201938087,2
2023-01-01,265.0,226.0,227.0,176.0,220.42857142857142,192.64285714285714,41.75666670882869,17.256637168141587,4.239494536564295,24.25252194180414,0.18857849481406505,2
2023-01-02,173.0,265.0,196.0,135.0,217.14285714285714,195.35714285714286,44.79370890528299,-34.716981132075475,1.230838327010403,-51.97361830021706,0.2053411672147878,2
2023-01-03,134.0,173.0,157.0,112.0,213.85714285714286,196.92857142857142,50.429584810503634,-22.543352601156073,0.8529249816557467,12.173628530919402,0.23471216334675893,2
2023-01-04,175.0,134.0,188.0,131.0,212.0,200.07142857142858,51.762278739940726,30.597014925373145,2.4031809810038673,53.14036752652922,0.24301539314526163,2
2023-01-05,188.0,175.0,268.0,185.0,200.57142857142858,200.28571428571428,45.82887606422672,7.428571428571429,-2.614621884823314,-23.168443496801714,0.22735799606632673,1
2023-01-06,228.0,188.0,243.0,163.0,198.42857142857142,204.92857142857142,43.821066638221865,21.27659574468086,1.7575143942675555,13.848024316109433,0.2197331421687343,2
2023-01-07,214.0,228.0,226.0,201.0,196.71428571428572,205.85714285714286,42.78517962563881,-6.140350877192979,1.8797335223346374,-27.41694662187384,0.2163990298984622,2
2023-01-08,163.0,214.0,265.0,227.0,182.14285714285714,201.28571428571428,31.545887595342133,-23.83177570093458,-3.9900397446762432,-17.6914248237416,0.17224743616801477,1
2023-01-09,170.0,163.0,173.0,196.0,181.71428571428572,199.42857142857142,31.71074889697148,4.294478527607359,1.583025920992733,28.12625422854194,0.17355374689507455,2
2023-01-10,121.0,170.0,134.0,157.0,179.85714285714286,196.85714285714286,35.16356576788829,-28.823529411764703,0.6858578051915002,-33.11800793937206,0.19442729887457977,2
2023-01-11,171.0,121.0,175.0,188.0,179.28571428571428,195.64285714285714,35.28793366399962,41.32231404958677,2.2180433943648756,70.14584346135148,0.19573338799365875,2
2023-01-12,197.0,171.0,188.0,268.0,180.57142857142858,190.57142857142858,35.818326984776746,15.204678362573109,3.328915813507973,-26.117635687013664,0.19726851997910086,2
2023-01-13,174.0,197.0,228.0,243.0,172.85714285714286,185.64285714285714,29.08280747881731,-11.675126903553302,-1.378473136239765,-26.87980526612641,0.1672799115461965,1
2023-01-14,179.0,174.0,214.0,226.0,167.85714285714286,182.28571428571428,23.255315324734234,2.8735632183908066,-0.09077112258493843,14.548690121944109,0.13772183356441592,1
2023-01-15,104.0,179.0,163.0,265.0,159.42857142857142,170.78571428571428,33.66926216398535,-41.89944134078212,-2.67186621399173,-44.773004559172925,0.20987073477105742,1
2023-01-16,114.0,104.0,170.0,173.0,151.42857142857142,166.57142857142858,37.205992546072856,9.615384615384626,-1.9117367728806922,51.514825956166746,0.2440880485684255,1
2023-01-17,79.0,114.0,121.0,134.0,145.42857142857142,162.64285714285714,45.41239788143618,-30.701754385964907,-2.1800546263378644,-40.31713900134953,0.31013344894639344,1
2023-01-18,138.0,79.0,171.0,175.0,140.71428571428572,160.0,44.006494925525324,74.68354430379746,2.5858354099779484,105.38529868976237,0.3105297020954408,2
2023-01-19,134.0,138.0,197.0,188.0,131.71428571428572,156.14285714285714,36.353426188399986,-2.898550724637683,-0.000340173909307787,-77.58209502843515,0.2739224793528524,1
2023-01-20,145.0,134.0,174.0,228.0,127.57142857142857,150.21428571428572,32.13957915123926,8.208955223880587,2.8402429871526764,11.10750594851827,0.24997450450963873,2
2023-01-21,131.0,145.0,179.0,214.0,120.71428571428571,144.28571428571428,23.221504307611497,-9.6551724137931,1.0504236111264038,-17.864127637673686,0.1907870072221602,2
2023-01-22,140.0,131.0,104.0,163.0,125.85714285714286,142.64285714285714,22.886889060702398,6.870229007633588,8.01751937518579,16.525401421426686,0.18041466601905043,2
2023-01-23,94.0,140.0,114.0,170.0,123.0,137.21428571428572,25.69046840890632,-32.85714285714286,1.9500154505390068,-39.72737186477645,0.2071811968460187,2
2023-01-24,89.0,94.0,79.0,121.0,124.42857142857143,134.92857142857142,22.969963314886723,-5.319148936170215,5.576101943366821,27.537993920972646,0.18313182597290098,2
2023-01-25,102.0,89.0,138.0,171.0,119.28571428571429,130.0,23.450051790473836,14.606741573033698,-3.0062984467422886,19.925890509203914,0.19495292462389174,1
2023-01-26,132.0,102.0,134.0,197.0,119.0,125.35714285714286,23.25224362804531,29.41176470588236,1.6094609004748601,14.80502313284866,0.1937686969003776,2
2023-01-27,99.0,132.0,145.0,174.0,112.42857142857143,120.0,21.078090078581347,-25.0,-3.134675560079509,-54.41176470588236,0.18582699061721591,1
2023-01-28,93.0,99.0,131.0,179.0,107.0,113.85714285714286,20.379732589303554,-6.060606060606055,-2.6211660810527886,18.939393939393945,0.18870122767873662,1
2023-01-29,109.0,93.0,140.0,104.0,102.57142857142857,114.21428571428571,14.547137680649588,17.204301075268823,-1.1448700713906124,23.26490713587488,0.14045512243385808,1
2023-01-30,80.0,109.0,94.0,114.0,100.57142857142857,111.78571428571429,16.721818522544787,-26.60550458715596,-0.2517788899639122,-43.80980566242478,0.16463112469453378,1
2023-01-31,65.0,80.0,89.0,79.0,97.14285714285714,110.78571428571429,21.318451106026224,-18.75,-2.170471899082453,7.855504587155959,0.21721857022151903,1
2023-02-01,111.0,65.0,102.0,138.0,98.42857142857143,108.85714285714286,21.923029323114783,70.76923076923076,5.852740843231413,89.51923076923076,0.22049023744511995,2
2023-02-02,128.0,111.0,132.0,134.0,97.85714285714286,108.42857142857143,20.93186623849598,15.315315315315313,3.838962358864692,-55.45391545391544,0.2117385313142657,2
2023-02-03,99.0,128.0,99.0,145.0,97.85714285714286,105.14285714285714,20.93186623849598,-22.65625,4.173783787436121,-37.97156531531532,0.2117385313142657,2
2023-02-04,128.0,99.0,93.0,131.0,102.85714285714286,104.92857142857143,23.589751112649626,29.292929292929305,9.224288837941172,51.9491792929293,0.22713653065824949,2
2023-02-05,113.0,128.0,109.0,140.0,103.42857142857143,103.0,23.810765381075367,-11.71875,5.092424398617055,-41.0116792929293,0.22801006520865605,2
2023-02-06,91.0,113.0,80.0,94.0,105.0,102.78571428571429,22.32338460925378,-19.469026548672563,6.111921261257541,-7.750276548672563,0.2105979680118281,2
2023-02-07,89.0,91.0,65.0,89.0,108.42857142857143,102.78571428571429,16.143705110550574,-2.197802197802201,8.476520947285795,17.271224350870362,0.14752733129745954,2
2023-02-08,96.0,89.0,111.0,102.0,106.28571428571429,102.35714285714286,16.7303594995254,7.86516853932584,-0.5097736569863349,10.06297073712804,0.15594209919664154,1
2023-02-09,109.0,96.0,128.0,132.0,103.57142857142857,100.71428571428571,13.926684746648613,13.541666666666675,-0.7631520353647119,5.676498127340835,0.13317867927122992,1
2023-02-10,114.0,109.0,99.0,99.0,105.71428571428571,101.78571428571429,14.256165764925042,4.587155963302747,3.1287631022499665,-8.954510703363928,0.1335919147984944,2
2023-02-11,132.0,114.0,128.0,93.0,106.28571428571429,104.57142857142857,15.33747900786479,15.789473684210531,1.1996980152901415,11.202317720907784,0.14295919181764782,2
2023-02-12,124.0,132.0,113.0,109.0,107.85714285714286,105.64285714285714,16.64761316887661,-6.060606060606055,2.0080042923464196,-21.850079744816586,0.15293082963534943,2
2023-02-13,79.0,124.0,91.0,80.0,106.14285714285714,105.57142857142857,19.108715922885477,-36.29032258064516,-0.3950379979353806,-30.229716520039105,0.17834801528026445,1
2023-02-14,77.0,79.0,89.0,65.0,104.42857142857143,106.42857142857143,21.313983235551657,-2.5316455696202556,-0.44272990819510266,33.75867701102491,0.20216515264073387,1
2023-02-15,102.0,77.0,96.0,111.0,105.28571428571429,105.78571428571429,21.037385665776057,32.467532467532465,3.0718935101201295,34.99917803715272,0.1979323920167102,2
2023-02-16,126.0,102.0,109.0,128.0,107.71428571428571,105.64285714285714,22.47008965230314,23.529411764705888,4.498714238411446,-8.938120702826577,0.20668939233393166,2
2023-02-17,156.0,126.0,114.0,99.0,113.71428571428571,109.71428571428571,29.06724839022607,23.809523809523814,7.244766787871598,0.2801120448179262,0.2533882175984838,2
2023-02-18,117.0,156.0,132.0,128.0,111.57142857142857,108.92857142857143,28.02889963403156,-25.0,1.4176991186986645,-48.80952380952381,0.24898768710434127,2
2023-02-19,142.0,117.0,124.0,113.0,114.14285714285714,111.0,30.107745806524324,21.36752136752136,5.336003037002581,46.36752136752136,0.2614816633320971,2
2023-02-20,120.0,142.0,79.0,91.0,120.0,113.07142857142857,25.8134364315189,-15.492957746478876,8.307055156169193,-36.860479114000235,0.21333418538445373,2
2023-02-21,95.0,120.0,77.0,89.0,122.57142857142857,113.5,21.321801394073322,-20.833333333333336,5.6925283327816105,-5.34037558685446,0.17254636966302112,2
2023-02-22,125.0,95.0,102.0,96.0,125.85714285714286,115.57142857142857,19.299646565249994,31.578947368421062,5.565587604337124,52.4122807017544,0.1521368535548986,2
2023-02-23,193.0,125.0,126.0,109.0,135.42857142857142,121.57142857142857,31.88969344497165,54.400000000000006,9.975671637950569,22.821052631578944,0.23374644409926865,2
2023-02-24,169.0,193.0,156.0,114.0,137.28571428571428,125.5,33.619016379110754,-12.435233160621761,4.797849213644058,-66.83523316062177,0.24311272174976786,2
2023-02-25,180.0,169.0,117.0,132.0,146.28571428571428,128.92857142857142,35.654428368629844,6.5088757396449815,9.299117176450483,18.94410890026674,0.2420766232593685,2
2023-02-26,218.0,180.0,142.0,124.0,157.14285714285714,135.64285714285714,44.5848594352271,21.111111111111104,9.262487139820447,14.602235371466122,0.28192774710622376,2
2023-02-27,185.0,218.0,120.0,79.0,166.42857142857142,143.21428571428572,42.26841864398475,-15.13761467889908,9.31325043518899,-36.248725790010184,0.2524564253480318,2
2023-02-28,169.0,185.0,95.0,77.0,177.0,149.78571428571428,28.407748362692306,-8.64864864864865,11.053919675858229,6.488966030250431,0.15959409192523769,2
2023-03-01,240.0,169.0,125.0,102.0,193.42857142857142,159.64285714285714,26.513252308628715,42.01183431952662,12.54433209744474,50.66048296817527,0.13636500085260914,2
2023-03-02,268.0,240.0,193.0,126.0,204.14285714285714,169.78571428571428,38.67569897018027,11.66666666666667,6.439570192682835,-30.34516765285995,0.18853056601062806,2
2023-03-03,283.0,268.0,169.0,156.0,220.42857142857142,178.85714285714286,44.910494853269206,5.597014925373145,9.01560563353925,-6.069651741293525,0.20282158965992547,2
2023-03-04,334.0,283.0,180.0,117.0,242.42857142857142,194.35714285714286,57.70285274247339,18.021201413427555,10.66022358693676,12.42418648805441,0.23704223544443295,2
2023-03-05,324.0,334.0,218.0,142.0,257.57142857142856,207.35714285714286,63.80924082459282,-2.9940119760479056,7.216634574485473,-21.01521338947546,0.24677606948737557,2
2023-03-06,281.0,324.0,185.0,120.0,271.2857142857143,218.85714285714286,55.370614308392234,-13.271604938271608,7.483207394575111,-10.277592962223702,0.20335482694582668,2
2023-03-07,266.0,281.0,169.0,95.0,285.14285714285717,231.07142857142858,33.20857857219342,-5.338078291814952,7.956146016979926,7.933526646456656,0.1160559410910404,2
2023-03-08,326.0,266.0,240.0,125.0,297.42857142857144,245.42857142857142,29.415742065341263,22.55639097744362,5.176796968110926,27.894469269258572,0.09856878624097119,2
2023-03-09,379.0,326.0,268.0,193.0,313.2857142857143,258.7142857142857,39.199127484311525,16.257668711656436,5.832654403109464,-6.298722265787184,0.12472449654099121,2
2023-03-10,440.0,379.0,283.0,169.0,335.7142857142857,278.07142857142856,58.931357772002656,16.094986807387855,7.3323646719687074,-0.16268190426858098,0.17501888180060185,2
2023-03-11,456.0,440.0,334.0,180.0,353.14285714285717,297.7857142857143,74.36044887850805,3.6363636363636376,5.277387846673863,-12.458623171024218,0.20997303031446402,2
2023-03-12,524.0,456.0,324.0,218.0,381.7142857142857,319.64285714285717,96.44119933319678,14.912280701754387,7.835429657788476,11.27591706539075,0.2519926820949524,2
2023-03-13,444.0,524.0,281.0,185.0,405.0,338.14285714285717,87.31742953294382,-15.267175572519086,7.550348138610263,-30.179456274273473,0.21506756042597,2
2023-03-14,402.0,444.0,266.0,169.0,424.42857142857144,354.7857142857143,62.97051596725129,-9.459459459459463,6.961579400375334,5.807716113059623,0.148016659426044,2
2023-03-15,618.0,402.0,326.0,240.0,466.14285714285717,381.7857142857143,81.02762712401496,53.73134328358209,11.415144015537972,63.19080274304156,0.17345363604529193,2
2023-03-16,754.0,618.0,379.0,268.0,519.7142857142857,416.5,125.5464253921483,22.006472491909392,12.236401698431251,-31.7248707916727,0.24110424629493502,2
2023-03-17,796.0,754.0,440.0,283.0,570.5714285714286,453.14285714285717,156.22938012560692,5.57029177718833,10.732873836974177,-16.43618071472106,0.2733330819493248,2
2023-03-18,843.0,796.0,456.0,334.0,625.8571428571429,489.5,176.13482437399145,5.904522613065333,11.056896547931562,0.334230835877003,0.2809808046075524,2
2023-03-19,1071.0,843.0,524.0,324.0,704.0,542.8571428571429,234.93758071752265,27.046263345195733,12.790322639851755,21.1417407321304,0.33324479534400375,2
2023-03-20,918.0,1071.0,444.0,281.0,771.7142857142857,588.3571428571429,214.97031949070333,-14.28571428571429,12.930531395109583,-41.331977630910025,0.27820155970325816,2
2023-03-21,646.0,918.0,402.0,266.0,806.5714285714286,615.5,156.99454092726506,-29.629629629629626,10.049078513656701,-15.343915343915336,0.19440328789861233,2
2023-03-22,1134.0,646.0,618.0,326.0,880.2857142857143,673.2142857142857,173.92403972771032,75.54179566563468,13.1648574253785,105.1714252952643,0.1973526143773662,2
2023-03-23,1300.0,1134.0,754.0,379.0,958.2857142857143,739.0,223.27913381048722,14.63844797178131,12.112282493931632,-60.90334769385337,0.23275561231175138,2
2023-03-24,1249.0,1300.0,796.0,440.0,1023.0,796.7857142857143,233.8033365171527,-3.923076923076918,10.75608696532231,-18.56152489485823,0.22832357081753193,2
2023-03-25,1590.0,1249.0,843.0,456.0,1129.7142857142858,877.7857142857143,299.2650524118431,27.301841473178534,13.81284680248134,31.224918396255454,0.2646690292966395,2
2023-03-26,1890.0,1590.0,1071.0,524.0,1246.7142857142858,975.3571428571429,411.52590634733576,18.867924528301884,12.644512685782217,-8.43391694487665,0.32982383151263456,2
2023-03-27,1805.0,1890.0,918.0,444.0,1373.4285714285713,1072.5714285714287,429.6036381138291,-4.4973544973545,14.042849798405046,-23.365279025656385,0.31256890830441786,2
2023-03-28,1573.0,1805.0,646.0,402.0,1505.857142857143,1156.2142857142858,287.3067054967899,-12.853185595567862,16.439484660413868,-8.355831098213361,0.19066618681053557,2
2023-03-29,2151.0,1573.0,1134.0,618.0,1651.142857142857,1265.7142857142858,322.86396984385857,36.74507310870947,10.897095723710265,49.59825870427733,0.19542133929157027,2
2023-03-30,3016.0,2151.0,1300.0,754.0,1896.2857142857142,1427.2857142857142,569.256156395892,40.2138540213854,14.55072515936799,3.468780912675932,0.30003712783459413,2
2023-03-31,3094.0,3016.0,1249.0,796.0,2159.8571428571427,1591.4285714285713,642.0756521026512,2.586206896551735,15.480622847886371,-37.627647124833665,0.2971393339097289,2
2023-04-01,2995.0,3094.0,1590.0,843.0,2360.5714285714284,1745.142857142857,653.7443072130006,-3.1997414350355524,11.123253860998647,-5.785948331587287,0.27682597244516394,2
2023-04-02,3824.0,2995.0,1890.0,1071.0,2636.8571428571427,1941.7857142857142,811.3916910815054,27.67946577629383,12.382045467854637,30.879207211329383,0.3075950088042534,2
2023-04-03,3641.0,3824.0,1805.0,918.0,2899.1428571428573,2136.285714285714,794.2395585438659,-4.78556485355649,12.340872559825783,-32.46503062985032,0.27386221909300335,2
2023-04-04,3038.0,3641.0,1573.0,646.0,3108.4285714285716,2307.1428571428573,538.3495944826599,-16.561384235100252,11.811129897035439,-11.775819381543762,0.17313457508860697,2
2023-04-05,4435.0,3038.0,2151.0,1134.0,3434.714285714286,2542.9285714285716,553.2942902233341,45.984200131665574,13.13100518602917,62.54558436676582,0.16104199715440076,2
2023-04-06,5335.0,4435.0,3016.0,1300.0,3766.0,2831.1428571428573,866.4409963551943,20.29312288613303,10.285186452421687,-25.691077245532544,0.2300082283926717,2
2023-04-07,6050.0,5335.0,3094.0,1249.0,4188.285714285715,3174.0714285714284,1156.2234090318839,13.4020618556701,11.830308589438598,-6.8910610304629305,0.2759953576546696,2
2023-04-08,6155.0,6050.0,2995.0,1590.0,4639.714285714285,3500.1428571428573,1227.370864188864,1.7355371900826366,12.53534839302691,-11.666524665587463,0.2644788686877651,2
2023-04-09,5357.0,6155.0,3824.0,1890.0,4858.714285714285,3747.785714285714,1193.8744650337376,-12.965069049553213,6.7289862750487615,-14.70060623963585,0.24566762464683883,2
2023-04-10,5880.0,5357.0,3641.0,1805.0,5178.571428571428,4038.8571428571427,1110.2592576564225,9.762927011386967,8.80734225575497,22.72799606094018,0.2143534987338985,2
2023-04-11,5676.0,5880.0,3038.0,1573.0,5555.428571428572,4331.928571428572,586.9829235547728,-3.469387755102038,10.677627467183285,-13.232314766489004,0.10564032561726211,2
2023-04-12,7830.0,5676.0,4435.0,2151.0,6040.428571428572,4737.571428571428,850.3953703295682,37.94926004228329,9.529778882985818,41.41864779738533,0.14076064299614513,2
2023-04-13,10158.0,7830.0,5335.0,3016.0,6729.428571428572,5247.714285714285,1706.495029549623,29.731800766283524,10.87816143729303,-8.217459275999769,0.25354923708631083,2
2023-04-14,11109.0,10158.0,6050.0,3094.0,7452.142857142857,5820.214285714285,2328.646347062318,9.362079149438873,10.30102105068857,-20.36972161684465,0.3124381742972519,2
2023-04-15,10753.0,11109.0,6155.0,2995.0,8109.0,6374.357142857143,2540.6171166659146,-3.2046088756863766,9.595285898435852,-12.56668802512525,0.3132696814631214,2
2023-04-16,10093.0,10753.0,5357.0,3824.0,8785.57142857143,6822.142857142857,2305.3171045526587,-6.137822003161908,10.570606905063183,-2.9332131274755313,0.262368219878851,2
2023-04-17,9111.0,10093.0,5880.0,3641.0,9247.142857142857,7212.857142857143,1917.4263505244853,-9.729515505796094,7.785972259751317,-3.591693502634186,0.20733096148526187,2
2023-04-18,7633.0,9111.0,5676.0,3038.0,9526.714285714286,7541.071428571428,1376.252001484556,-16.222149050598176,5.9641492175375825,-6.492633544802082,0.14444723678879498,2
2023-04-19,10542.0,7633.0,7830.0,4435.0,9914.142857142857,7977.285714285715,1187.8325399729522,38.11083453425914,5.987231287819847,54.33298358485732,0.11979984122137374,2
2023-04-20,12591.0,10542.0,10158.0,5335.0,10261.714285714286,8495.57142857143,1566.638302732901,19.43653955606146,4.516479686359552,-18.67429497819768,0.15265340719010992,2
2023-04-21,11692.0,12591.0,11109.0,6050.0,10345.0,8898.57142857143,1633.2688082986233,-7.140020649670397,2.1590368579153707,-26.57656020573186,0.15786476012938558,2
2023-04-22,12193.0,11692.0,10753.0,6155.0,10550.714285714286,9329.857142857143,1777.5363770088247,4.284981183715364,3.228978294972762,11.42500183338576,0.16845948713901293,2
2023-04-23,10112.0,12193.0,10093.0,5357.0,10553.42857142857,9669.5,1776.7352886334452,-17.06716968752563,1.6676429114922304,-21.352150871240994,0.16834026367312457,2
2023-04-24,6904.0,10112.0,9111.0,5880.0,10238.142857142857,9742.642857142857,2216.7026134219595,-31.7246835443038,-1.474523951151728,-14.65751385677817,0.21649298621471827,1
2023-04-25,6934.0,6904.0,7633.0,5676.0,10138.285714285714,9832.5,2364.4383910187275,0.4345307068366111,0.9050017284818129,32.15921425114041,0.23319575536641202,2
2023-04-26,9629.0,6934.0,10542.0,7830.0,10007.857142857143,9961.0,2363.638397968665,38.86645514854341,1.0129475305224227,38.4319244417068,0.2361546742282643,2
2023-04-27,9355.0,9629.0,12591.0,10158.0,9545.57142857143,9903.642857142857,2072.7742164892484,-2.8455706719285545,-2.170211073476151,-41.712025820471965,0.21712237026643427,1
2023-04-28,7533.0,9355.0,11692.0,11109.0,8951.42857142857,9648.214285714286,1947.2461629721145,-19.476215927311603,-3.9325246845677517,-16.630645255383047,0.21751038251080795,1
2023-04-29,7171.0,7533.0,12193.0,10753.0,8234.0,9392.357142857143,1402.9623421516867,-4.805522368246384,-5.231168049133716,14.670693559065219,0.1703657974683287,1
2023-04-30,5874.0,7171.0,10112.0,10093.0,7628.571428571428,9091.0,1371.5398715350482,-18.086738251289912,-5.376820701100042,-13.281215883043528,0.17976630592891077,1
2023-05-01,4282.0,5874.0,6904.0,9111.0,7254.0,8746.07142857143,1869.899284318892,-27.102485529451826,-4.716506698978331,-9.015747278161914,0.25773939136028834,1
2023-05-02,3325.0,4282.0,6934.0,7633.0,6738.428571428572,8438.357142857143,2396.284753365276,-22.349369453526393,-7.971349579030189,4.753116075925433,0.3555620076640015,1
2023-05-03,3720.0,3325.0,9629.0,10542.0,5894.285714285715,7951.071428571428,2244.2723924676156,11.87969924812029,-11.826600421947777,34.22906870164668,0.380689334026542,1
2023-05-04,3962.0,3720.0,9355.0,12591.0,5123.857142857143,7334.714285714285,1723.504900782509,6.505376344086011,-10.49075084823141,-5.374322904034278,0.3363030134771021,1
2023-05-05,3611.0,3962.0,7533.0,11692.0,4563.571428571428,6757.5,1420.688900690596,-8.859162039374057,-8.974028864240333,-15.364538383460069,0.31124256086736896,1
2023-05-06,2961.0,3611.0,7171.0,12193.0,3962.1428571428573,6098.071428571428,944.0761673131319,-18.00055386319579,-10.859033363518819,-9.141391823821733,0.2382140138127,1
2023-05-07,2380.0,2961.0,5874.0,10112.0,3463.0,5545.785714285715,639.2250517867656,-19.621749408983447,-11.078320671760752,-1.621195545787657,0.1845337909315143,1
2023-05-08,1839.0,2380.0,4282.0,6904.0,3114.0,5184.0,770.8934211886823,-22.731092436974787,-10.453835944264032,-3.10934302799134,0.24747782381659142,1
2023-05-09,1331.0,1839.0,3325.0,6934.0,2829.1428571428573,4783.785714285715,1010.958526855889,-27.623708537248504,-11.207312956224333,-4.892616100273717,0.3572111295740358,1
2023-05-10,2109.0,1331.0,3720.0,9629.0,2599.0,4246.642857142857,956.2463072690095,58.45229151014275,-4.554085490221126,86.07600004739126,0.3677870412573114,1
2023-05-11,1690.0,2109.0,3962.0,9355.0,2274.4285714285716,3699.1428571428573,787.139093519534,-19.867235656709337,-8.321601490334746,-78.31952716685208,0.34593003858844407,1
2023-05-12,1580.0,1690.0,3611.0,7533.0,1984.2857142857142,3273.9285714285716,551.3703276938325,-6.508875739644971,-7.985846304659162,13.358359917064366,0.2777284517418743,1
2023-05-13,1223.0,1580.0,2961.0,7171.0,1736.0,2849.0714285714284,411.9304150372654,-22.594936708860757,-8.64218671118273,-16.086060969215787,0.23715049800648555,1
2023-05-14,1272.0,1223.0,2380.0,5874.0,1577.7142857142858,2520.3571428571427,327.4394166785185,4.006541291905141,-5.266716611055789,26.601478000765898,0.20740891473618944,1
2023-05-15,801.0,1272.0,1839.0,4282.0,1429.4285714285713,2271.714285714286,413.1976353763015,-37.02830188679245,-7.309175103886882,-41.03484317869759,0.2888628230933897,1
2023-05-16,656.0,801.0,1331.0,3325.0,1333.0,2081.0714285714284,507.90550318571667,-18.102372034956304,-5.948984174987997,18.925929851836145,0.38073875801028234,1
2023-05-17,1021.0,656.0,2109.0,3720.0,1177.5714285714287,1888.2857142857142,381.63457986322027,55.640243902439025,-6.3507052618028155,73.74261593739533,0.32381115867182325,1
2023-05-18,906.0,1021.0,1690.0,3962.0,1065.5714285714287,1670.0,315.4968872758868,-11.263467189030363,-5.121595480705818,-66.90371109146939,0.2958047429589081,1
2023-05-19,865.0,906.0,1580.0,3611.0,963.4285714285714,1473.857142857143,223.52841552585275,-4.525386313465784,-4.838239848394506,6.738080875564579,0.23177290900325423,1
2023-05-20,782.0,865.0,1223.0,2961.0,900.4285714285714,1318.2142857142858,198.97475354309162,-9.595375722543354,-2.9811597074920195,-5.06998940907757,0.22073269014289087,1
2023-05-21,756.0,782.0,1272.0,2380.0,826.7142857142857,1202.2142857142858,117.12061416275795,-3.324808184143224,-4.0284953469275,6.27056753840013,0.1414988434827935,1
2023-05-22,473.0,756.0,801.0,1839.0,779.8571428571429,1104.642857142857,178.5995792001192,-37.43386243386243,-4.086432567937498,-34.10905424971921,0.22872247610699492,1
2023-05-23,405.0,473.0,656.0,1331.0,744.0,1038.5,226.40818632138092,-14.376321353065535,-3.554139613381674,23.057541080796895,0.3039036058005113,1
2023-05-24,552.0,405.0,1021.0,2109.0,677.0,927.2857142857143,198.44226742315217,36.29629629629629,-6.317560699973494,50.672617649361825,0.2926877100636463,1
2023-05-25,535.0,552.0,906.0,1690.0,624.0,844.7857142857143,175.27882596995352,-3.079710144927539,-5.148452550815946,-39.37600644122383,0.2804461215519256,1
2023-05-26,490.0,535.0,865.0,1580.0,570.4285714285714,766.9285714285714,143.8295955209545,-8.41121495327103,-5.703570927930982,-5.331504808343491,0.2517017921616704,1
2023-05-27,425.0,490.0,782.0,1223.0,519.4285714285714,709.9285714285714,117.11939441335211,-13.265306122448983,-6.227846699346072,-4.854091169177954,0.2250441287108056,1
2023-05-28,403.0,425.0,756.0,1272.0,469.0,647.8571428571429,60.67674046529898,-5.1764705882352935,-6.492369899930653,8.08883553421369,0.12909944779850846,1
2023-05-29,310.0,403.0,473.0,801.0,445.7142857142857,612.7857142857143,85.2050757217231,-23.076923076923073,-4.44137856322503,-17.90045248868778,0.19073729774610224,1
2023-05-30,224.0,310.0,405.0,656.0,419.85714285714283,581.9285714285714,119.98531725728228,-27.74193548387097,-6.35075201048295,-4.665012406947898,0.28509749518023625,1
2023-05-31,310.0,224.0,552.0,1021.0,385.2857142857143,531.1428571428571,110.01471838855116,38.39285714285714,-6.051243318117114,66.13479262672811,0.2848014159466931,1
2023-06-01,288.0,310.0,535.0,906.0,350.0,487.0,92.15385776096132,-7.096774193548383,-6.625109610777235,-45.48963133640552,0.2625466033075821,1
2023-06-02,267.0,288.0,490.0,865.0,318.14285714285717,444.2857142857143,72.04033377714022,-7.2916666666666625,-6.465174141262326,-0.19489247311827995,0.22573067880034983,1
2023-06-03,237.0,267.0,425.0,782.0,291.2857142857143,405.35714285714283,59.51950600852565,-11.23595505617978,-6.17526684608101,-3.944288389513117,0.20363467353845532,1
2023-06-04,202.0,237.0,403.0,756.0,262.57142857142856,365.7857142857143,42.7701517559794,-14.767932489451475,-7.5454756891118935,-3.5319774332716953,0.16227157847797063,1
2023-06-05,174.0,202.0,310.0,473.0,243.14285714285714,344.42857142857144,48.18170147920278,-13.861386138613863,-6.228970412210578,0.9065463508376119,0.1973504449118897,1
2023-06-06,124.0,174.0,224.0,405.0,228.85714285714286,324.35714285714283,66.2430601958106,-28.735632183908045,-6.370927083644445,-14.874246045294182,0.2881923066318671,1
2023-06-07,214.0,124.0,310.0,552.0,215.14285714285714,300.2142857142857,55.7507221846818,72.58064516129032,-1.4869573667254181,101.31627734519836,0.25793460363038506,1
2023-06-08,199.0,214.0,288.0,535.0,202.42857142857142,276.2142857142857,45.58822086091587,-7.009345794392519,-1.4744675954174384,-79.58999095568284,0.224099400299446,1
2023-06-09,169.0,199.0,267.0,490.0,188.42857142857142,253.28571428571428,36.619018937408164,-15.07537688442211,-2.5864261979539305,-8.06603109002959,0.19331307131361777,1
2023-06-10,186.0,169.0,237.0,425.0,181.14285714285714,236.21428571428572,29.779350073491127,10.059171597633142,0.45573475259077234,25.13454848205525,0.163494470991716,2
2023-06-11,140.0,186.0,202.0,403.0,172.28571428571428,217.42857142857142,31.70023547073115,-24.731182795698924,-0.9675867197302915,-34.790354393332066,0.18293623107594234,1
2023-06-12,92.0,140.0,174.0,310.0,160.57142857142858,201.85714285714286,43.80204578122734,-34.285714285714285,-3.8853478836017805,-9.55453149001536,0.27110019493244153,1
2023-06-13,80.0,92.0,124.0,224.0,154.28571428571428,191.57142857142858,52.264439110897236,-13.043478260869568,-1.6436116088819979,21.242236024844715,0.3365695250931745,1
2023-06-14,120.0,80.0,214.0,310.0,140.85714285714286,178.0,46.073958922827565,50.0,-4.8694180604949,63.04347826086957,0.3247912512183212,1
2023-06-15,106.0,120.0,199.0,288.0,127.57142857142857,165.0,39.44556436372536,-11.66666666666667,-5.534749613676921,-61.66666666666667,0.30679883394008617,1
2023-06-16,96.0,106.0,169.0,267.0,117.14285714285714,152.78571428571428,36.18208153449986,-9.433962264150942,-4.728833239352469,2.2327044025157274,0.3062570383814982,1
2023-06-17,108.0,96.0,186.0,237.0,106.0,143.57142857142858,19.697719843491107,12.5,-4.380143467585776,21.933962264150942,0.18409083965879539,1
2023-06-18,90.0,108.0,140.0,202.0,98.85714285714286,135.57142857142858,13.359504388745421,-16.666666666666664,-3.228069734866881,-29.166666666666664,0.1337861669831444,1
2023-06-19,63.0,90.0,92.0,174.0,94.71428571428571,127.64285714285714,19.102484889244934,-30.000000000000004,-2.615824836907698,-13.33333333333334,0.19957820033539483,1
2023-06-20,36.0,63.0,80.0,124.0,88.42857142857143,121.35714285714286,29.27944468954886,-42.85714285714286,-6.874919779232455,-12.857142857142858,0.32740593103329396,1
2023-06-21,92.0,36.0,120.0,214.0,84.42857142857143,112.64285714285714,25.973432862522326,155.55555555555554,8.204445300132623,198.4126984126984,0.3040368395278533,2
2023-06-22,95.0,92.0,106.0,199.0,82.85714285714286,105.21428571428571,24.754993250965,3.2608695652173836,10.33695047611606,-152.29468599033817,0.2952043488190034,2
2023-06-23,51.0,95.0,96.0,169.0,76.42857142857143,96.78571428571429,26.550942506845754,-46.31578947368421,5.068118017611305,-49.576659038901596,0.3429088515644286,2
2023-06-24,55.0,51.0,108.0,186.0,68.85714285714286,87.42857142857143,23.419572103903512,7.843137254901955,4.402851911168729,54.15892672858617,0.33524949841988666,2
2023-06-25,80.0,55.0,90.0,140.0,67.42857142857143,83.14285714285714,22.18751634005641,45.45454545454546,13.277310785627604,37.611408199643506,0.3242434538212836,2
2023-06-26,47.0,80.0,63.0,92.0,65.14285714285714,79.92857142857143,23.504815624293755,-41.25,11.670167928484746,-86.70454545454547,0.3553643830886745,2
2023-06-27,33.0,47.0,36.0,80.0,64.71428571428571,76.57142857142857,24.143424134965993,-29.78723404255319,13.537297759140413,11.462765957446809,0.36739993248861297,2
2023-06-28,65.0,33.0,92.0,120.0,60.857142857142854,72.64285714285714,21.011338784915075,96.96969696969697,5.1678893897320455,126.75693101225016,0.3396752228508211,2
2023-06-29,47.0,65.0,95.0,106.0,54.0,68.42857142857143,14.977766869447251,-27.692307692307693,0.7460069243713201,-124.66200466200466,0.27232303398995,2
2023-06-30,44.0,47.0,51.0,96.0,53.0,64.71428571428571,15.438053646625255,-6.382978723404253,6.450694174411315,21.30932896890344,0.28588988234491214,2
2023-07-01,40.0,44.0,55.0,108.0,50.857142857142854,59.857142857142854,16.139279957301465,-9.090909090909093,4.031544696438307,-2.70793036750484,0.31122578430057923,2
2023-07-02,53.0,40.0,80.0,90.0,47.0,57.214285714285715,10.116002194517607,32.49999999999999,2.180895345788955,41.590909090909086,0.21075004571911682,2
2023-07-03,44.0,53.0,47.0,63.0,46.57142857142857,55.857142857142854,10.179352370629605,-16.981132075471695,5.647876477864427,-49.48113207547169,0.2139803801633851,2
2023-07-04,26.0,44.0,33.0,36.0,45.57142857142857,55.142857142857146,11.92836457158637,-40.90909090909091,4.059039782644754,-23.92795883361921,0.2561305276107503,2
2023-07-05,56.0,26.0,65.0,92.0,44.285714285714285,52.57142857142857,9.776072608114209,115.38461538461537,6.689742413347383,156.2937062937063,0.21587542036845256,2
2023-07-06,42.0,56.0,47.0,95.0,43.57142857142857,48.785714285714285,9.72724085684864,-25.0,7.074357797962768,-140.38461538461536,0.2182393781985272,2
2023-07-07,45.0,42.0,44.0,51.0,43.714285714285715,48.357142857142854,9.741916083234274,7.14285714285714,9.006620064571537,32.14285714285714,0.21787032774006365,2
2023-07-08,49.0,45.0,40.0,55.0,45.0,47.92857142857143,9.763887565955493,8.888888888888879,11.575162633114104,1.746031746031739,0.21225842534685854,2
2023-07-09,32.0,49.0,53.0,80.0,42.0,44.5,10.116002194657884,-34.693877551020414,1.9760372686826193,-43.58276643990929,0.23525586499204382,2
2023-07-10,24.0,32.0,44.0,47.0,39.142857142857146,42.857142857142854,12.088962908929314,-25.0,0.8304847080357186,9.693877551020414,0.301148542215321,2
2023-07-11,20.0,24.0,26.0,33.0,38.285714285714285,41.92857142857143,13.325599260165625,-16.666666666666664,4.2936881712391815,8.333333333333336,0.33919707207694316,2
2023-07-12,46.0,20.0,56.0,65.0,36.857142857142854,40.57142857142857,11.524308694296277,129.99999999999997,6.3816002591512655,146.66666666666663,0.3044157013587696,2
2023-07-13,48.0,46.0,42.0,47.0,37.714285714285715,40.642857142857146,12.175313643168197,4.347826086956519,10.574146843002199,-125.65217391304346,0.3144914963179977,2
2023-07-14,52.0,48.0,45.0,44.0,38.714285714285715,41.214285714285715,13.123957570372973,8.333333333333325,10.744214870213083,3.985507246376806,0.3304593632827727,2
2023-07-15,54.0,52.0,49.0,40.0,39.42857142857143,42.214285714285715,13.890736050434128,3.8461538461538547,10.023824149822365,-4.48717948717947,0.3435871107881233,2
2023-07-16,59.0,54.0,32.0,53.0,43.285714285714285,42.642857142857146,15.173604130408675,9.259259259259256,16.30284369414803,5.413105413105401,0.3426297706866475,2
2023-07-17,43.0,59.0,24.0,44.0,46.0,42.57142857142857,12.635934224796594,-27.118644067796616,16.000180255891376,-36.377903327055876,0.26884966435737434,2
2023-07-18,34.0,43.0,20.0,26.0,48.0,43.142857142857146,8.144538071549382,-20.93023255813954,15.39109941425239,6.188411509657076,0.16621506268468128,2
2023-07-19,49.0,34.0,46.0,56.0,48.42857142857143,42.642857142857146,8.100568787707957,44.11764705882353,3.1221918512271833,65.04787961696307,0.16388433963571009,2
2023-07-20,51.0,49.0,48.0,42.0,48.857142857142854,43.285714285714285,8.153303474131693,4.081632653061229,3.0841642178135706,-40.0360144057623,0.16353330750407408,2
2023-07-21,109.0,51.0,52.0,45.0,57.0,47.857142857142854,24.296779630103426,113.72549019607843,18.140186626777158,109.64385754301719,0.4189099936224729,2
2023-07-22,60.0,109.0,54.0,49.0,57.857142857142854,48.642857142857146,24.279134200711923,-44.95412844036697,11.168717728702754,-158.6796186364454,0.41250956166258124,2
2023-07-23,40.0,60.0,59.0,32.0,55.142857142857146,49.214285714285715,25.175577269867187,-33.333333333333336,5.0840616440466695,11.620795107033636,0.44841995137168017,2
2023-07-24,47.0,40.0,43.0,24.0,55.714285714285715,50.857142857142854,24.897890050483536,17.500000000000004,11.4581536537319,50.83333333333334,0.4390056180186014,2
2023-07-25,21.0,47.0,34.0,20.0,53.857142857142854,50.92857142857143,27.168787683757927,-55.319148936170215,6.545451314013233,-72.81914893617022,0.4952643588185039,2
2023-07-26,60.0,21.0,49.0,46.0,55.42857142857143,51.92857142857143,27.159146059484545,185.71428571428572,26.773542550507834,241.03343465045594,0.48130132257314384,3
2023-07-27,42.0,60.0,51.0,48.0,54.142857142857146,51.5,27.612974442067767,-30.000000000000004,21.9047378857848,-215.71428571428572,0.5007534225245449,3
2023-07-28,52.0,42.0,109.0,52.0,46.0,51.5,13.576947388866634,23.809523809523814,9.059599830562712,53.80952380952382,0.28887122103971563,2
2023-07-29,50.0,52.0,60.0,54.0,44.57142857142857,51.214285714285715,12.326903423808876,-3.8461538461538436,14.932167629736016,-27.655677655677657,0.2704963133751164,2
2023-07-30,52.0,50.0,40.0,59.0,46.285714285714285,50.714285714285715,12.419269797562666,4.0000000000000036,20.26550096306935,7.846153846153847,0.262643167924286,3
2023-07-31,41.0,52.0,47.0,43.0,45.42857142857143,50.57142857142857,12.567917409794848,-21.153846153846157,14.743522941091326,-25.15384615384616,0.27069360574942747,2
2023-08-01,36.0,41.0,21.0,34.0,47.57142857142857,50.714285714285715,8.243333550100237,-12.195121951219512,20.904098224655716,8.958724202626644,0.16971569073735784,3
2023-08-02,60.0,36.0,60.0,49.0,47.57142857142857,51.5,8.243333550100237,66.66666666666667,3.8972955035672805,78.86178861788619,0.16971569073735784,2
2023-08-03,77.0,60.0,42.0,51.0,52.57142857142857,53.357142857142854,13.33988560728203,28.333333333333343,12.230628836900616,-38.33333333333333,0.2490111980025979,2
2023-08-04,54.0,77.0,52.0,109.0,52.857142857142854,49.42857142857143,13.347023046570508,-29.87012987012987,4.562106882664375,-58.203463203463215,0.24782270908751608,2
2023-08-05,77.0,54.0,50.0,60.0,56.714285714285715,50.642857142857146,16.017852403866957,42.59259259259258,11.196213516771008,72.46272246272245,0.2775370466016552,2
2023-08-06,47.0,77.0,52.0,40.0,56.0,51.142857142857146,16.370710646182815,-38.961038961038966,5.058922236622584,-81.55363155363155,0.2872054499330318,2
2023-08-07,54.0,47.0,41.0,47.0,57.857142857142854,51.642857142857146,15.071264850796245,14.893617021276606,10.208559833068692,53.85465598231557,0.25606517950381974,2
2023-08-08,25.0,54.0,36.0,21.0,56.285714285714285,51.92857142857143,18.015870659846268,-53.703703703703695,4.278762439856664,-68.5973207249803,0.31449150777786505,2
2023-08-09,53.0,25.0,60.0,60.0,55.285714285714285,51.42857142857143,17.96955561404373,112.00000000000001,10.754952916047143,165.7037037037037,0.3192560642088988,2
2023-08-10,39.0,53.0,77.0,42.0,49.857142857142854,51.214285714285715,15.941863887494051,-26.415094339622648,2.933748962767718,-138.41509433962267,0.3134636157653325,2
2023-08-11,47.0,39.0,54.0,52.0,48.857142857142854,50.857142857142854,15.85800610232219,20.512820512820507,10.1313133031892,46.92791485244315,0.31806889030445656,2
2023-08-12,38.0,47.0,77.0,50.0,43.285714285714285,50.0,10.1442066704608,-19.14893617021277,1.3110949085027208,-39.661756683033275,0.22906273126846968,2
2023-08-13,38.0,38.0,47.0,52.0,42.0,49.0,10.165308672259911,0.0,6.876957617222573,19.14893617021277,0.2364025272618584,2
2023-08-14,39.0,38.0,54.0,41.0,39.857142857142854,48.857142857142854,8.687713021641304,2.6315789473684292,5.125237892378548,2.6315789473684292,0.21263633269751445,2
2023-08-15,22.0,39.0,25.0,36.0,39.42857142857143,47.857142857142854,9.571792658091601,-43.58974358974359,6.570089337229992,-46.22132253711202,0.23675812228495124,2
2023-08-16,58.0,22.0,53.0,60.0,40.142857142857146,47.714285714285715,10.854017269175827,163.63636363636363,13.946712713853364,207.22610722610722,0.26381291973691245,2
2023-08-17,33.0,58.0,39.0,77.0,39.285714285714285,44.57142857142857,11.190990229136338,-43.103448275862064,11.562662151533447,-206.7398119122257,0.2777905376026751,2
2023-08-18,50.0,33.0,47.0,54.0,39.714285714285715,44.285714285714285,11.586123696404321,51.515151515151516,15.991566580437878,94.61859979101358,0.2845714592099307,2
2023-08-19,72.0,50.0,38.0,77.0,44.57142857142857,43.92857142857143,16.731782571498787,43.99999999999999,25.01284317618256,-7.515151515151523,0.36715510344981667,3
2023-08-20,51.0,72.0,38.0,47.0,46.42857142857143,44.214285714285715,16.601783479058,-29.166666666666664,20.846176509515892,-73.16666666666666,0.35003760347411444,3
2023-08-21,54.0,51.0,39.0,54.0,48.57142857142857,44.214285714285715,16.45050803727067,5.882352941176472,21.31057279434561,35.049019607843135,0.3318546289939328,3
2023-08-22,23.0,54.0,22.0,25.0,48.714285714285715,44.07142857142857,16.183477035851723,-57.407407407407405,19.336620820393637,-63.289760348583876,0.3255297104912703,2
2023-08-23,56.0,23.0,58.0,53.0,48.42857142857143,44.285714285714285,16.008931299467015,143.47826086956525,16.456891853708154,200.88566827697264,0.3238801129949974,2
2023-08-24,54.0,56.0,33.0,39.0,51.42857142857143,45.357142857142854,14.535676157281157,-3.57142857142857,22.104323240055795,-147.04968944099383,0.27724722915795125,3
2023-08-25,73.0,54.0,50.0,47.0,54.714285714285715,47.214285714285715,16.610386177525633,35.18518518518518,19.77147090720346,38.75661375661375,0.29813513651969087,2
2023-08-26,60.0,73.0,72.0,38.0,53.0,48.785714285714285,15.077582710636314,-17.808219178082197,10.941725310334578,-52.99340436326738,0.27921449464141324,2
2023-08-27,44.0,60.0,51.0,38.0,52.0,49.214285714285715,15.459630236953059,-26.66666666666667,11.298868167477435,-8.858447488584474,0.29169113654628415,2
2023-08-28,70.0,44.0,54.0,39.0,54.285714285714285,51.42857142857143,16.918577431335983,59.09090909090908,18.900090474582093,85.75757575757575,0.30602078041176195,2
2023-08-29,23.0,70.0,23.0,22.0,54.285714285714285,51.5,16.918577431335983,-67.14285714285715,17.509311940946414,-126.23376623376623,0.30602078041176195,2
2023-08-30,61.0,23.0,56.0,58.0,55.0,51.714285714285715,17.10750810984105,165.2173913043478,20.61490200305821,232.36024844720498,0.3054912162471616,3
2023-08-31,50.0,61.0,54.0,33.0,54.42857142857143,52.92857142857143,17.212956786898907,-18.032786885245898,18.548993672512875,-183.25017818959373,0.31054303481518647,2
2023-09-01,49.0,50.0,73.0,50.0,51.0,52.857142857142854,15.165756396035146,-2.0000000000000018,13.236824360343565,16.032786885245898,0.29164916146221437,2
2023-09-02,50.0,49.0,60.0,72.0,49.57142857142857,51.285714285714285,14.638506800572458,2.0408163265306145,16.07240086100254,4.040816326530616,0.2894619988813763,2
2023-09-03,60.0,50.0,44.0,51.0,51.857142857142854,51.92857142857143,14.870878393903018,19.999999999999996,22.739067527669203,17.959183673469383,0.2813409425873544,3
2023-09-04,46.0,60.0,70.0,54.0,48.42857142857143,51.357142857142854,12.581171700245362,-23.33333333333333,10.964175752777432,-43.33333333333333,0.25453237543848994,2
2023-09-05,28.0,46.0,23.0,23.0,49.142857142857146,51.714285714285715,10.930524120147467,-39.13043478260869,14.965950375670067,-15.79710144927536,0.21798766051576143,2
2023-09-06,66.0,28.0,61.0,56.0,49.857142857142854,52.42857142857143,11.950300869603806,135.71428571428572,10.751221005661197,174.8447204968944,0.2349778260877153,2
2023-09-07,71.0,66.0,50.0,54.0,52.857142857142854,53.642857142857146,14.380879349759898,7.575757575757569,14.409584500090263,-128.13852813852816,0.2670189799690167,2
2023-09-08,46.0,71.0,49.0,73.0,52.42857142857143,51.714285714285715,14.558590179528068,-35.2112676056338,9.665117699285435,-42.78702518139137,0.27248698196977666,2
2023-09-09,59.0,46.0,50.0,60.0,53.714285714285715,51.642857142857146,14.705042070678873,28.260869565217384,13.410839590526402,63.472137170851184,0.2687605600385173,2
2023-09-10,68.0,59.0,60.0,44.0,54.857142857142854,53.357142857142854,15.560945479132972,15.254237288135597,12.732873488831487,-13.006632277081787,0.2785847016724573,2
2023-09-11,70.0,68.0,46.0,70.0,58.285714285714285,53.357142857142854,15.923931538133864,2.941176470588225,16.48637488939171,-12.313060817547372,0.26859643558298085,2
2023-09-12,40.0,70.0,28.0,23.0,60.0,54.57142857142857,12.369323629801785,-42.85714285714286,15.953988021601115,-45.798319327731086,0.20277579720986533,2
2023-09-13,97.0,40.0,66.0,61.0,64.42857142857143,57.142857142857146,18.769280256365015,142.49999999999997,16.92337577670315,185.35714285714283,0.28686672880907227,2
2023-09-14,58.0,97.0,71.0,50.0,62.57142857142857,57.714285714285715,18.65348621597835,-40.20618556701031,10.097383899164882,-182.70618556701027,0.29342562586932236,2
2023-09-15,60.0,58.0,46.0,49.0,64.57142857142857,58.5,17.28060226598673,3.4482758620689724,15.62017582312242,43.654461429079284,0.2635385966490351,2
2023-09-16,72.0,60.0,59.0,50.0,66.42857142857143,60.07142857142857,17.28060226595623,19.999999999999996,14.440051599519936,16.551724137931025,0.25628011835104575,2
2023-09-17,55.0,72.0,68.0,60.0,64.57142857142857,59.714285714285715,17.775054092985457,-23.611111111111114,8.88785897105612,-43.611111111111114,0.27107925632003965,2
2023-09-18,55.0,55.0,70.0,46.0,62.42857142857143,60.357142857142854,17.91514856231383,0.0,8.467690903829231,23.611111111111114,0.2824460358923352,2
2023-09-19,26.0,55.0,40.0,28.0,60.42857142857143,60.214285714285715,21.298338307895694,-52.727272727272734,7.057672350953534,-52.727272727272734,0.3467171352448136,2
2023-09-20,51.0,26.0,97.0,66.0,53.857142857142854,59.142857142857146,13.96936019311968,96.15384615384615,0.43679323007441645,148.88111888111888,0.25464979518707753,2
2023-09-21,44.0,51.0,58.0,71.0,51.857142857142854,57.214285714285715,14.276193150588801,-13.725490196078427,4.219749711636114,-109.87933634992457,0.2700901406868152,2
2023-09-22,55.0,44.0,60.0,46.0,51.142857142857146,57.857142857142854,13.921554901422615,25.0,7.2985674456262615,38.725490196078425,0.2669887241368721,2
2023-09-23,70.0,55.0,72.0,59.0,50.857142857142854,58.642857142857146,13.434148932483698,27.27272727272727,8.337528484587299,2.27272727272727,0.2590607232159391,2
2023-09-24,62.0,70.0,55.0,68.0,51.857142857142854,58.214285714285715,14.040762949578342,-11.428571428571432,10.077891296378683,-38.701298701298704,0.2656360558028335,2
2023-09-25,40.0,62.0,55.0,70.0,49.714285714285715,56.07142857142857,14.614088943072698,-35.483870967741936,5.008766872415549,-24.055299539170505,0.28816513408875744,2
2023-09-26,38.0,40.0,26.0,40.0,51.42857142857143,55.92857142857143,11.801943964845465,-5.000000000000004,11.826948690597368,30.483870967741932,0.22510519823955927,2
2023-09-27,47.0,38.0,51.0,97.0,50.857142857142854,52.357142857142854,11.922374939869133,23.684210526315795,1.4741436009501747,28.6842105263158,0.2299080566916913,2
2023-09-28,51.0,47.0,44.0,58.0,51.857142857142854,51.857142857142854,11.538761814261179,8.51063829787233,4.650733385800284,-15.173572228443465,0.218300899188725,2
2023-09-29,40.0,51.0,55.0,60.0,49.714285714285715,50.42857142857143,12.229946673474894,-21.568627450980394,-2.0019276786254876,-30.079265748852723,0.241153878068519,1
2023-09-30,41.0,40.0,70.0,72.0,45.57142857142857,48.214285714285715,8.580164024423434,2.499999999999991,-5.540888717586527,24.068627450980387,0.18423665083117804,1
2023-10-01,56.0,41.0,62.0,55.0,44.714285714285715,48.285714285714285,6.775317628879914,36.585365853658544,1.318245179874898,34.08536585365855,0.1482100731317481,2
2023-10-02,36.0,56.0,40.0,55.0,44.142857142857146,46.92857142857143,7.380810087244073,-35.71428571428571,1.2853287875115018,-72.29965156794425,0.16349895762882438,2
2023-10-03,42.0,36.0,38.0,26.0,44.714285714285715,48.07142857142857,6.969332510282287,16.666666666666675,4.380566882749599,52.38095238095238,0.15245414866242502,2
2023-10-04,38.0,42.0,47.0,51.0,43.42857142857143,47.142857142857146,7.299717895500696,-9.523809523809524,-0.3634359815540181,-26.190476190476197,0.16430233205307032,1
2023-10-05,250.0,38.0,51.0,44.0,71.85714285714286,61.857142857142854,78.82137838722161,557.8947368421052,78.1200066676221,567.4185463659147,1.0818620562951986,3
2023-10-06,39.0,250.0,40.0,55.0,71.71428571428571,60.714285714285715,78.88961652602674,-84.39999999999999,69.14409630347646,-642.2947368421052,1.0849259640121556,3
2023-10-07,42.0,39.0,41.0,70.0,71.85714285714286,58.714285714285715,78.82560724490635,7.692307692307687,69.8858545452347,92.09230769230768,1.081920099439891,3
2023-10-08,43.0,42.0,56.0,62.0,70.0,57.357142857142854,79.41242661187498,2.3809523809523725,64.99950976341952,-5.311355311355315,1.118484881857394,3
2023-10-09,38.0,43.0,36.0,40.0,70.28571428571429,57.214285714285715,79.27318753709244,-11.627906976744185,68.44042101163974,-14.008859357696558,1.1120487229652245,3
2023-10-10,26.0,38.0,42.0,38.0,68.0,56.357142857142854,80.44667074354847,-31.57894736842105,61.54819043519865,-19.951040391676866,1.1658937788920067,3
2023-10-11,46.0,26.0,38.0,47.0,69.14285714285714,56.285714285714285,80.00506040784612,76.92307692307692,73.8977456418967,108.50202429149797,1.1406016758756066,3
2023-10-12,35.0,46.0,250.0,51.0,38.42857142857143,55.142857142857146,6.553819346258855,-23.913043478260864,-9.217651546727016,-100.83612040133778,0.16622005588337677,1
2023-10-13,37.0,35.0,39.0,40.0,38.142857142857146,54.92857142857143,6.5683349651213145,5.714285714285716,3.6558178410280844,29.62732919254658,0.16780417794105545,2
2023-10-14,51.0,37.0,42.0,41.0,39.42857142857143,55.642857142857146,8.141614173870103,37.83783783783783,7.96232214753239,32.123552123552116,0.2013826827459036,2
2023-10-15,27.0,51.0,43.0,56.0,37.142857142857146,53.57142857142857,9.15476328919921,-47.05882352941176,0.8994970174803721,-84.89666136724959,0.24001252069061596,2
2023-10-16,33.0,27.0,38.0,36.0,36.42857142857143,53.357142857142854,9.271059703428305,22.222222222222232,5.735229760189861,69.281045751634,0.2477000684122066,2
2023-10-17,21.0,33.0,26.0,42.0,35.714285714285715,51.857142857142854,10.339483980224474,-36.36363636363637,5.051702760873387,-58.5858585858586,0.28162018623179497,2
2023-10-18,38.0,21.0,46.0,38.0,34.57142857142857,51.857142857142854,9.413777918150235,80.95238095238095,5.627317622202534,117.31601731601731,0.26464435914478573,2
2023-10-19,48.0,38.0,35.0,250.0,36.42857142857143,37.42857142857143,10.706036366984693,26.315789473684205,12.802865186766114,-54.636591478696744,0.28603913957592686,2
2023-10-20,37.0,48.0,37.0,39.0,36.42857142857143,37.285714285714285,10.706036366984693,-22.916666666666664,8.712729132344347,-49.23245614035087,0.28603913957592686,2
2023-10-21,1275.0,37.0,51.0,42.0,211.28571428571428,125.35714285714286,469.1320762097575,3345.945945945946,481.2996017192169,3368.8626126126123,2.209908838134793,3
2023-10-22,12.0,1275.0,27.0,43.0,209.14285714285714,123.14285714285714,470.1472921941063,-99.05882352941177,473.87103029064554,-3445.0047694753575,2.2372746739352443,3
2023-10-23,9.0,12.0,33.0,38.0,205.71428571428572,121.07142857142857,471.73075469899226,-25.0,467.1249985446138,74.05882352941177,2.282042351688283,3
2023-10-24,14.0,9.0,21.0,26.0,204.71428571428572,120.21428571428571,472.19477435575396,55.55555555555556,480.25631167592695,80.55555555555556,2.2953912642293592,3
2023-10-25,51.0,14.0,38.0,46.0,206.57142857142858,120.57142857142857,471.4547902127993,264.2857142857143,506.4467878664031,208.73015873015873,2.2712894229109395,3
2023-10-26,24.0,51.0,48.0,35.0,203.14285714285714,119.78571428571429,472.88526764687197,-52.94117647058824,495.12436416007847,-317.2268907563025,2.316442878606091,3
2023-10-27,26.0,24.0,37.0,37.0,201.57142857142858,119.0,473.547202027349,8.333333333333325,499.5886498743642,61.27450980392156,2.3376801228430484,3
2023-10-28,35.0,26.0,1275.0,51.0,24.428571428571427,117.85714285714286,14.842030904317257,34.61538461538463,26.541426827141112,26.282051282051302,0.5836753726416899,3
2023-10-29,34.0,35.0,12.0,27.0,27.571428571428573,118.35714285714286,14.081401967237664,-2.857142857142858,40.28452406603667,-37.47252747252749,0.4928490688533182,3
2023-10-30,23.0,34.0,9.0,33.0,29.571428571428573,117.64285714285714,11.81605749372958,-32.35294117647059,39.23410389796944,-29.49579831932773,0.38650655353321056,3
2023-10-31,22.0,23.0,14.0,21.0,30.714285714285715,117.71428571428571,10.35559087225456,-4.347826086956519,30.676477949039146,28.005115089514067,0.3265276401161348,3
2023-11-01,38.0,22.0,51.0,38.0,28.857142857142858,117.71428571428571,6.593660406228943,72.72727272727273,3.3109862978332103,77.07509881422925,0.22084030068709376,2
2023-11-02,15.0,38.0,24.0,48.0,27.571428571428573,115.35714285714286,8.343812959088794,-60.526315789473685,2.22739496656386,-133.25358851674642,0.2920334535681078,2
2023-11-03,19.0,15.0,26.0,37.0,26.571428571428573,114.07142857142857,8.960238912188242,26.66666666666666,4.84644258561148,87.19298245614034,0.32498275847314867,2
2023-11-04,14.0,19.0,35.0,1275.0,23.571428571428573,24.0,9.18073424978607,-26.315789473684216,-3.8580108556840687,-52.98245614035088,0.3736345334215261,1
2023-11-05,8.0,14.0,34.0,12.0,19.857142857142858,23.714285714285715,9.511906094878109,-42.85714285714286,-9.572296569969783,-16.541353383458645,0.4560502922201833,1
2023-11-06,8.0,8.0,23.0,9.0,17.714285714285715,23.642857142857142,10.339483980720068,0.0,-4.950447830473985,42.85714285714286,0.5524915104201563,1
2023-11-07,5.0,8.0,22.0,14.0,15.285714285714286,23.0,11.131259092705788,-37.5,-9.686472675194482,-37.5,0.6834983653415835,1
2023-11-08,11.0,5.0,38.0,51.0,11.428571428571429,20.142857142857142,4.859960360478277,120.00000000000001,-2.93322592194773,157.5,0.39103129337181536,1
2023-11-09,11.0,11.0,15.0,24.0,10.857142857142858,19.214285714285715,4.598154437331784,0.0,5.713390619405656,-120.00000000000001,0.3877961573653312,2
2023-11-10,14.0,11.0,19.0,26.0,10.142857142857142,18.357142857142858,3.3381168688287968,27.27272727272727,5.799970705985743,27.27272727272727,0.29957459079232795,2
2023-11-11,6.0,14.0,14.0,35.0,9.0,16.285714285714285,3.1623040789511143,-57.14285714285714,1.3961038961038972,-84.4155844155844,0.3162304078951114,2
2023-11-12,17.0,6.0,8.0,34.0,10.285714285714286,15.071428571428571,4.3094774228959265,183.33333333333334,33.70902906617193,240.47619047619048,0.3818524298768542,3
2023-11-13,8.0,17.0,8.0,23.0,10.285714285714286,14.0,4.3094774228959265,-52.94117647058824,26.146003856087894,-236.27450980392157,0.3818524298768542,3
2023-11-14,18.0,8.0,5.0,22.0,12.142857142857142,13.714285714285714,4.450807892449521,125.0,49.3602895703736,177.94117647058823,0.33864842659942007,3
2023-11-15,10.0,18.0,11.0,38.0,12.0,11.714285714285714,4.509268279818971,-44.44444444444444,25.86822607831012,-169.44444444444446,0.34686679075530547,3
2023-11-16,18.0,10.0,11.0,15.0,13.0,11.928571428571429,5.000016708520149,80.0,37.296797506881546,124.44444444444444,0.35714405060858206,3
2023-11-17,26.0,18.0,14.0,19.0,14.714285714285714,12.428571428571429,7.040709882954722,44.44444444444444,39.749899959984,-35.55555555555556,0.448045174369846,3
2023-11-18,18.0,26.0,6.0,14.0,16.428571428571427,12.714285714285714,5.940192031344532,-30.76923076923077,43.517560870502045,-75.21367521367522,0.34083069032304697,3
2023-11-19,21.0,18.0,17.0,8.0,17.0,13.642857142857142,6.191405366840699,16.666666666666675,19.70803706097824,47.435897435897445,0.34396696482448325,2
2023-11-20,18.0,21.0,8.0,8.0,18.428571428571427,14.357142857142858,4.755966221647006,-14.28571428571429,25.230245944531656,-30.952380952380963,0.24479237905536064,3
2023-11-21,13.0,18.0,18.0,5.0,17.714285714285715,14.928571428571429,5.186996143006758,-27.77777777777778,3.4048491191348336,-13.492063492063489,0.2771677328324222,2
2023-11-22,23.0,13.0,10.0,11.0,19.571428571428573,15.785714285714286,4.1975248302778,76.92307692307692,20.74306645735217,104.7008547008547,0.20404634591628193,3
2023-11-23,26.0,23.0,18.0,11.0,20.714285714285715,16.857142857142858,4.750957340634726,13.043478260869556,11.177849066047823,-63.879598662207364,0.2187940880555466,2
2023-11-24,36.0,26.0,26.0,14.0,22.142857142857142,18.428571428571427,7.380810088092098,38.46153846153846,10.323148211346966,25.418060200668904,0.3189238926953376,2
2023-11-25,42.0,36.0,18.0,6.0,25.571428571428573,21.0,10.179352371216615,16.666666666666675,17.099704987903745,-21.794871794871785,0.383093906443636,2
2023-11-26,31.0,42.0,21.0,17.0,27.0,22.0,10.132464347048133,-26.190476190476186,10.977256008311908,-42.85714285714286,0.36187372668029044,2
2023-11-27,21.0,31.0,18.0,8.0,27.428571428571427,22.928571428571427,9.744359806045372,-32.25806451612904,8.409777403966944,-6.067588325652853,0.34276642533827945,2
2023-11-28,22.0,21.0,13.0,18.0,28.714285714285715,23.214285714285715,7.952248884099213,4.761904761904767,13.058303481064451,37.019969278033805,0.2676237605225697,2
2023-11-29,79.0,22.0,23.0,10.0,36.714285714285715,28.142857142857142,20.113965189475945,259.09090909090907,39.08227950504047,254.3290043290043,0.5333248345694379,3
2023-11-30,58.0,79.0,26.0,18.0,41.285714285714285,31.0,20.894295768004614,-26.582278481012654,33.42145711334301,-285.67318757192174,0.4941218593784875,3
2023-12-01,71.0,58.0,36.0,26.0,46.285714285714285,34.214285714285715,23.450051790376733,22.413793103448263,31.128922062187268,48.99607158446092,0.49592254541582215,3
2023-12-02,88.0,71.0,42.0,18.0,52.857142857142854,39.214285714285715,28.044185806313752,23.943661971830977,32.16849282006788,1.5298688683827137,0.5207143253161705,3
2023-12-03,76.0,88.0,31.0,21.0,59.285714285714285,43.142857142857146,27.34785053644934,-13.636363636363635,33.96193747065539,-37.58002560819461,0.45363733117333027,3
2023-12-04,59.0,76.0,21.0,18.0,64.71428571428571,46.07142857142857,21.66190809449215,-22.368421052631582,35.37474367972646,-8.732057416267947,0.3296377318727067,3
2023-12-05,83.0,59.0,22.0,13.0,73.42857142857143,51.07142857142857,11.501559952323756,40.67796610169492,40.50560958541077,63.0463871543265,0.15453151567421552,3
2023-12-06,119.0,83.0,79.0,23.0,79.14285714285714,57.92857142857143,20.860082075361,43.37349397590362,9.688835997552843,2.6955278742087003,0.2602862291043262,2
2023-12-07,121.0,119.0,58.0,26.0,88.14285714285714,64.71428571428571,23.625050776362134,1.680672268907557,13.726400390398586,-41.692821706996064,0.26502460806816497,2
2023-12-08,180.0,121.0,71.0,36.0,103.71428571428571,75.0,40.4050936839085,48.76033057851239,17.490191458264892,47.07965830960483,0.3858603762446923,2
2023-12-09,148.0,180.0,88.0,42.0,112.28571428571429,82.57142857142857,42.80854582440938,-17.777777777777782,11.529985779749355,-66.53810835629017,0.37788123678545477,2
2023-12-10,166.0,148.0,76.0,31.0,125.14285714285714,92.21428571428571,43.60209885045316,12.162162162162172,15.215489465253041,29.939939939939954,0.3456565027782244,2
2023-12-11,122.0,166.0,59.0,21.0,134.14285714285714,99.42857142857143,32.85031239059349,-26.506024096385538,14.624403316145333,-38.668186258547706,0.24307842149487782,2
2023-12-12,164.0,122.0,83.0,22.0,145.71428571428572,109.57142857142857,25.210545324954467,34.42622950819671,13.731298088502731,60.93225360458225,0.17183429140670034,2
2023-12-13,252.0,164.0,119.0,79.0,164.71428571428572,121.92857142857143,44.47739046119349,53.65853658536586,15.20058988985448,19.232307077169146,0.2683980458865124,2
2023-12-14,237.0,252.0,121.0,58.0,181.28571428571428,134.71428571428572,47.0131711569009,-5.952380952380953,14.110153715384694,-59.610917537746815,0.25790924615854727,2
2023-12-15,312.0,237.0,180.0,71.0,200.14285714285714,151.92857142857142,68.13816618304885,31.645569620253156,11.665187864204805,37.59795057263411,0.3387550875577713,2
2023-12-16,339.0,312.0,148.0,88.0,227.42857142857142,169.85714285714286,80.83699162254133,8.653846153846146,15.44113414015108,-22.99172346640701,0.3538830152331391,2
2023-12-17,335.0,339.0,166.0,76.0,251.57142857142858,188.35714285714286,84.58301177680882,-1.179941002949858,13.535119402277932,-9.833787156796005,0.3348874900665507,2
2023-12-18,260.0,335.0,122.0,59.0,271.2857142857143,202.71428571428572,62.566537346334755,-22.388059701492537,14.123400030119791,-21.20811869854268,0.22978266601487057,2
2023-12-19,288.0,260.0,164.0,83.0,289.0,217.35714285714286,40.94712240921801,10.769230769230775,10.743828781696083,33.15729047072331,0.1411969738248897,2
2023-12-20,614.0,288.0,252.0,119.0,340.7142857142857,252.71428571428572,126.22429082974041,113.19444444444446,19.24895847585017,102.42521367521368,0.3693854664749928,2
2023-12-21,594.0,614.0,237.0,121.0,391.7142857142857,286.5,147.64000675779562,-3.2573289902280145,19.633965899014875,-116.45177343467248,0.37594763452330643,2
2023-12-22,640.0,594.0,312.0,180.0,438.57142857142856,319.35714285714283,168.6750896876288,7.744107744107742,16.219471345279818,11.001436734335757,0.38372623588345844,2
2023-12-23,752.0,640.0,339.0,148.0,497.57142857142856,362.5,197.76404934777568,17.500000000000004,17.48320760901608,9.755892255892261,0.3966614170299226,2
2023-12-24,656.0,752.0,335.0,166.0,543.4285714285714,397.5,190.88116516409735,-12.765957446808507,15.828062402750561,-30.26595744680851,0.35060828028042024,2
2023-12-25,628.0,656.0,260.0,122.0,596.0,433.64285714285717,144.96436401206054,-4.268292682926833,18.416600548259943,8.497664763881673,0.24282138025470779,2
2023-12-26,412.0,628.0,288.0,164.0,613.7142857142857,451.35714285714283,102.37466285813053,-34.39490445859873,11.964581229998588,-30.126611775671897,0.1665402370455296,2
2023-12-27,529.0,412.0,614.0,252.0,601.5714285714286,471.14285714285717,107.25958798340783,28.398058252427184,-0.14918822600387927,62.792962711025915,0.1780031095030476,1
2023-12-28,702.0,529.0,594.0,237.0,617.0,504.35714285714283,113.57083032220876,32.70321361058601,4.988032145540982,4.305155358158828,0.18377157010066142,2
2023-12-29,797.0,702.0,640.0,312.0,639.4285714285714,539.0,132.7527245709691,13.532763532763536,5.814982972491809,-19.170450077822476,0.20728732366646968,2
2023-12-30,743.0,797.0,752.0,339.0,638.1428571428571,567.8571428571429,131.51860333760183,-6.775407779171894,2.3470675754672525,-20.30817131193543,0.20577340709951114,2
2023-12-31,741.0,743.0,656.0,335.0,650.2857142857143,596.8571428571429,137.24153256926925,-0.2691790040376896,4.132321638720226,6.506228775134204,0.2107240026288407,2
2024-01-01,736.0,741.0,628.0,260.0,665.7142857142857,630.8571428571429,140.35397487051458,-0.6747638326585648,4.645682903044265,-0.4055848286208752,0.21051592545395373,2
2024-01-02,573.0,736.0,412.0,288.0,688.7142857142857,651.2142857142857,98.92541767382122,-22.146739130434778,6.395420807067686,-21.47197529777621,0.14342956166461238,2
2024-01-03,602.0,573.0,529.0,614.0,699.1428571428571,650.3571428571429,81.61582581729367,5.061082024432806,3.0615670602113467,27.207821154867585,0.11657024703551433,2
2024-01-04,760.0,602.0,702.0,594.0,707.4285714285714,662.2142857142857,84.83485455662452,26.24584717607974,2.1390861409961652,21.184765151646932,0.11975075255018584,2
2024-01-05,761.0,760.0,797.0,640.0,702.2857142857143,670.8571428571429,79.41812300685702,0.1315789473684159,0.22463120022543365,-26.114268228711325,0.11292440809425129,2
2024-01-06,774.0,761.0,743.0,752.0,706.7142857142857,672.4285714285714,82.85673335299767,1.708278580814726,1.4365863945092365,1.5766996334463101,0.11707653077734835,2
2024-01-07,756.0,774.0,741.0,656.0,708.8571428571429,679.5714285714286,84.076213583272,-2.3255813953488413,1.142814624321929,-4.033859976163567,0.11844103342380839,2
2024-01-08,605.0,756.0,736.0,628.0,690.1428571428571,677.9285714285714,91.29700446259962,-19.973544973544975,-1.6141541100904153,-17.647963578196133,0.13209570715961086,1
2024-01-09,475.0,605.0,573.0,412.0,676.1428571428571,682.4285714285714,116.33490314827513,-21.487603305785118,-1.5199918494261782,-1.5140583322401433,0.17180259958606034,1
2024-01-10,605.0,475.0,602.0,529.0,676.5714285714286,687.8571428571429,116.02134522432141,27.368421052631575,1.6667708688879317,48.85602435841669,0.1712311652056188,2
2024-01-11,514.0,605.0,760.0,702.0,641.4285714285714,674.4285714285714,123.5514166154364,-15.041322314049587,-4.2313962011305435,-42.40974336668116,0.1923193053831565,1
2024-01-12,609.0,514.0,761.0,797.0,619.7142857142857,661.0,111.83576468187262,18.482490272373543,-1.6098374404155256,33.52381258642313,0.18017269338851746,1
2024-01-13,441.0,609.0,774.0,743.0,572.1428571428571,639.4285714285714,105.93776328853481,-27.586206896551722,-5.794763937182161,-46.06869716892527,0.18483657602685535,1
2024-01-14,375.0,441.0,756.0,741.0,517.7142857142857,613.2857142857143,92.79136954500198,-14.965986394557829,-7.600536079926302,12.620220501993893,0.17888724506059323,1
2024-01-15,272.0,375.0,605.0,736.0,470.14285714285717,580.1428571428571,121.50230323181358,-27.46666666666666,-8.670982036086544,-12.500680272108832,0.25788845440348546,1
2024-01-16,189.0,272.0,475.0,573.0,429.2857142857143,552.7142857142857,161.1983403411897,-30.514705882352942,-9.960568118453375,-3.0480392156862806,0.3746309370479176,1
2024-01-17,269.0,189.0,605.0,602.0,381.2857142857143,528.9285714285714,149.77618278211426,42.32804232804233,-7.823479364823267,72.84274821039527,0.3917912105660687,1
2024-01-18,305.0,269.0,514.0,760.0,351.42857142857144,496.42857142857144,139.38179895947397,13.382899628252787,-3.762876230208643,-28.945142699789542,0.395489498466282,1
2024-01-19,355.0,305.0,609.0,761.0,315.14285714285717,467.42857142857144,82.6809713540968,16.393442622950815,-4.061311608697603,3.010542994698028,0.26153041097093427,1
2024-01-20,313.0,355.0,441.0,774.0,296.85714285714283,434.5,61.69934919214327,-11.830985915492953,-1.8105657542606366,-28.224428538443767,0.20714409800719566,1
2024-01-21,290.0,313.0,375.0,756.0,284.7142857142857,401.2142857142857,51.23382602183999,-7.348242811501593,-0.7223166709668886,4.48274310399136,0.17931839107643996,1
2024-01-22,203.0,290.0,272.0,605.0,274.85714285714283,372.5,59.97896595818569,-30.000000000000004,-1.084221432871652,-22.65175718849841,0.21742763423474876,1
2024-01-23,236.0,203.0,189.0,475.0,281.57142857142856,355.42857142857144,50.674969638723745,16.25615763546797,5.597330498245621,46.25615763546797,0.17933507961125694,2
2024-01-24,160.0,236.0,269.0,605.0,266.0,323.64285714285717,68.71681138514826,-32.20338983050848,-5.0500169529759225,-48.45954746597645,0.2573663347758362,1
2024-01-25,198.0,160.0,305.0,514.0,250.71428571428572,301.07142857142856,70.47390719636707,23.750000000000004,-3.569002614154891,55.953389830508485,0.27997579476422785,1
2024-01-26,187.0,198.0,355.0,609.0,226.71428571428572,270.92857142857144,56.201170766593435,-5.555555555555558,-6.704573782512944,-29.30555555555556,0.2468056432660941,1
2024-01-27,159.0,187.0,313.0,441.0,204.71428571428572,250.78571428571428,46.01345740340499,-14.973262032085566,-7.153470370597605,-9.417706476530007,0.2236765290443298,1
2024-01-28,182.0,159.0,290.0,375.0,189.28571428571428,237.0,26.706520968178054,14.465408805031444,-4.037234425378598,29.43867083711701,0.1403495846676024,1
2024-01-29,112.0,182.0,203.0,272.0,176.28571428571428,225.57142857142858,38.47386466461515,-38.46153846153846,-5.246025634169807,-52.926947266569904,0.21701615846277683,1
2024-01-30,124.0,112.0,236.0,189.0,160.28571428571428,220.92857142857142,32.29403859703648,10.71428571428572,-6.037721622910127,49.17582417582418,0.200228760123344,1
2024-01-31,133.0,124.0,160.0,269.0,156.42857142857142,211.21428571428572,33.906035076714,7.258064516129026,-0.400371001961913,-3.456221198156695,0.2153740885090726,1
2024-02-01,160.0,133.0,198.0,305.0,151.0,200.85714285714286,28.79815098822719,20.30075187969924,-0.8931207334334503,13.042687363570217,0.1894615196593894,1
2024-02-02,187.0,160.0,187.0,355.0,151.0,188.85714285714286,28.79815098822719,16.874999999999996,2.311244345931629,-3.425751879699245,0.1894615196593894,2
2024-02-03,159.0,187.0,159.0,313.0,151.0,177.85714285714286,28.79815098822719,-14.973262032085566,2.311244345931629,-31.848262032085564,0.1894615196593894,2
2024-02-04,188.0,159.0,182.0,290.0,151.85714285714286,170.57142857142858,29.941215030173723,18.23899371069182,2.85032790388311,33.21225574277739,0.19587710767403368,2
2024-02-05,122.0,188.0,112.0,203.0,153.28571428571428,164.78571428571428,27.890947078054918,-35.1063829787234,3.329635829999547,-53.34537668941522,0.180774656987393,2
2024-02-06,124.0,122.0,124.0,236.0,153.28571428571428,156.78571428571428,27.890947078054918,1.6393442622950838,2.0332156225723135,36.745727241018486,0.180774656987393,2
2024-02-07,157.0,124.0,133.0,160.0,156.71428571428572,156.57142857142858,26.417890319041597,26.61290322580645,4.798192581097659,24.973558963511366,0.16750473934174925,2
2024-02-08,70.0,157.0,160.0,198.0,143.85714285714286,147.42857142857142,41.91033711970887,-55.4140127388535,-6.018202364409875,-82.02691596465995,0.2893218538835918,1
2024-02-09,0.0,70.0,187.0,187.0,117.14285714285714,134.07142857142858,63.74017328840707,-100.0,-22.714630935838446,-44.5859872611465,0.5395177908329498,0
2024-02-10,163.0,0.0,159.0,159.0,117.71428571428571,134.35714285714286,64.19427489216679,130.67484662576686,19.8876015429585,-210.99399556193708,0.5407459978882883,-1
2024-02-11,376.0,163.0,188.0,182.0,144.57142857142858,148.21428571428572,116.51016785941945,130.67484662576686,19.8876015429585,-210.99399556193708,0.8003642541863946,-1
2024-02-12,74.0,376.0,122.0,112.0,137.71428571428572,145.5,119.43577742418604,-80.31914893617021,19.8876015429585,-210.99399556193708,0.86102002262544,-1
2024-02-13,123.0,74.0,124.0,124.0,137.57142857142858,145.42857142857142,119.45551144519904,66.21621621621621,19.8876015429585,146.53536515238642,0.8620500825942198,-1
2024-02-14,120.0,123.0,157.0,133.0,132.28571428571428,144.5,119.27100064805971,-2.4390243902439046,19.8876015429585,-68.65524060646011,0.8948520948943387,-1
2024-02-15,120.0,120.0,70.0,160.0,139.42857142857142,141.64285714285714,116.38135252106765,0.0,19.8876015429585,2.4390243902439046,0.8287583597634524,-1
2024-02-16,166.0,120.0,0.0,187.0,163.14285714285714,140.14285714285714,98.8237978633859,38.33333333333333,19.8876015429585,38.33333333333333,0.6020596910737175,-1
2024-02-17,144.0,166.0,163.0,159.0,160.42857142857142,139.07142857142858,99.0889459759316,-13.253012048192769,19.8876015429585,-51.5863453815261,0.6138253290544435,2
2024-02-18,155.0,144.0,376.0,188.0,128.85714285714286,136.71428571428572,30.256839846490454,7.638888888888884,2.311036151975933,20.89190093708165,0.23300096691466796,2
2024-02-19,110.0,155.0,74.0,122.0,134.0,135.85714285714286,21.031726043061532,-29.032258064516125,9.637734847926518,-36.67114695340501,0.15579056328193727,2
2024-02-20,105.0,110.0,123.0,124.0,131.42857142857142,134.5,23.550354872858463,-4.545454545454541,-0.4710752608835908,24.48680351906158,0.17783439494067882,1
2024-02-21,161.0,105.0,120.0,157.0,137.28571428571428,134.78571428571428,25.269974190462104,53.33333333333334,7.496404413913159,57.87878787878788,0.18273741666656482,2
2024-02-22,136.0,161.0,120.0,70.0,139.57142857142858,139.5,24.14441028408593,-15.527950310559003,5.278125798119015,-68.86128364389235,0.17175901624857876,2
2024-02-23,167.0,136.0,166.0,0.0,139.71428571428572,151.42857142857142,24.329096344060424,22.794117647058833,3.0582378429369443,38.32206795761783,0.17289713137910961,2
2024-02-24,155.0,167.0,144.0,163.0,141.28571428571428,150.85714285714286,24.99809850604004,-7.185628742514972,3.925006886605201,-29.979746389573805,0.1756894473316067,2
2024-02-25,148.0,155.0,155.0,376.0,140.28571428571428,134.57142857142858,24.492956720621738,-4.516129032258065,2.18857575501278,2.6694997102569067,0.17335763098518925,2
2024-02-26,114.0,148.0,110.0,74.0,140.85714285714286,137.42857142857142,23.702524988335878,-22.972972972972972,3.0541879109475163,-18.456843940714908,0.16708728591978966,2
2024-02-27,125.0,114.0,105.0,123.0,143.71428571428572,137.57142857142858,19.49115001523259,9.649122807017552,5.081984675586388,32.622095779990524,0.13468711757811266,2
2024-02-28,181.0,125.0,161.0,120.0,146.57142857142858,141.92857142857142,23.50076341942173,44.8,3.8629370565387666,35.15087719298245,0.15925009093509399,2
2024-02-29,193.0,181.0,136.0,120.0,154.71428571428572,147.14285714285714,28.558214152441643,6.629834254143652,7.02833485149629,-38.170165745856345,0.18340137529090964,2
2024-03-01,204.0,193.0,167.0,166.0,160.0,149.85714285714286,34.09790072231652,5.699481865284972,4.586244025528594,-0.9303523888586795,0.21178820324420197,2
2024-03-02,182.0,204.0,155.0,144.0,163.85714285714286,152.57142857142858,34.9543944420386,-10.784313725490192,4.072146170817849,-16.483795590775163,0.21202838916314573,2
2024-03-03,178.0,182.0,148.0,155.0,168.14285714285714,154.21428571428572,34.522596814364704,-2.197802197802201,4.403335718597258,8.58651152768799,0.204103190625467,2
2024-03-04,120.0,178.0,114.0,110.0,169.0,154.92857142857142,32.99495163905897,-32.58426966292135,3.0302933343189173,-30.38646746511915,0.19408795081799393,2
2024-03-05,135.0,120.0,125.0,105.0,170.42857142857142,157.07142857142858,30.92387235263521,12.5,3.437561504744982,45.08426966292135,0.18038925539037207,2
2024-03-06,217.0,135.0,181.0,161.0,175.57142857142858,161.07142857142858,35.613001576378736,60.74074074074074,5.71481018199366,48.24074074074074,0.20169175650052681,2
2024-03-07,202.0,217.0,193.0,136.0,176.85714285714286,165.78571428571428,36.49853454778105,-6.912442396313367,3.7801992319283713,-67.65318313705411,0.20521264404374887,2
2024-03-08,237.0,202.0,204.0,167.0,181.57142857142858,170.78571428571428,42.264475405188044,17.32673267326732,5.441235061640135,24.239175069580686,0.23149556168725843,2
2024-03-09,179.0,237.0,182.0,155.0,181.14285714285714,172.5,42.274614417320606,-24.47257383966245,3.4857693310440987,-41.79930651292977,0.23209592229117196,2
2024-03-10,112.0,179.0,178.0,148.0,171.71428571428572,169.92857142857142,49.78525480066422,-37.43016759776536,-1.5474257260934958,-12.957593758102913,0.2882520956200575,1
2024-03-11,148.0,112.0,120.0,114.0,175.71428571428572,172.35714285714286,45.911925780761145,32.14285714285714,7.699306674732002,69.5730247406225,0.25980879584909294,2
2024-03-12,138.0,148.0,135.0,125.0,176.14285714285714,173.28571428571428,45.48050524641635,-6.756756756756754,4.948341423766751,-38.8996138996139,0.25674478768138265,2
2024-03-13,197.0,138.0,217.0,181.0,173.28571428571428,174.42857142857142,43.04925391029249,42.75362318840579,2.3787532020046163,49.51037994516254,0.24700391587872741,2
2024-03-14,199.0,197.0,202.0,193.0,172.85714285714286,174.85714285714286,42.729494389759694,1.0152284263959421,3.5112776052488033,-41.73839476200985,0.24577359139549534,2
2024-03-15,0.0,199.0,237.0,204.0,139.0,160.28571428571428,69.15682781678815,-100.0,-13.249684205217957,-101.01522842639594,0.49397734154848677,1
2024-03-16,422.0,0.0,179.0,182.0,173.71428571428572,177.42857142857142,128.28966545374024,-67.53554502369667,-0.011586000844946145,61.696128965302506,0.7342826313787258,-1
2024-03-17,137.0,422.0,112.0,178.0,177.28571428571428,174.5,126.62242401024615,-67.53554502369667,-0.011586000844946145,61.696128965302506,0.7102219295446499,-1
2024-03-18,129.0,137.0,148.0,120.0,174.57142857142858,175.14285714285714,127.55503079565199,-5.839416058394164,-0.011586000844946145,61.696128965302506,0.7265136009516386,-1
2024-03-19,86.0,129.0,138.0,135.0,167.14285714285714,171.64285714285714,131.49325593913335,-33.333333333333336,-0.011586000844946145,-27.49391727493917,0.7820329580067404,-1
2024-03-20,159.0,86.0,197.0,217.0,161.71428571428572,167.5,130.8379593068187,84.88372093023256,-0.011586000844946145,118.2170542635659,0.8040963258540218,-1
2024-03-21,172.0,159.0,199.0,202.0,157.85714285714286,165.35714285714286,129.95054068431713,8.176100628930815,-0.011586000844946145,-76.70762030130174,0.8180339791278955,-1
2024-03-22,131.0,172.0,0.0,237.0,176.57142857142858,157.78571428571428,111.55993552620906,-23.83720930232558,-0.011586000844946145,-32.013309931256394,0.6282538605659399,-1
2024-03-23,180.0,131.0,422.0,179.0,142.0,157.85714285714286,31.8433692785879,37.40458015267176,-0.011586000844946145,61.241789454997345,0.22268090404606924,1
2024-03-24,132.0,180.0,137.0,112.0,141.28571428571428,159.28571428571428,32.029750684600764,-26.66666666666667,5.826825193016481,-64.07124681933843,0.225108689550407,2
2024-03-25,121.0,132.0,129.0,148.0,140.14285714285714,157.35714285714286,32.67735746389378,-8.333333333333337,5.470551296596599,18.333333333333336,0.23151973911665633,2
2024-03-26,57.0,121.0,86.0,138.0,136.0,151.57142857142858,41.36826682795954,-52.892561983471076,2.676375775148351,-44.55922865013774,0.30195815202890175,2
2024-03-27,71.0,57.0,159.0,197.0,123.42857142857143,142.57142857142858,46.29203547021289,24.56140350877194,-5.941098142203167,77.45396549224301,0.3720370244448797,1
2024-03-28,129.0,71.0,172.0,199.0,117.28571428571429,137.57142857142858,41.363086549861336,81.69014084507043,4.560907602959635,57.12873733629849,0.3496879297693591,2
2024-03-29,114.0,129.0,131.0,0.0,114.85714285714286,145.71428571428572,40.920366048022196,-11.627906976744185,6.305093649471263,-93.31804782181462,0.35319674764014225,2
2024-03-30,121.0,114.0,180.0,422.0,106.42857142857143,124.21428571428571,29.84324403699728,6.140350877192979,1.8387751815457227,17.768257853937165,0.27779615459970874,2
2024-03-31,103.0,121.0,132.0,137.0,102.28571428571429,121.78571428571429,27.632799271997552,-14.876033057851235,3.5231514113764995,-21.016383935044214,0.2675374756624936,2
2024-04-01,62.0,103.0,121.0,129.0,93.85714285714286,117.0,29.879921198848436,-39.80582524271845,-0.9729188613928018,-24.929792184867214,0.31499916926496846,1
2024-04-02,83.0,62.0,57.0,86.0,97.57142857142857,116.78571428571429,25.883441579321307,33.87096774193547,11.421871099379562,73.67679298465393,0.26258563921050604,2
2024-04-03,104.0,83.0,71.0,159.0,102.28571428571429,112.85714285714286,23.0919523270159,25.30120481927711,11.527557000880302,-8.569762922658363,0.22357353566958685,2
2024-04-04,114.0,104.0,129.0,172.0,100.14285714285714,108.71428571428571,20.780031059789614,9.615384615384626,1.231163253782329,-15.685820203892485,0.20545228448944536,2
2024-04-05,108.0,114.0,114.0,131.0,99.28571428571429,107.07142857142857,20.229638214137182,-5.263157894736848,2.14041312264052,-14.878542510121473,0.20172003917230807,2
2024-04-06,123.0,108.0,121.0,180.0,99.57142857142857,103.0,20.598200924409298,13.888888888888884,3.247347124311364,19.15204678362573,0.20481165691884246,2
2024-04-07,101.0,123.0,103.0,132.0,99.28571428571429,100.78571428571429,20.556546295723237,-17.886178861788615,2.8173262951774527,-31.7750677506775,0.20497980636761062,2
2024-04-08,70.0,101.0,62.0,121.0,100.42857142857143,97.14285714285714,18.22871035816437,-30.6930693069307,4.119148571718559,-12.806890445142084,0.17971967958753604,2
2024-04-09,58.0,70.0,83.0,57.0,96.85714285714286,97.21428571428571,23.807765347627395,-17.14285714285714,-3.1685406975375288,13.55021216407356,0.24329103274947703,1
2024-04-10,71.0,58.0,104.0,71.0,92.14285714285714,97.21428571428571,25.373405188314127,22.413793103448263,-3.581028085513078,39.5566502463054,0.27241385938374063,1
2024-04-11,71.0,71.0,114.0,129.0,86.0,93.07142857142857,24.385791635930126,0.0,-4.954654459139453,-22.413793103448263,0.2802964555854037,1
2024-04-12,68.0,71.0,108.0,114.0,80.28571428571429,89.78571428571429,23.0196639626286,-4.225352112676061,-4.8063964902736265,-4.225352112676061,0.28319445999718834,1
2024-04-13,102.0,68.0,123.0,121.0,77.28571428571429,88.42857142857143,17.14365564732465,50.0,0.35233366845653286,54.22535211267606,0.21898830206436595,2
2024-04-14,78.0,102.0,101.0,103.0,74.0,86.64285714285714,13.699154489158012,-23.529411764705888,-0.453842460531649,-73.52941176470588,0.1826553931887735,1
2024-04-15,66.0,78.0,70.0,62.0,73.42857142857143,86.92857142857143,13.974472488691315,-15.384615384615385,1.7330795283705387,8.144796380090503,0.1877568280630311,2
2024-04-16,62.0,66.0,58.0,83.0,74.0,85.42857142857143,13.304140973815313,-6.060606060606055,3.3162582544064074,9.32400932400933,0.1773885463175375,2
2024-04-17,90.0,62.0,71.0,104.0,76.71428571428571,84.42857142857143,14.476587844552244,45.16129032258065,6.565900714282463,51.2218963831867,0.18627962299975315,2
2024-04-18,72.0,90.0,71.0,114.0,76.85714285714286,81.42857142857143,14.415605809644346,-19.999999999999996,3.708757857139606,-65.16129032258064,0.1851545700321292,2
2024-04-19,104.0,72.0,68.0,108.0,82.0,81.14285714285714,16.93123839868994,44.44444444444444,10.661585936728248,64.44444444444444,0.20399082408060168,2
2024-04-20,113.0,104.0,102.0,123.0,83.57142857142857,80.42857142857143,19.423848262675122,8.653846153846146,4.7549925301348415,-35.7905982905983,0.2296738814843342,2
2024-04-21,117.0,113.0,78.0,101.0,89.14285714285714,81.57142857142857,22.850449102488216,3.539823008849563,8.622026069214192,-5.114023144996583,0.25349151143806264,2
2024-04-22,75.0,117.0,66.0,70.0,90.42857142857143,81.92857142857143,21.547294060450636,-35.89743589743589,5.691623138811262,-39.43725890628545,0.2356735287861788,2
2024-04-23,74.0,75.0,62.0,58.0,92.14285714285714,83.07142857142857,19.26507264932318,-1.3333333333333308,6.366947814135936,34.56410256410256,0.2068336020632857,2
2024-04-24,129.0,74.0,90.0,71.0,97.71428571428571,87.21428571428571,23.676393213686616,74.32432432432432,10.533095528670746,75.65765765765765,0.23984768812707138,2
2024-04-25,112.0,129.0,72.0,71.0,103.42857142857143,90.14285714285714,21.125479434089637,-13.178294573643413,11.507624875293116,-87.50261889796774,0.20229597269306082,2
2024-04-26,120.0,112.0,104.0,68.0,105.71428571428571,93.85714285714286,22.043251324110358,7.14285714285714,6.178826689352072,20.32115171650055,0.20656326542004352,2
2024-04-27,122.0,120.0,113.0,102.0,107.0,95.28571428571429,22.78888984496028,1.6666666666666607,5.180658191183575,-5.476190476190479,0.21100823930518778,2
2024-04-28,124.0,122.0,117.0,78.0,108.0,98.57142857142857,23.444974593684226,1.6393442622950838,4.909161227390078,-0.027322404371576958,0.21509151003380023,2
2024-04-29,78.0,124.0,75.0,66.0,108.42857142857143,99.42857142857143,22.758570868663295,-37.096774193548384,4.7378271850882925,-38.73611845584347,0.20797649618882907,2
2024-04-30,134.0,78.0,74.0,62.0,117.0,104.57142857142857,18.538253253566918,71.79487179487178,15.184713631974736,108.89164598842017,0.15710384113192302,2
2024-05-01,133.0,134.0,129.0,90.0,117.57142857142857,107.64285714285714,19.025050538139812,-0.7462686567164201,4.460343206111774,-72.5411404515882,0.16045223345419118,2
2024-05-02,112.0,133.0,112.0,72.0,117.57142857142857,110.5,19.025050538139812,-15.789473684210531,4.087317618887899,-15.04320502749411,0.16045223345419118,2
2024-05-03,137.0,112.0,120.0,104.0,120.0,112.85714285714286,20.420581946286763,22.32142857142858,6.255684965826676,38.11090225563911,0.16876514005195672,2
2024-05-04,93.0,137.0,122.0,113.0,115.85714285714286,111.42857142857143,22.75543211712076,-32.11678832116789,1.42947711042174,-54.43821689259647,0.1947286366990774,2
2024-05-05,136.0,93.0,124.0,117.0,117.57142857142857,112.78571428571429,23.89461336742601,46.23655913978495,7.8005078072060074,78.35334746095285,0.20152083562889408,2
2024-05-06,90.0,136.0,78.0,75.0,119.28571428571429,113.85714285714286,20.8143763361652,-33.82352941176471,8.268114204603675,-80.06008855154965,0.17304113343605274,2
2024-05-07,82.0,90.0,134.0,74.0,111.85714285714286,114.42857142857143,23.7587111920203,-8.888888888888891,-3.25813732164785,24.934640522875817,0.2105202257520786,1
2024-05-08,118.0,82.0,133.0,129.0,109.71428571428571,113.64285714285714,22.156374453768827,43.90243902439024,3.1202494899388156,52.79132791327913,0.20012209184049265,2
2024-05-09,133.0,118.0,112.0,112.0,112.71428571428571,115.14285714285714,23.87268164521772,12.711864406779672,7.191869217223131,-31.19057461761057,0.20993564260869857,2
2024-05-10,123.0,133.0,137.0,120.0,110.71428571428571,115.35714285714286,22.01298697591307,-7.518796992481203,2.9289798509503044,-20.230661399260875,0.19704719799410678,2
2024-05-11,98.0,123.0,93.0,122.0,111.42857142857143,113.64285714285714,21.415396672696293,-20.32520325203252,4.613492003683929,-12.806406259551316,0.1904800212310979,2
2024-05-12,98.0,98.0,136.0,124.0,106.0,111.78571428571429,18.806031843523918,0.0,-1.991730730571064,20.32520325203252,0.17575730694882166,1
2024-05-13,59.0,98.0,90.0,78.0,101.57142857142857,110.42857142857143,25.618077237005902,-39.795918367346935,-2.8449291527970964,-39.795918367346935,0.24975841317415226,1
2024-05-14,81.0,59.0,82.0,134.0,101.42857142857143,106.64285714285714,25.74786492095894,37.28813559322033,3.751788630361364,77.08405396056727,0.2513738555742156,2
2024-05-15,103.0,81.0,118.0,133.0,99.28571428571429,104.5,24.743448875912183,27.160493827160504,1.3600821736142588,-10.127641766059828,0.2467295471957055,2
2024-05-16,88.0,103.0,133.0,112.0,92.85714285714286,102.78571428571429,19.89496647018943,-14.563106796116509,-2.5363422839423384,-41.723600623277015,0.2119707234266758,1
2024-05-17,109.0,88.0,123.0,137.0,90.85714285714286,100.78571428571429,16.826854256943918,23.863636363636353,1.9468624812173125,38.42674315975286,0.18318503856704108,2
2024-05-18,94.0,109.0,98.0,93.0,90.28571428571429,100.85714285714286,16.610386176927413,-13.761467889908252,2.884538961520779,-37.625104253544606,0.18196041195382143,2
2024-05-19,88.0,94.0,98.0,136.0,88.85714285714286,97.42857142857143,16.262729091972897,-6.382978723404253,1.9726848581773146,7.378489166503998,0.18098426652434066,2
2024-05-20,49.0,88.0,59.0,90.0,87.42857142857143,94.5,19.44957278012135,-44.31818181818182,1.32664722234376,-37.93520309477756,0.21994670349087148,2
2024-05-21,68.0,49.0,81.0,82.0,85.57142857142857,93.5,20.743333418963616,38.775510204081634,1.53912930960966,83.09369202226345,0.23960946193522328,2
2024-05-22,55.0,68.0,103.0,118.0,78.71428571428571,89.0,21.921943244610038,-19.11764705882353,-5.072033674102345,-57.89315726290516,0.27500645647360267,1
2024-05-23,53.0,55.0,88.0,133.0,73.71428571428571,83.28571428571429,23.393124252425363,-3.6363636363636376,-3.51107036556622,15.481283422459892,0.31310108942060716,1
2024-05-24,66.0,53.0,109.0,123.0,67.57142857142857,79.21428571428571,17.481968272304314,24.52830188679245,-3.4161181479724925,28.164665523156085,0.2549453706377713,1
2024-05-25,46.0,66.0,94.0,98.0,60.714285714285715,75.5,14.556954659662361,-30.303030303030297,-5.779198492704213,-54.831332189822746,0.2358765801334179,1
2024-05-26,33.0,46.0,88.0,98.0,52.857142857142854,70.85714285714286,11.992067831391408,-28.260869565217394,-8.90461147010609,2.042160737812903,0.22266438944228079,1
2024-05-27,37.0,33.0,49.0,59.0,51.142857142857146,69.28571428571429,13.409313586968826,12.12121212121211,-0.8418409073355281,40.3820816864295,0.25716491810625147,1
2024-05-28,48.0,37.0,68.0,81.0,48.285714285714285,66.92857142857143,11.16116461831807,29.729729729729737,-2.134095260814371,17.608517608517626,0.22645841254558402,1
2024-05-29,87.0,48.0,55.0,103.0,52.857142857142854,65.78571428571429,18.506116760124456,81.25,12.204140033303277,51.52027027027026,0.34361490005536127,2
2024-05-30,62.0,87.0,53.0,88.0,54.142857142857146,63.92857142857143,18.827542525211,-28.735632183908045,8.618530240796934,-109.98563218390805,0.341432118332842,2
2024-05-31,39.0,62.0,66.0,109.0,50.285714285714285,58.92857142857143,18.75912921671451,-37.096774193548384,-0.18505205639461458,-8.36114200964034,0.3657768928050183,1
2024-06-01,57.0,39.0,46.0,94.0,51.857142857142854,56.285714285714285,18.800966930983297,46.153846153846146,10.737358866016306,83.25062034739453,0.35569396896454886,2
2024-06-02,32.0,57.0,33.0,88.0,51.714285714285715,52.285714285714285,18.971160453925325,-43.85964912280702,8.508961786360645,-90.01349527665317,0.3598865126760902,2
2024-06-03,15.0,32.0,37.0,49.0,48.57142857142857,49.857142857142854,23.172236577809773,-53.125,-0.8119256595267988,-9.26535087719298,0.4674514583419839,1
2024-06-04,29.0,15.0,48.0,68.0,45.857142857142854,47.07142857142857,24.333989073105208,93.33333333333333,8.274303426702286,146.45833333333331,0.519322937535782,2
2024-06-05,26.0,29.0,87.0,55.0,37.142857142857146,45.0,16.945295046559547,-10.344827586206895,-4.810671942755843,-103.67816091954022,0.44425867163264726,1
2024-06-06,36.0,26.0,62.0,53.0,33.42857142857143,43.785714285714285,12.972504822119872,38.46153846153846,4.788923863736515,48.80636604774536,0.37679474587070166,2
2024-06-07,32.0,36.0,39.0,66.0,32.42857142857143,41.357142857142854,12.739147591596998,-11.111111111111116,8.50116144694184,-49.572649572649574,0.3810856117144401,2
2024-06-08,26.0,32.0,57.0,46.0,28.0,39.92857142857143,6.757724006199166,-18.75,-0.7708165750361816,-7.638888888888884,0.23302496573100573,1
2024-06-09,0.0,26.0,32.0,33.0,23.428571428571427,37.57142857142857,12.21826016115248,-100.0,-8.790866700349465,-81.25,0.5001626966553647,1
2024-06-10,38.0,0.0,15.0,37.0,26.714285714285715,37.642857142857146,12.658525282042914,-100.0,-8.790866700349465,-81.25,0.4567509122386618,-1
2024-06-11,0.0,38.0,29.0,48.0,22.571428571428573,34.214285714285715,16.071275038592706,-100.0,-8.790866700349465,-81.25,0.6818116683039329,-1
2024-06-12,0.0,0.0,26.0,87.0,18.857142857142858,28.0,18.031722719289647,-100.0,-8.790866700349465,-81.25,0.9080723671584714,-1
2024-06-13,0.0,0.0,36.0,62.0,13.714285714285714,23.571428571428573,17.45197970594856,-100.0,-8.790866700349465,-81.25,1.1860568732198051,-1
2024-06-14,0.0,0.0,32.0,39.0,9.142857142857142,20.785714285714285,15.994051734864849,-100.0,-8.790866700349465,-81.25,1.5768783400570978,-1
2024-06-15,0.0,0.0,26.0,57.0,5.428571428571429,16.714285714285715,14.362655791177145,-100.0,-8.790866700349465,-81.25,2.2341909008497782,-1
2024-06-16,0.0,0.0,0.0,32.0,5.428571428571429,14.428571428571429,14.362655791177145,-100.0,-8.790866700349465,-81.25,2.2341909008497782,-1
2024-06-17,210.0,0.0,38.0,15.0,30.0,28.357142857142858,79.37254038441857,-100.0,-8.790866700349465,-81.25,2.5604045285296313,-1
2024-06-18,0.0,210.0,0.0,29.0,30.0,26.285714285714285,79.37254038441857,-100.0,-8.790866700349465,-81.25,2.5604045285296313,-1
2024-06-19,0.0,0.0,0.0,26.0,30.0,24.428571428571427,79.37254038441857,-100.0,-8.790866700349465,-81.25,2.5604045285296313,-1
2024-06-20,0.0,0.0,0.0,36.0,30.0,21.857142857142858,79.37254038441857,-100.0,-8.790866700349465,-81.25,2.5604045285296313,-1
2024-06-21,0.0,0.0,0.0,32.0,30.0,19.571428571428573,79.37254038441857,-100.0,-8.790866700349465,-81.25,2.5604045285296313,-1
2024-06-22,0.0,0.0,0.0,26.0,30.0,17.714285714285715,79.37254038441857,-100.0,-8.790866700349465,-81.25,2.5604045285296313,-1
2024-06-23,0.0,0.0,0.0,0.0,30.0,17.714285714285715,79.37254038441857,-100.0,-8.790866700349465,-81.25,2.5604045285296313,-1
2024-06-24,334.0,0.0,210.0,38.0,47.714285714285715,38.857142857142854,126.24013464678148,-100.0,-8.790866700349465,-81.25,2.5914397141568046,-1
2024-06-25,0.0,334.0,0.0,0.0,47.714285714285715,38.857142857142854,126.24013464678148,-100.0,-8.790866700349465,-81.25,2.5914397141568046,-1
2024-06-26,0.0,0.0,0.0,0.0,47.714285714285715,38.857142857142854,126.24013464678148,-100.0,-8.790866700349465,-81.25,2.5914397141568046,-1
2024-06-27,0.0,0.0,0.0,0.0,47.714285714285715,38.857142857142854,126.24013464678148,-100.0,-8.790866700349465,-81.25,2.5914397141568046,-1
2024-06-28,0.0,0.0,0.0,0.0,47.714285714285715,38.857142857142854,126.24013464678148,-100.0,-8.790866700349465,-81.25,2.5914397141568046,-1
2024-06-29,0.0,0.0,0.0,0.0,47.714285714285715,38.857142857142854,126.24013464678148,-100.0,-8.790866700349465,-81.25,2.5914397141568046,-1
2024-06-30,0.0,0.0,0.0,0.0,47.714285714285715,38.857142857142854,126.24013464678148,-100.0,-8.790866700349465,-81.25,2.5914397141568046,-1
2024-07-01,134.0,0.0,334.0,210.0,19.142857142857142,33.42857142857143,50.64724103270762,-100.0,-8.790866700349465,-81.25,2.5144020370847753,-1
2024-07-02,0.0,134.0,0.0,0.0,19.142857142857142,33.42857142857143,50.64724103270762,-100.0,-8.790866700349465,-81.25,2.5144020370847753,-1
2024-07-03,0.0,0.0,0.0,0.0,19.142857142857142,33.42857142857143,50.64724103270762,-100.0,-8.790866700349465,-81.25,2.5144020370847753,-1
2024-07-04,0.0,0.0,0.0,0.0,19.142857142857142,33.42857142857143,50.64724103270762,-100.0,-8.790866700349465,-81.25,2.5144020370847753,-1
2024-07-05,0.0,0.0,0.0,0.0,19.142857142857142,33.42857142857143,50.64724103270762,-100.0,-8.790866700349465,-81.25,2.5144020370847753,-1
2024-07-06,0.0,0.0,0.0,0.0,19.142857142857142,33.42857142857143,50.64724103270762,-100.0,-8.790866700349465,-81.25,2.5144020370847753,-1
2024-07-07,0.0,0.0,0.0,0.0,19.142857142857142,33.42857142857143,50.64724103270762,-100.0,-8.790866700349465,-81.25,2.5144020370847753,-1
2024-07-08,0.0,0.0,134.0,334.0,0.0,9.571428571428571,0.012926453625989149,-100.0,-8.790866700349465,-81.25,0.012926453625989149,-1
2024-07-09,0.0,0.0,0.0,0.0,0.0,9.571428571428571,0.012926453625989149,-100.0,-8.790866700349465,-81.25,0.012926453625989149,-1
2024-07-10,0.0,0.0,0.0,0.0,0.0,9.571428571428571,0.012926453625989149,-100.0,-8.790866700349465,-81.25,0.012926453625989149,-1
2024-07-11,0.0,0.0,0.0,0.0,0.0,9.571428571428571,0.012926453625989149,-100.0,-8.790866700349465,-81.25,0.012926453625989149,-1
2024-07-12,0.0,0.0,0.0,0.0,0.0,9.571428571428571,0.012926453625989149,-100.0,-8.790866700349465,-81.25,0.012926453625989149,-1
2024-07-13,0.0,0.0,0.0,0.0,0.0,9.571428571428571,0.012926453625989149,-100.0,-8.790866700349465,-81.25,0.012926453625989149,-1
2024-07-14,0.0,0.0,0.0,0.0,0.0,9.571428571428571,0.012926453625989149,-100.0,-8.790866700349465,-81.25,0.012926453625989149,-1
2024-07-15,0.0,0.0,0.0,134.0,0.0,0.0,0.012926453625989149,-100.0,-8.790866700349465,-81.25,0.012926453625989149,-1
2024-07-16,0.0,0.0,0.0,0.0,0.0,0.0,0.012926453625989149,-100.0,-8.790866700349465,-81.25,0.012926453625989149,-1
2024-07-17,0.0,0.0,0.0,0.0,0.0,0.0,0.012926453625989149,-100.0,-8.790866700349465,-81.25,0.012926453625989149,-1
2024-07-18,440.0,0.0,0.0,0.0,62.857142857142854,31.428571428571427,166.30436862632425,-100.0,-8.790866700349465,-81.25,2.6043189717768898,-1
2024-07-19,0.0,440.0,0.0,0.0,62.857142857142854,31.428571428571427,166.30436862632425,-100.0,-8.790866700349465,-81.25,2.6043189717768898,-1
2024-07-20,0.0,0.0,0.0,0.0,62.857142857142854,31.428571428571427,166.30436862632425,-100.0,-8.790866700349465,-81.25,2.6043189717768898,-1
2024-07-21,0.0,0.0,0.0,0.0,62.857142857142854,31.428571428571427,166.30436862632425,-100.0,-8.790866700349465,-81.25,2.6043189717768898,-1
2024-07-22,243.0,0.0,0.0,0.0,97.57142857142857,48.785714285714285,176.07182023629866,-100.0,-8.790866700349465,-81.25,1.7862358574696966,-1
2024-07-23,0.0,243.0,0.0,0.0,97.57142857142857,48.785714285714285,176.07182023629866,-100.0,-8.790866700349465,-81.25,1.7862358574696966,-1
2024-07-24,0.0,0.0,0.0,0.0,97.57142857142857,48.785714285714285,176.07182023629866,-100.0,-8.790866700349465,-81.25,1.7862358574696966,-1
2024-07-25,0.0,0.0,440.0,0.0,34.714285714285715,48.785714285714285,91.84536785077896,-100.0,-8.790866700349465,-81.25,2.5716702998218106,-1
2024-07-26,0.0,0.0,0.0,0.0,34.714285714285715,48.785714285714285,91.84536785077896,-100.0,-8.790866700349465,-81.25,2.5716702998218106,-1
2024-07-27,0.0,0.0,0.0,0.0,34.714285714285715,48.785714285714285,91.84536785077896,-100.0,-8.790866700349465,-81.25,2.5716702998218106,-1
2024-07-28,0.0,0.0,0.0,0.0,34.714285714285715,48.785714285714285,91.84536785077896,-100.0,-8.790866700349465,-81.25,2.5716702998218106,-1
2024-07-29,313.0,0.0,243.0,0.0,44.714285714285715,71.14285714285714,118.30288075799007,-100.0,-8.790866700349465,-81.25,2.5878755165810325,-1
2024-07-30,0.0,313.0,0.0,0.0,44.714285714285715,71.14285714285714,118.30288075799007,-100.0,-8.790866700349465,-81.25,2.5878755165810325,-1
2024-07-31,0.0,0.0,0.0,0.0,44.714285714285715,71.14285714285714,118.30288075799007,-100.0,-8.790866700349465,-81.25,2.5878755165810325,-1
2024-08-01,0.0,0.0,0.0,440.0,44.714285714285715,39.714285714285715,118.30288075799007,-100.0,-8.790866700349465,-81.25,2.5878755165810325,-1
2024-08-02,0.0,0.0,0.0,0.0,44.714285714285715,39.714285714285715,118.30288075799007,-100.0,-8.790866700349465,-81.25,2.5878755165810325,-1
2024-08-03,0.0,0.0,0.0,0.0,44.714285714285715,39.714285714285715,118.30288075799007,-100.0,-8.790866700349465,-81.25,2.5878755165810325,-1
2024-08-04,0.0,0.0,0.0,0.0,44.714285714285715,39.714285714285715,118.30288075799007,-100.0,-8.790866700349465,-81.25,2.5878755165810325,-1
2024-08-05,306.0,0.0,313.0,243.0,43.714285714285715,44.214285714285715,115.6571294630806,-100.0,-8.790866700349465,-81.25,2.586581170100844,-1
2024-08-06,0.0,306.0,0.0,0.0,43.714285714285715,44.214285714285715,115.6571294630806,-100.0,-8.790866700349465,-81.25,2.586581170100844,-1
2024-08-07,0.0,0.0,0.0,0.0,43.714285714285715,44.214285714285715,115.6571294630806,-100.0,-8.790866700349465,-81.25,2.586581170100844,-1
2024-08-08,0.0,0.0,0.0,0.0,43.714285714285715,44.214285714285715,115.6571294630806,-100.0,-8.790866700349465,-81.25,2.586581170100844,-1
2024-08-09,0.0,0.0,0.0,0.0,43.714285714285715,44.214285714285715,115.6571294630806,-100.0,-8.790866700349465,-81.25,2.586581170100844,-1
2024-08-10,0.0,0.0,0.0,0.0,43.714285714285715,44.214285714285715,115.6571294630806,-100.0,-8.790866700349465,-81.25,2.586581170100844,-1
2024-08-11,0.0,0.0,0.0,0.0,43.714285714285715,44.214285714285715,115.6571294630806,-100.0,-8.790866700349465,-81.25,2.586581170100844,-1
2024-08-12,266.0,0.0,306.0,313.0,38.0,40.857142857142854,100.53855065133774,-100.0,-8.790866700349465,-81.25,2.577911555162506,-1
2024-08-13,0.0,266.0,0.0,0.0,38.0,40.857142857142854,100.53855065133774,-100.0,-8.790866700349465,-81.25,2.577911555162506,-1
2024-08-14,0.0,0.0,0.0,0.0,38.0,40.857142857142854,100.53855065133774,-100.0,-8.790866700349465,-81.25,2.577911555162506,-1
2024-08-15,0.0,0.0,0.0,0.0,38.0,40.857142857142854,100.53855065133774,-100.0,-8.790866700349465,-81.25,2.577911555162506,-1
2024-08-16,0.0,0.0,0.0,0.0,38.0,40.857142857142854,100.53855065133774,-100.0,-8.790866700349465,-81.25,2.577911555162506,-1
2024-08-17,0.0,0.0,0.0,0.0,38.0,40.857142857142854,100.53855065133774,-100.0,-8.790866700349465,-81.25,2.577911555162506,-1
2024-08-18,0.0,0.0,0.0,0.0,38.0,40.857142857142854,100.53855065133774,-100.0,-8.790866700349465,-81.25,2.577911555162506,-1
2024-08-19,200.0,0.0,266.0,306.0,28.571428571428573,33.285714285714285,75.59289570695566,-100.0,-8.790866700349465,-81.25,2.5562814973366645,-1
2024-08-20,0.0,200.0,0.0,0.0,28.571428571428573,33.285714285714285,75.59289570695566,-100.0,-8.790866700349465,-81.25,2.5562814973366645,-1
2024-08-21,0.0,0.0,0.0,0.0,28.571428571428573,33.285714285714285,75.59289570695566,-100.0,-8.790866700349465,-81.25,2.5562814973366645,-1
2024-08-22,0.0,0.0,0.0,0.0,28.571428571428573,33.285714285714285,75.59289570695566,-100.0,-8.790866700349465,-81.25,2.5562814973366645,-1
2024-08-23,0.0,0.0,0.0,0.0,28.571428571428573,33.285714285714285,75.59289570695566,-100.0,-8.790866700349465,-81.25,2.5562814973366645,-1
2024-08-24,0.0,0.0,0.0,0.0,28.571428571428573,33.285714285714285,75.59289570695566,-100.0,-8.790866700349465,-81.25,2.5562814973366645,-1
2024-08-25,0.0,0.0,0.0,0.0,28.571428571428573,33.285714285714285,75.59289570695566,-100.0,-8.790866700349465,-81.25,2.5562814973366645,-1
2024-08-26,282.0,0.0,200.0,266.0,40.285714285714285,34.42857142857143,106.58598217233697,-100.0,-8.790866700349465,-81.25,2.581667388257297,-1
2024-08-27,0.0,282.0,0.0,0.0,40.285714285714285,34.42857142857143,106.58598217233695,-100.0,-8.790866700349465,-81.25,2.5816673882572965,-1
2024-08-28,0.0,0.0,0.0,0.0,40.285714285714285,34.42857142857143,106.58598217233695,-100.0,-8.790866700349465,-81.25,2.5816673882572965,-1
2024-08-29,0.0,0.0,0.0,0.0,40.285714285714285,34.42857142857143,106.58598217233695,-100.0,-8.790866700349465,-81.25,2.5816673882572965,-1
2024-08-30,0.0,0.0,0.0,0.0,40.285714285714285,34.42857142857143,106.58598217233695,-100.0,-8.790866700349465,-81.25,2.5816673882572965,-1
2024-08-31,0.0,0.0,0.0,0.0,40.285714285714285,34.42857142857143,106.58598217233695,-100.0,-8.790866700349465,-81.25,2.5816673882572965,-1
2024-09-01,0.0,0.0,0.0,0.0,40.285714285714285,34.42857142857143,106.58598217233695,-100.0,-8.790866700349465,-81.25,2.5816673882572965,-1
2024-09-02,235.0,0.0,282.0,200.0,33.57142857142857,36.92857142857143,88.82165209767173,-100.0,-8.790866700349465,-81.25,2.569221341668191,-1
2024-09-03,0.0,235.0,0.0,0.0,33.57142857142857,36.92857142857143,88.82165209767173,-100.0,-8.790866700349465,-81.25,2.569221341668191,-1
2024-09-04,0.0,0.0,0.0,0.0,33.57142857142857,36.92857142857143,88.82165209767173,-100.0,-8.790866700349465,-81.25,2.569221341668191,-1
2024-09-05,0.0,0.0,0.0,0.0,33.57142857142857,36.92857142857143,88.82165209767173,-100.0,-8.790866700349465,-81.25,2.569221341668191,-1
2024-09-06,0.0,0.0,0.0,0.0,33.57142857142857,36.92857142857143,88.82165209767173,-100.0,-8.790866700349465,-81.25,2.569221341668191,-1
2024-09-07,0.0,0.0,0.0,0.0,33.57142857142857,36.92857142857143,88.82165209767173,-100.0,-8.790866700349465,-81.25,2.569221341668191,-1
2024-09-08,0.0,0.0,0.0,0.0,33.57142857142857,36.92857142857143,88.82165209767173,-100.0,-8.790866700349465,-81.25,2.569221341668191,-1
2024-09-09,190.0,0.0,235.0,282.0,27.142857142857142,30.357142857142858,71.81325103503272,-100.0,-8.790866700349465,-81.25,2.5517398844935486,-1
2024-09-10,0.0,190.0,0.0,0.0,27.142857142857142,30.357142857142858,71.81325103503272,-100.0,-8.790866700349465,-81.25,2.5517398844935486,-1
2024-09-11,0.0,0.0,0.0,0.0,27.142857142857142,30.357142857142858,71.81325103503272,-100.0,-8.790866700349465,-81.25,2.5517398844935486,-1
2024-09-12,0.0,0.0,0.0,0.0,27.142857142857142,30.357142857142858,71.81325103503272,-100.0,-8.790866700349465,-81.25,2.5517398844935486,-1
2024-09-13,0.0,0.0,0.0,0.0,27.142857142857142,30.357142857142858,71.81325103503272,-100.0,-8.790866700349465,-81.25,2.5517398844935486,-1
2024-09-14,0.0,0.0,0.0,0.0,27.142857142857142,30.357142857142858,71.81325103503272,-100.0,-8.790866700349465,-81.25,2.5517398844935486,-1
2024-09-15,0.0,0.0,0.0,0.0,27.142857142857142,30.357142857142858,71.81325103503272,-100.0,-8.790866700349465,-81.25,2.5517398844935486,-1
2024-09-16,188.0,0.0,190.0,235.0,26.857142857142858,27.0,71.05732210139072,-100.0,-8.790866700349465,-81.25,2.5507756651781284,-1
2024-09-17,0.0,188.0,0.0,0.0,26.857142857142858,27.0,71.05732210139072,-100.0,-8.790866700349465,-81.25,2.5507756651781284,-1
2024-09-18,0.0,0.0,0.0,0.0,26.857142857142858,27.0,71.05732210139072,-100.0,-8.790866700349465,-81.25,2.5507756651781284,-1
2024-09-19,0.0,0.0,0.0,0.0,26.857142857142858,27.0,71.05732210139072,-100.0,-8.790866700349465,-81.25,2.5507756651781284,-1
2024-09-20,0.0,0.0,0.0,0.0,26.857142857142858,27.0,71.05732210139072,-100.0,-8.790866700349465,-81.25,2.5507756651781284,-1
2024-09-21,0.0,0.0,0.0,0.0,26.857142857142858,27.0,71.05732210139072,-100.0,-8.790866700349465,-81.25,2.5507756651781284,-1
2024-09-22,0.0,0.0,0.0,0.0,26.857142857142858,27.0,71.05732210139072,-100.0,-8.790866700349465,-81.25,2.5507756651781284,-1
2024-09-23,190.0,0.0,188.0,190.0,27.142857142857142,27.0,71.81325103503272,-100.0,-8.790866700349465,-81.25,2.5517398844935486,-1
2024-09-24,0.0,190.0,0.0,0.0,27.142857142857142,27.0,71.81325103503272,-100.0,-8.790866700349465,-81.25,2.5517398844935486,-1
2024-09-25,0.0,0.0,0.0,0.0,27.142857142857142,27.0,71.81325103503272,-100.0,-8.790866700349465,-81.25,2.5517398844935486,-1
2024-09-26,0.0,0.0,0.0,0.0,27.142857142857142,27.0,71.81325103503272,-100.0,-8.790866700349465,-81.25,2.5517398844935486,-1
2024-09-27,0.0,0.0,0.0,0.0,27.142857142857142,27.0,71.81325103503272,-100.0,-8.790866700349465,-81.25,2.5517398844935486,-1
2024-09-28,0.0,0.0,0.0,0.0,27.142857142857142,27.0,71.81325103503272,-100.0,-8.790866700349465,-81.25,2.5517398844935486,-1
2024-09-29,0.0,0.0,0.0,0.0,27.142857142857142,27.0,71.81325103503272,-100.0,-8.790866700349465,-81.25,2.5517398844935486,-1
2024-09-30,187.0,0.0,190.0,188.0,26.714285714285715,26.928571428571427,70.679357634669,-100.0,-8.790866700349465,-81.25,2.5502861002200157,-1
2024-10-01,0.0,187.0,0.0,0.0,26.714285714285715,26.928571428571427,70.679357634669,-100.0,-8.790866700349465,-81.25,2.5502861002200157,-1
2024-10-02,0.0,0.0,0.0,0.0,26.714285714285715,26.928571428571427,70.679357634669,-100.0,-8.790866700349465,-81.25,2.5502861002200157,-1
2024-10-03,0.0,0.0,0.0,0.0,26.714285714285715,26.928571428571427,70.679357634669,-100.0,-8.790866700349465,-81.25,2.5502861002200157,-1
2024-10-04,0.0,0.0,0.0,0.0,26.714285714285715,26.928571428571427,70.679357634669,-100.0,-8.790866700349465,-81.25,2.5502861002200157,-1
2024-10-05,0.0,0.0,0.0,0.0,26.714285714285715,26.928571428571427,70.679357634669,-100.0,-8.790866700349465,-81.25,2.5502861002200157,-1
2024-10-06,0.0,0.0,0.0,0.0,26.714285714285715,26.928571428571427,70.679357634669,-100.0,-8.790866700349465,-81.25,2.5502861002200157,-1
2024-10-07,156.0,0.0,187.0,190.0,22.285714285714285,24.5,58.96245920627767,-100.0,-8.790866700349465,-81.25,2.532130149962845,-1
2024-10-08,0.0,156.0,0.0,0.0,22.285714285714285,24.5,58.96245920627767,-100.0,-8.790866700349465,-81.25,2.532130149962845,-1
2024-10-09,0.0,0.0,0.0,0.0,22.285714285714285,24.5,58.96245920627767,-100.0,-8.790866700349465,-81.25,2.532130149962845,-1
2024-10-10,0.0,0.0,0.0,0.0,22.285714285714285,24.5,58.96245920627767,-100.0,-8.790866700349465,-81.25,2.532130149962845,-1
2024-10-11,0.0,0.0,0.0,0.0,22.285714285714285,24.5,58.96245920627767,-100.0,-8.790866700349465,-81.25,2.532130149962845,-1
2024-10-12,0.0,0.0,0.0,0.0,22.285714285714285,24.5,58.96245920627767,-100.0,-8.790866700349465,-81.25,2.532130149962845,-1
2024-10-13,0.0,0.0,0.0,0.0,22.285714285714285,24.5,58.96245920627767,-100.0,-8.790866700349465,-81.25,2.532130149962845,-1
2024-10-14,133.0,0.0,156.0,187.0,19.0,20.642857142857142,50.26927657210115,-100.0,-8.790866700349465,-81.25,2.5134638286050572,-1
2024-10-15,0.0,133.0,0.0,0.0,19.0,20.642857142857142,50.26927657210115,-100.0,-8.790866700349465,-81.25,2.5134638286050572,-1
2024-10-16,0.0,0.0,0.0,0.0,19.0,20.642857142857142,50.26927657210115,-100.0,-8.790866700349465,-81.25,2.5134638286050572,-1
2024-10-17,0.0,0.0,0.0,0.0,19.0,20.642857142857142,50.26927657210115,-100.0,-8.790866700349465,-81.25,2.5134638286050572,-1
2024-10-18,0.0,0.0,0.0,0.0,19.0,20.642857142857142,50.26927657210115,-100.0,-8.790866700349465,-81.25,2.5134638286050572,-1
2024-10-19,0.0,0.0,0.0,0.0,19.0,20.642857142857142,50.26927657210115,-100.0,-8.790866700349465,-81.25,2.5134638286050572,-1
2024-10-20,0.0,0.0,0.0,0.0,19.0,20.642857142857142,50.26927657210115,-100.0,-8.790866700349465,-81.25,2.5134638286050572,-1
2024-10-21,115.0,0.0,133.0,156.0,16.428571428571427,17.714285714285715,43.46591631807126,-100.0,-8.790866700349465,-81.25,2.4939460182499906,-1
2024-10-22,0.0,115.0,0.0,0.0,16.428571428571427,17.714285714285715,43.46591631807126,-100.0,-8.790866700349465,-81.25,2.4939460182499906,-1
2024-10-23,0.0,0.0,0.0,0.0,16.428571428571427,17.714285714285715,43.46591631807126,-100.0,-8.790866700349465,-81.25,2.4939460182499906,-1
2024-10-24,0.0,0.0,0.0,0.0,16.428571428571427,17.714285714285715,43.46591631807126,-100.0,-8.790866700349465,-81.25,2.4939460182499906,-1
2024-10-25,0.0,0.0,0.0,0.0,16.428571428571427,17.714285714285715,43.46591631807126,-100.0,-8.790866700349465,-81.25,2.4939460182499906,-1
2024-10-26,0.0,0.0,0.0,0.0,16.428571428571427,17.714285714285715,43.46591631807126,-100.0,-8.790866700349465,-81.25,2.4939460182499906,-1
2024-10-27,0.0,0.0,0.0,0.0,16.428571428571427,17.714285714285715,43.46591631807126,-100.0,-8.790866700349465,-81.25,2.4939460182499906,-1
2024-10-28,85.0,0.0,115.0,133.0,12.142857142857142,14.285714285714286,32.12698280618881,-100.0,-8.790866700349465,-81.25,2.444444343949149,-1
2024-10-29,0.0,85.0,0.0,0.0,12.142857142857142,14.285714285714286,32.12698280618881,-100.0,-8.790866700349465,-81.25,2.444444343949149,-1
2024-10-30,0.0,0.0,0.0,0.0,12.142857142857142,14.285714285714286,32.12698280618881,-100.0,-8.790866700349465,-81.25,2.444444343949149,-1
2024-10-31,0.0,0.0,0.0,0.0,12.142857142857142,14.285714285714286,32.12698280618881,-100.0,-8.790866700349465,-81.25,2.444444343949149,-1
2024-11-01,0.0,0.0,0.0,0.0,12.142857142857142,14.285714285714286,32.12698280618881,-100.0,-8.790866700349465,-81.25,2.444444343949149,-1
2024-11-02,0.0,0.0,0.0,0.0,12.142857142857142,14.285714285714286,32.12698280618881,-100.0,-8.790866700349465,-81.25,2.444444343949149,-1
2024-11-03,0.0,0.0,0.0,0.0,12.142857142857142,14.285714285714286,32.12698280618881,-100.0,-8.790866700349465,-81.25,2.444444343949149,-1
2024-11-04,65.0,0.0,85.0,115.0,9.285714285714286,10.714285714285714,24.56769414616167,-100.0,-8.790866700349465,-81.25,2.388525819765718,-1
2024-11-05,0.0,65.0,0.0,0.0,9.285714285714286,10.714285714285714,24.56769414616167,-100.0,-8.790866700349465,-81.25,2.388525819765718,-1
2024-11-06,0.0,0.0,0.0,0.0,9.285714285714286,10.714285714285714,24.56769414616167,-100.0,-8.790866700349465,-81.25,2.388525819765718,-1
2024-11-07,0.0,0.0,0.0,0.0,9.285714285714286,10.714285714285714,24.56769414616167,-100.0,-8.790866700349465,-81.25,2.388525819765718,-1
2024-11-08,0.0,0.0,0.0,0.0,9.285714285714286,10.714285714285714,24.56769414616167,-100.0,-8.790866700349465,-81.25,2.388525819765718,-1
2024-11-09,0.0,0.0,0.0,0.0,9.285714285714286,10.714285714285714,24.56769414616167,-100.0,-8.790866700349465,-81.25,2.388525819765718,-1
2024-11-10,0.0,0.0,0.0,0.0,9.285714285714286,10.714285714285714,24.56769414616167,-100.0,-8.790866700349465,-81.25,2.388525819765718,-1
2024-11-11,62.0,0.0,65.0,85.0,8.857142857142858,9.071428571428571,23.433800891682477,-100.0,-8.790866700349465,-81.25,2.3773421194460482,-1
2024-11-12,0.0,62.0,0.0,0.0,8.857142857142858,9.071428571428571,23.433800891682477,-100.0,-8.790866700349465,-81.25,2.3773421194460482,-1
2024-11-13,0.0,0.0,0.0,0.0,8.857142857142858,9.071428571428571,23.433800891682477,-100.0,-8.790866700349465,-81.25,2.3773421194460482,-1
2024-11-14,0.0,0.0,0.0,0.0,8.857142857142858,9.071428571428571,23.433800891682477,-100.0,-8.790866700349465,-81.25,2.3773421194460482,-1
2024-11-15,0.0,0.0,0.0,0.0,8.857142857142858,9.071428571428571,23.433800891682477,-100.0,-8.790866700349465,-81.25,2.3773421194460482,-1
2024-11-16,0.0,0.0,0.0,0.0,8.857142857142858,9.071428571428571,23.433800891682477,-100.0,-8.790866700349465,-81.25,2.3773421194460482,-1
2024-11-17,0.0,0.0,0.0,0.0,8.857142857142858,9.071428571428571,23.433800891682477,-100.0,-8.790866700349465,-81.25,2.3773421194460482,-1
2024-11-18,48.0,0.0,62.0,65.0,6.857142857142857,7.857142857142857,18.142299309408248,-100.0,-8.790866700349465,-81.25,2.3090199121065043,-1
2024-11-19,0.0,48.0,0.0,0.0,6.857142857142857,7.857142857142857,18.142299309408248,-100.0,-8.790866700349465,-81.25,2.3090199121065043,-1
2024-11-20,0.0,0.0,0.0,0.0,6.857142857142857,7.857142857142857,18.142299309408248,-100.0,-8.790866700349465,-81.25,2.3090199121065043,-1
2024-11-21,0.0,0.0,0.0,0.0,6.857142857142857,7.857142857142857,18.142299309408248,-100.0,-8.790866700349465,-81.25,2.3090199121065043,-1
2024-11-22,0.0,0.0,0.0,0.0,6.857142857142857,7.857142857142857,18.142299309408248,-100.0,-8.790866700349465,-81.25,2.3090199121065043,-1
2024-11-23,0.0,0.0,0.0,0.0,6.857142857142857,7.857142857142857,18.142299309408248,-100.0,-8.790866700349465,-81.25,2.3090199121065043,-1
2024-11-24,0.0,0.0,0.0,0.0,6.857142857142857,7.857142857142857,18.142299309408248,-100.0,-8.790866700349465,-81.25,2.3090199121065043,-1
2024-11-25,29.0,0.0,48.0,62.0,4.142857142857143,5.5,10.960977339347863,-100.0,-8.790866700349465,-81.25,2.13130114931764,-1
2024-11-26,0.0,29.0,0.0,0.0,4.142857142857143,5.5,10.960977339347863,-100.0,-8.790866700349465,-81.25,2.13130114931764,-1
2024-11-27,0.0,0.0,0.0,0.0,4.142857142857143,5.5,10.960977339347863,-100.0,-8.790866700349465,-81.25,2.13130114931764,-1
2024-11-28,0.0,0.0,0.0,0.0,4.142857142857143,5.5,10.960977339347863,-100.0,-8.790866700349465,-81.25,2.13130114931764,-1
2024-11-29,0.0,0.0,0.0,0.0,4.142857142857143,5.5,10.960977339347863,-100.0,-8.790866700349465,-81.25,2.13130114931764,-1
2024-11-30,0.0,0.0,0.0,0.0,4.142857142857143,5.5,10.960977339347863,-100.0,-8.790866700349465,-81.25,2.13130114931764,-1
2024-12-01,0.0,0.0,0.0,0.0,4.142857142857143,5.5,10.960977339347863,-100.0,-8.790866700349465,-81.25,2.13130114931764,-1
2024-12-02,36.0,0.0,29.0,48.0,5.142857142857143,4.642857142857143,13.606727168321159,-100.0,-8.790866700349465,-81.25,2.215048608796468,-1
2024-12-03,0.0,36.0,0.0,0.0,5.142857142857143,4.642857142857143,13.606727168321159,-100.0,-8.790866700349465,-81.25,2.215048608796468,-1
2024-12-04,0.0,0.0,0.0,0.0,5.142857142857143,4.642857142857143,13.606727168321159,-100.0,-8.790866700349465,-81.25,2.215048608796468,-1
2024-12-05,0.0,0.0,0.0,0.0,5.142857142857143,4.642857142857143,13.606727168321159,-100.0,-8.790866700349465,-81.25,2.215048608796468,-1
2024-12-06,0.0,0.0,0.0,0.0,5.142857142857143,4.642857142857143,13.606727168321159,-100.0,-8.790866700349465,-81.25,2.215048608796468,-1
2024-12-07,0.0,0.0,0.0,0.0,5.142857142857143,4.642857142857143,13.606727168321159,-100.0,-8.790866700349465,-81.25,2.215048608796468,-1
2024-12-08,0.0,0.0,0.0,0.0,5.142857142857143,4.642857142857143,13.606727168321159,-100.0,-8.790866700349465,-81.25,2.215048608796468,-1
2024-12-09,11.0,0.0,36.0,29.0,1.5714285714285714,3.357142857142857,4.157629297810921,-100.0,-8.790866700349465,-81.25,1.6168558380375804,-1
2024-12-10,0.0,11.0,0.0,0.0,1.5714285714285714,3.357142857142857,4.157629297810921,-100.0,-8.790866700349465,-81.25,1.6168558380375804,-1
2024-12-11,0.0,0.0,0.0,0.0,1.5714285714285714,3.357142857142857,4.157629297810921,-100.0,-8.790866700349465,-81.25,1.6168558380375804,-1
2024-12-12,0.0,0.0,0.0,0.0,1.5714285714285714,3.357142857142857,4.157629297810921,-100.0,-8.790866700349465,-81.25,1.6168558380375804,-1
2024-12-13,0.0,0.0,0.0,0.0,1.5714285714285714,3.357142857142857,4.157629297810921,-100.0,-8.790866700349465,-81.25,1.6168558380375804,-1
2024-12-14,0.0,0.0,0.0,0.0,1.5714285714285714,3.357142857142857,4.157629297810921,-100.0,-8.790866700349465,-81.25,1.6168558380375804,-1
2024-12-15,0.0,0.0,0.0,0.0,1.5714285714285714,3.357142857142857,4.157629297810921,-100.0,-8.790866700349465,-81.25,1.6168558380375804,-1
2024-12-16,17.0,0.0,11.0,36.0,2.4285714285714284,2.0,6.4254090435962645,-100.0,-8.790866700349465,-81.25,1.8740776377155772,-1
2024-12-17,0.0,17.0,0.0,0.0,2.4285714285714284,2.0,6.4254090435962645,-100.0,-8.790866700349465,-81.25,1.8740776377155772,-1
2024-12-18,0.0,0.0,0.0,0.0,2.4285714285714284,2.0,6.4254090435962645,-100.0,-8.790866700349465,-81.25,1.8740776377155772,-1
2024-12-19,0.0,0.0,0.0,0.0,2.4285714285714284,2.0,6.4254090435962645,-100.0,-8.790866700349465,-81.25,1.8740776377155772,-1
2024-12-20,0.0,0.0,0.0,0.0,2.4285714285714284,2.0,6.4254090435962645,-100.0,-8.790866700349465,-81.25,1.8740776377155772,-1
2024-12-21,0.0,0.0,0.0,0.0,2.4285714285714284,2.0,6.4254090435962645,-100.0,-8.790866700349465,-81.25,1.8740776377155772,-1
2024-12-22,0.0,0.0,0.0,0.0,2.4285714285714284,2.0,6.4254090435962645,-100.0,-8.790866700349465,-81.25,1.8740776377155772,-1
2024-12-23,0.0,0.0,17.0,11.0,0.0,1.2142857142857142,0.0129264532800565,-100.0,-8.790866700349465,-81.25,0.0129264532800565,-1
2024-12-24,0.0,0.0,0.0,0.0,0.0,1.2142857142857142,0.0129264532800565,-100.0,-8.790866700349465,-81.25,0.0129264532800565,-1
2024-12-25,0.0,0.0,0.0,0.0,0.0,1.2142857142857142,0.0129264532800565,-100.0,-8.790866700349465,-81.25,0.0129264532800565,-1
2024-12-26,0.0,0.0,0.0,0.0,0.0,1.2142857142857142,0.0129264532800565,-100.0,-8.790866700349465,-81.25,0.0129264532800565,-1
2024-12-27,0.0,0.0,0.0,0.0,0.0,1.2142857142857142,0.0129264532800565,-100.0,-8.790866700349465,-81.25,0.0129264532800565,-1
2024-12-28,0.0,0.0,0.0,0.0,0.0,1.2142857142857142,0.0129264532800565,-100.0,-8.790866700349465,-81.25,0.0129264532800565,-1
2024-12-29,0.0,0.0,0.0,0.0,0.0,1.2142857142857142,0.0129264532800565,-100.0,-8.790866700349465,-81.25,0.0129264532800565,-1
2024-12-30,24.0,0.0,0.0,17.0,3.4285714285714284,1.7142857142857142,9.071156562256018,-100.0,-8.790866700349465,-81.25,2.048325675348133,-1
2024-12-31,0.0,24.0,0.0,0.0,3.4285714285714284,1.7142857142857142,9.071156562256018,-100.0,-8.790866700349465,-81.25,2.048325675348133,-1
2025-01-01,0.0,0.0,0.0,0.0,3.4285714285714284,1.7142857142857142,9.071156562256018,-100.0,-8.790866700349465,-81.25,2.048325675348133,-1
2025-01-02,0.0,0.0,0.0,0.0,3.4285714285714284,1.7142857142857142,9.071156562256018,-100.0,-8.790866700349465,-81.25,2.048325675348133,-1
2025-01-03,0.0,0.0,0.0,0.0,3.4285714285714284,1.7142857142857142,9.071156562256018,-100.0,-8.790866700349465,-81.25,2.048325675348133,-1
2025-01-04,0.0,0.0,0.0,0.0,3.4285714285714284,1.7142857142857142,9.071156562256018,-100.0,-8.790866700349465,-81.25,2.048325675348133,-1
2025-01-05,0.0,0.0,0.0,0.0,3.4285714285714284,1.7142857142857142,9.071156562256018,-100.0,-8.790866700349465,-81.25,2.048325675348133,-1
2025-01-06,0.0,0.0,24.0,0.0,0.0,1.7142857142857142,0.0129264532800565,-100.0,-8.790866700349465,-81.25,0.0129264532800565,-1
2025-01-07,6.0,0.0,0.0,0.0,0.8571428571428571,2.142857142857143,2.267823678235254,-100.0,-8.790866700349465,-81.25,1.2211358267420598,-1
2025-01-08,0.0,6.0,0.0,0.0,0.8571428571428571,2.142857142857143,2.267823678235254,-100.0,-8.790866700349465,-81.25,1.2211358267420598,-1
2025-01-09,0.0,0.0,0.0,0.0,0.8571428571428571,2.142857142857143,2.267823678235254,-100.0,-8.790866700349465,-81.25,1.2211358267420598,-1
2025-01-10,0.0,0.0,0.0,0.0,0.8571428571428571,2.142857142857143,2.267823678235254,-100.0,-8.790866700349465,-81.25,1.2211358267420598,-1
2025-01-11,0.0,0.0,0.0,0.0,0.8571428571428571,2.142857142857143,2.267823678235254,-100.0,-8.790866700349465,-81.25,1.2211358267420598,-1
2025-01-12,0.0,0.0,0.0,0.0,0.8571428571428571,2.142857142857143,2.267823678235254,-100.0,-8.790866700349465,-81.25,1.2211358267420598,-1
2025-01-13,0.0,0.0,0.0,24.0,0.8571428571428571,0.42857142857142855,2.267823678235254,-100.0,-8.790866700349465,-81.25,1.2211358267420598,-1
2025-01-14,7.0,0.0,6.0,0.0,1.0,0.9285714285714286,2.6457828884143453,-100.0,-8.790866700349465,-81.25,1.3228914442071726,-1
2025-01-15,0.0,7.0,0.0,0.0,1.0,0.9285714285714286,2.6457828884143453,-100.0,-8.790866700349465,-81.25,1.3228914442071726,-1
2025-01-16,0.0,0.0,0.0,0.0,1.0,0.9285714285714286,2.6457828884143453,-100.0,-8.790866700349465,-81.25,1.3228914442071726,-1
2025-01-17,0.0,0.0,0.0,0.0,1.0,0.9285714285714286,2.6457828884143453,-100.0,-8.790866700349465,-81.25,1.3228914442071726,-1
2025-01-18,0.0,0.0,0.0,0.0,1.0,0.9285714285714286,2.6457828884143453,-100.0,-8.790866700349465,-81.25,1.3228914442071726,-1
2025-01-19,0.0,0.0,0.0,0.0,1.0,0.9285714285714286,2.6457828884143453,-100.0,-8.790866700349465,-81.25,1.3228914442071726,-1
2025-01-20,0.0,0.0,0.0,0.0,1.0,0.9285714285714286,2.6457828884143453,-100.0,-8.790866700349465,-81.25,1.3228914442071726,-1
2025-01-21,13.0,0.0,7.0,6.0,1.8571428571428572,1.4285714285714286,4.913555152330767,-100.0,-8.790866700349465,-81.25,1.7197443033157684,-1
2025-01-22,0.0,13.0,0.0,0.0,1.8571428571428572,1.4285714285714286,4.913555152330767,-100.0,-8.790866700349465,-81.25,1.7197443033157684,-1
2025-01-23,0.0,0.0,0.0,0.0,1.8571428571428572,1.4285714285714286,4.913555152330767,-100.0,-8.790866700349465,-81.25,1.7197443033157684,-1
2025-01-24,0.0,0.0,0.0,0.0,1.8571428571428572,1.4285714285714286,4.913555152330767,-100.0,-8.790866700349465,-81.25,1.7197443033157684,-1
2025-01-25,0.0,0.0,0.0,0.0,1.8571428571428572,1.4285714285714286,4.913555152330767,-100.0,-8.790866700349465,-81.25,1.7197443033157684,-1
2025-01-26,0.0,0.0,0.0,0.0,1.8571428571428572,1.4285714285714286,4.913555152330767,-100.0,-8.790866700349465,-81.25,1.7197443033157684,-1
2025-01-27,0.0,0.0,0.0,0.0,1.8571428571428572,1.4285714285714286,4.913555152330767,-100.0,-8.790866700349465,-81.25,1.7197443033157684,-1
2025-01-28,3.0,0.0,13.0,7.0,0.42857142857142855,1.1428571428571428,1.1339670976995555,-100.0,-8.790866700349465,-81.25,0.7937769683896888,-1
2025-01-29,0.0,3.0,0.0,0.0,0.42857142857142855,1.1428571428571428,1.1339670976995555,-100.0,-8.790866700349465,-81.25,0.7937769683896888,-1
2025-01-30,0.0,0.0,0.0,0.0,0.42857142857142855,1.1428571428571428,1.1339670976995555,-100.0,-8.790866700349465,-81.25,0.7937769683896888,-1
2025-01-31,0.0,0.0,0.0,0.0,0.42857142857142855,1.1428571428571428,1.1339670976995555,-100.0,-8.790866700349465,-81.25,0.7937769683896888,-1
2025-02-01,0.0,0.0,0.0,0.0,0.42857142857142855,1.1428571428571428,1.1339670976995555,-100.0,-8.790866700349465,-81.25,0.7937769683896888,-1
2025-02-02,0.0,0.0,0.0,0.0,0.42857142857142855,1.1428571428571428,1.1339670976995555,-100.0,-8.790866700349465,-81.25,0.7937769683896888,-1
2025-02-03,0.0,0.0,0.0,0.0,0.42857142857142855,1.1428571428571428,1.1339670976995555,-100.0,-8.790866700349465,-81.25,0.7937769683896888,-1
2025-02-04,5.0,0.0,3.0,13.0,0.7142857142857143,0.5714285714285714,1.88986657312549,-100.0,-8.790866700349465,-81.25,1.1024221676565358,-1
2025-02-05,0.0,5.0,0.0,0.0,0.7142857142857143,0.5714285714285714,1.88986657312549,-100.0,-8.790866700349465,-81.25,1.1024221676565358,-1
2025-02-06,0.0,0.0,0.0,0.0,0.7142857142857143,0.5714285714285714,1.88986657312549,-100.0,-8.790866700349465,-81.25,1.1024221676565358,-1
2025-02-07,0.0,0.0,0.0,0.0,0.7142857142857143,0.5714285714285714,1.88986657312549,-100.0,-8.790866700349465,-81.25,1.1024221676565358,-1
2025-02-08,0.0,0.0,0.0,0.0,0.7142857142857143,0.5714285714285714,1.88986657312549,-100.0,-8.790866700349465,-81.25,1.1024221676565358,-1
2025-02-09,0.0,0.0,0.0,0.0,0.7142857142857143,0.5714285714285714,1.88986657312549,-100.0,-8.790866700349465,-81.25,1.1024221676565358,-1
2025-02-10,0.0,0.0,0.0,0.0,0.7142857142857143,0.5714285714285714,1.88986657312549,-100.0,-8.790866700349465,-81.25,1.1024221676565358,-1
2025-02-11,0.0,0.0,5.0,3.0,0.0,0.35714285714285715,0.0129264532800565,-100.0,-8.790866700349465,-81.25,0.0129264532800565,-1
2025-02-12,0.0,0.0,0.0,0.0,0.0,0.35714285714285715,0.0129264532800565,-100.0,-8.790866700349465,-81.25,0.0129264532800565,-1
2025-02-13,0.0,0.0,0.0,0.0,0.0,0.35714285714285715,0.0129264532800565,-100.0,-8.790866700349465,-81.25,0.0129264532800565,-1
2025-02-14,0.0,0.0,0.0,0.0,0.0,0.35714285714285715,0.0129264532800565,-100.0,-8.790866700349465,-81.25,0.0129264532800565,-1
2025-02-15,0.0,0.0,0.0,0.0,0.0,0.35714285714285715,0.0129264532800565,-100.0,-8.790866700349465,-81.25,0.0129264532800565,-1
2025-02-16,0.0,0.0,0.0,0.0,0.0,0.35714285714285715,0.0129264532800565,-100.0,-8.790866700349465,-81.25,0.0129264532800565,-1
2025-02-17,0.0,0.0,0.0,0.0,0.0,0.35714285714285715,0.0129264532800565,-100.0,-8.790866700349465,-81.25,0.0129264532800565,-1
2025-02-18,7.0,0.0,0.0,5.0,1.0,0.5,2.6457828884143453,-100.0,-8.790866700349465,-81.25,1.3228914442071726,-1
2025-02-19,0.0,7.0,0.0,0.0,1.0,0.5,2.6457828884143453,-100.0,-8.790866700349465,-81.25,1.3228914442071726,-1
2025-02-20,0.0,0.0,0.0,0.0,1.0,0.5,2.6457828884143453,-100.0,-8.790866700349465,-81.25,1.3228914442071726,-1
2025-02-21,0.0,0.0,0.0,0.0,1.0,0.5,2.6457828884143453,-100.0,-8.790866700349465,-81.25,1.3228914442071726,-1
2025-02-22,0.0,0.0,0.0,0.0,1.0,0.5,2.6457828884143453,-100.0,-8.790866700349465,-81.25,1.3228914442071726,-1
2025-02-23,0.0,0.0,0.0,0.0,1.0,0.5,2.6457828884143453,-100.0,-8.790866700349465,-81.25,1.3228914442071726,-1
2025-02-24,0.0,0.0,0.0,0.0,1.0,0.5,2.6457828884143453,-100.0,-8.790866700349465,-81.25,1.3228914442071726,-1
2025-02-25,0.0,0.0,7.0,0.0,0.0,0.5,0.0129264532800565,-100.0,-8.790866700349465,-81.25,0.0129264532800565,-1
2025-02-26,0.0,0.0,0.0,0.0,0.0,0.5,0.0129264532800565,-100.0,-8.790866700349465,-81.25,0.0129264532800565,-1
2025-02-27,0.0,0.0,0.0,0.0,0.0,0.5,0.0129264532800565,-100.0,-8.790866700349465,-81.25,0.0129264532800565,-1
2025-02-28,0.0,0.0,0.0,0.0,0.0,0.5,0.0129264532800565,-100.0,-8.790866700349465,-81.25,0.0129264532800565,-1
2025-03-01,0.0,0.0,0.0,0.0,0.0,0.5,0.0129264532800565,-100.0,-8.790866700349465,-81.25,0.0129264532800565,-1
2025-03-02,0.0,0.0,0.0,0.0,0.0,0.5,0.0129264532800565,-100.0,-8.790866700349465,-81.25,0.0129264532800565,-1
2025-03-03,0.0,0.0,0.0,0.0,0.0,0.5,0.0129264532800565,-100.0,-8.790866700349465,-81.25,0.0129264532800565,-1
2025-03-04,7.0,0.0,0.0,7.0,1.0,0.5,2.6457828884143453,-100.0,-8.790866700349465,-81.25,1.3228914442071726,-1
2025-03-05,0.0,7.0,0.0,0.0,1.0,0.5,2.6457828884143453,-100.0,-8.790866700349465,-81.25,1.3228914442071726,-1
2025-03-06,0.0,0.0,0.0,0.0,1.0,0.5,2.6457828884143453,-100.0,-8.790866700349465,-81.25,1.3228914442071726,-1
2025-03-07,0.0,0.0,0.0,0.0,1.0,0.5,2.6457828884143453,-100.0,-8.790866700349465,-81.25,1.3228914442071726,-1
2025-03-08,0.0,0.0,0.0,0.0,1.0,0.5,2.6457828884143453,-100.0,-8.790866700349465,-81.25,1.3228914442071726,-1
2025-03-09,0.0,0.0,0.0,0.0,1.0,0.5,2.6457828884143453,-100.0,-8.790866700349465,-81.25,1.3228914442071726,-1
2025-03-10,0.0,0.0,0.0,0.0,1.0,0.5,2.6457828884143453,-100.0,-8.790866700349465,-81.25,1.3228914442071726,-1
2025-03-11,7.0,0.0,7.0,0.0,1.0,1.0,2.6457828884143453,-100.0,-8.790866700349465,-81.25,1.3228914442071726,-1
2025-03-12,0.0,7.0,0.0,0.0,1.0,1.0,2.6457828884143453,-100.0,-8.790866700349465,-81.25,1.3228914442071726,-1
2025-03-13,0.0,0.0,0.0,0.0,1.0,1.0,2.6457828884143453,-100.0,-8.790866700349465,-81.25,1.3228914442071726,-1
2025-03-14,0.0,0.0,0.0,0.0,1.0,1.0,2.6457828884143453,-100.0,-8.790866700349465,-81.25,1.3228914442071726,-1
2025-03-15,0.0,0.0,0.0,0.0,1.0,1.0,2.6457828884143453,-100.0,-8.790866700349465,-81.25,1.3228914442071726,-1
2025-03-16,0.0,0.0,0.0,0.0,1.0,1.0,2.6457828884143453,-100.0,-8.790866700349465,-81.25,1.3228914442071726,-1
2025-03-17,0.0,0.0,0.0,0.0,1.0,1.0,2.6457828884143453,-100.0,-8.790866700349465,-81.25,1.3228914442071726,-1
2025-03-18,6.0,0.0,7.0,7.0,0.8571428571428571,0.9285714285714286,2.267823678235254,-100.0,-8.790866700349465,-81.25,1.2211358267420598,-1
2025-03-19,0.0,6.0,0.0,0.0,0.8571428571428571,0.9285714285714286,2.267823678235254,-100.0,-8.790866700349465,-81.25,1.2211358267420598,-1
2025-03-20,0.0,0.0,0.0,0.0,0.8571428571428571,0.9285714285714286,2.267823678235254,-100.0,-8.790866700349465,-81.25,1.2211358267420598,-1
2025-03-21,0.0,0.0,0.0,0.0,0.8571428571428571,0.9285714285714286,2.267823678235254,-100.0,-8.790866700349465,-81.25,1.2211358267420598,-1
2025-03-22,0.0,0.0,0.0,0.0,0.8571428571428571,0.9285714285714286,2.267823678235254,-100.0,-8.790866700349465,-81.25,1.2211358267420598,-1
2025-03-23,0.0,0.0,0.0,0.0,0.8571428571428571,0.9285714285714286,2.267823678235254,-100.0,-8.790866700349465,-81.25,1.2211358267420598,-1
2025-03-24,0.0,0.0,0.0,0.0,0.8571428571428571,0.9285714285714286,2.267823678235254,-100.0,-8.790866700349465,-81.25,1.2211358267420598,-1
2025-03-25,2.0,0.0,6.0,7.0,0.2857142857142857,0.5714285714285714,0.7560394595923001,-100.0,-8.790866700349465,-81.25,0.5880306907940113,-1
2025-03-26,0.0,2.0,0.0,0.0,0.2857142857142857,0.5714285714285714,0.7560394595923001,-100.0,-8.790866700349465,-81.25,0.5880306907940113,-1
2025-03-27,0.0,0.0,0.0,0.0,0.2857142857142857,0.5714285714285714,0.7560394595923001,-100.0,-8.790866700349465,-81.25,0.5880306907940113,-1
2025-03-28,0.0,0.0,0.0,0.0,0.2857142857142857,0.5714285714285714,0.7560394595923001,-100.0,-8.790866700349465,-81.25,0.5880306907940113,-1
2025-03-29,0.0,0.0,0.0,0.0,0.2857142857142857,0.5714285714285714,0.7560394595923001,-100.0,-8.790866700349465,-81.25,0.5880306907940113,-1
2025-03-30,0.0,0.0,0.0,0.0,0.2857142857142857,0.5714285714285714,0.7560394595923001,-100.0,-8.790866700349465,-81.25,0.5880306907940113,-1
2025-03-31,0.0,0.0,0.0,0.0,0.2857142857142857,0.5714285714285714,0.7560394595923001,-100.0,-8.790866700349465,-81.25,0.5880306907940113,-1
2025-04-01,7.0,0.0,2.0,6.0,1.0,0.6428571428571429,2.6457828884143453,-100.0,-8.790866700349465,-81.25,1.3228914442071726,-1
2025-04-02,0.0,7.0,0.0,0.0,1.0,0.6428571428571429,2.6457828884143453,-100.0,-8.790866700349465,-81.25,1.3228914442071726,-1
2025-04-03,0.0,0.0,0.0,0.0,1.0,0.6428571428571429,2.6457828884143453,-100.0,-8.790866700349465,-81.25,1.3228914442071726,-1
2025-04-04,0.0,0.0,0.0,0.0,1.0,0.6428571428571429,2.6457828884143453,-100.0,-8.790866700349465,-81.25,1.3228914442071726,-1
2025-04-05,0.0,0.0,0.0,0.0,1.0,0.6428571428571429,2.6457828884143453,-100.0,-8.790866700349465,-81.25,1.3228914442071726,-1
2025-04-06,0.0,0.0,0.0,0.0,1.0,0.6428571428571429,2.6457828884143453,-100.0,-8.790866700349465,-81.25,1.3228914442071726,-1
2025-04-07,0.0,0.0,0.0,0.0,1.0,0.6428571428571429,2.6457828884143453,-100.0,-8.790866700349465,-81.25,1.3228914442071726,-1
2025-04-08,8.0,0.0,7.0,2.0,1.1428571428571428,1.0714285714285714,3.0237434142800743,-100.0,-8.790866700349465,-81.25,1.411080259997368,-1
2025-04-09,0.0,8.0,0.0,0.0,1.1428571428571428,1.0714285714285714,3.0237434142800743,-100.0,-8.790866700349465,-81.25,1.411080259997368,-1
2025-04-10,0.0,0.0,0.0,0.0,1.1428571428571428,1.0714285714285714,3.0237434142800743,-100.0,-8.790866700349465,-81.25,1.411080259997368,-1
2025-04-11,0.0,0.0,0.0,0.0,1.1428571428571428,1.0714285714285714,3.0237434142800743,-100.0,-8.790866700349465,-81.25,1.411080259997368,-1
2025-04-12,0.0,0.0,0.0,0.0,1.1428571428571428,1.0714285714285714,3.0237434142800743,-100.0,-8.790866700349465,-81.25,1.411080259997368,-1
2025-04-13,0.0,0.0,0.0,0.0,1.1428571428571428,1.0714285714285714,3.0237434142800743,-100.0,-8.790866700349465,-81.25,1.411080259997368,-1
2025-04-14,0.0,0.0,0.0,0.0,1.1428571428571428,1.0714285714285714,3.0237434142800743,-100.0,-8.790866700349465,-81.25,1.411080259997368,-1
2025-04-15,11.0,0.0,8.0,7.0,1.5714285714285714,1.3571428571428572,4.157629297810921,-100.0,-8.790866700349465,-81.25,1.6168558380375804,-1
2025-04-16,0.0,11.0,0.0,0.0,1.5714285714285714,1.3571428571428572,4.157629297810921,-100.0,-8.790866700349465,-81.25,1.6168558380375804,-1
2025-04-17,0.0,0.0,0.0,0.0,1.5714285714285714,1.3571428571428572,4.157629297810921,-100.0,-8.790866700349465,-81.25,1.6168558380375804,-1
2025-04-18,0.0,0.0,0.0,0.0,1.5714285714285714,1.3571428571428572,4.157629297810921,-100.0,-8.790866700349465,-81.25,1.6168558380375804,-1
2025-04-19,0.0,0.0,0.0,0.0,1.5714285714285714,1.3571428571428572,4.157629297810921,-100.0,-8.790866700349465,-81.25,1.6168558380375804,-1
2025-04-20,0.0,0.0,0.0,0.0,1.5714285714285714,1.3571428571428572,4.157629297810921,-100.0,-8.790866700349465,-81.25,1.6168558380375804,-1
2025-04-21,0.0,0.0,0.0,0.0,1.5714285714285714,1.3571428571428572,4.157629297810921,-100.0,-8.790866700349465,-81.25,1.6168558380375804,-1
2025-04-22,6.0,0.0,11.0,8.0,0.8571428571428571,1.2142857142857142,2.267823678235254,-100.0,-8.790866700349465,-81.25,1.2211358267420598,-1
2025-04-23,0.0,6.0,0.0,0.0,0.8571428571428571,1.2142857142857142,2.267823678235254,-100.0,-8.790866700349465,-81.25,1.2211358267420598,-1
2025-04-24,0.0,0.0,0.0,0.0,0.8571428571428571,1.2142857142857142,2.267823678235254,-100.0,-8.790866700349465,-81.25,1.2211358267420598,-1
2025-04-25,0.0,0.0,0.0,0.0,0.8571428571428571,1.2142857142857142,2.267823678235254,-100.0,-8.790866700349465,-81.25,1.2211358267420598,-1
2025-04-26,0.0,0.0,0.0,0.0,0.8571428571428571,1.2142857142857142,2.267823678235254,-100.0,-8.790866700349465,-81.25,1.2211358267420598,-1
2025-04-27,0.0,0.0,0.0,0.0,0.8571428571428571,1.2142857142857142,2.267823678235254,-100.0,-8.790866700349465,-81.25,1.2211358267420598,-1
2025-04-28,0.0,0.0,0.0,0.0,0.8571428571428571,1.2142857142857142,2.267823678235254,-100.0,-8.790866700349465,-81.25,1.2211358267420598,-1
2025-04-29,83.0,0.0,6.0,11.0,11.857142857142858,6.357142857142857,31.371053922833287,-100.0,-8.790866700349465,-81.25,2.439970860664811,-1
2025-04-30,0.0,83.0,0.0,0.0,11.857142857142858,6.357142857142857,31.371053922833287,-100.0,-8.790866700349465,-81.25,2.439970860664811,-1
2025-05-01,0.0,0.0,0.0,0.0,11.857142857142858,6.357142857142857,31.371053922833287,-100.0,-8.790866700349465,-81.25,2.439970860664811,-1
2025-05-02,0.0,0.0,0.0,0.0,11.857142857142858,6.357142857142857,31.371053922833287,-100.0,-8.790866700349465,-81.25,2.439970860664811,-1
2025-05-03,0.0,0.0,0.0,0.0,11.857142857142858,6.357142857142857,31.371053922833287,-100.0,-8.790866700349465,-81.25,2.439970860664811,-1
2025-05-04,0.0,0.0,0.0,0.0,11.857142857142858,6.357142857142857,31.371053922833287,-100.0,-8.790866700349465,-81.25,2.439970860664811,-1
2025-05-05,0.0,0.0,0.0,0.0,11.857142857142858,6.357142857142857,31.371053922833287,-100.0,-8.790866700349465,-81.25,2.439970860664811,-1
2025-05-06,35.0,0.0,83.0,6.0,5.0,8.428571428571429,13.228762870743179,-100.0,-8.790866700349465,-81.25,2.20479381179053,-1
2025-05-07,0.0,35.0,0.0,0.0,5.0,8.428571428571429,13.228762870743179,-100.0,-8.790866700349465,-81.25,2.20479381179053,-1
2025-05-08,0.0,0.0,0.0,0.0,5.0,8.428571428571429,13.228762870743179,-100.0,-8.790866700349465,-81.25,2.20479381179053,-1
2025-05-09,0.0,0.0,0.0,0.0,5.0,8.428571428571429,13.228762870743179,-100.0,-8.790866700349465,-81.25,2.20479381179053,-1
2025-05-10,0.0,0.0,0.0,0.0,5.0,8.428571428571429,13.228762870743179,-100.0,-8.790866700349465,-81.25,2.20479381179053,-1
2025-05-11,0.0,0.0,0.0,0.0,5.0,8.428571428571429,13.228762870743179,-100.0,-8.790866700349465,-81.25,2.20479381179053,-1
2025-05-12,0.0,0.0,0.0,0.0,5.0,8.428571428571429,13.228762870743179,-100.0,-8.790866700349465,-81.25,2.20479381179053,-1
2025-05-13,100.0,0.0,35.0,83.0,14.285714285714286,9.642857142857142,37.79644951125046,-100.0,-8.790866700349465,-81.25,2.472664921296759,-1
2025-05-14,0.0,100.0,0.0,0.0,14.285714285714286,9.642857142857142,37.79644951125046,-100.0,-8.790866700349465,-81.25,2.472664921296759,-1
2025-05-15,0.0,0.0,0.0,0.0,14.285714285714286,9.642857142857142,37.79644951125046,-100.0,-8.790866700349465,-81.25,2.472664921296759,-1
2025-05-16,0.0,0.0,0.0,0.0,14.285714285714286,9.642857142857142,37.79644951125046,-100.0,-8.790866700349465,-81.25,2.472664921296759,-1
2025-05-17,0.0,0.0,0.0,0.0,14.285714285714286,9.642857142857142,37.79644951125046,-100.0,-8.790866700349465,-81.25,2.472664921296759,-1
2025-05-18,0.0,0.0,0.0,0.0,14.285714285714286,9.642857142857142,37.79644951125046,-100.0,-8.790866700349465,-81.25,2.472664921296759,-1
2025-05-19,0.0,0.0,0.0,0.0,14.285714285714286,9.642857142857142,37.79644951125046,-100.0,-8.790866700349465,-81.25,2.472664921296759,-1
2025-05-20,277.0,0.0,100.0,35.0,39.57142857142857,26.928571428571427,104.6961598214396,-100.0,-8.790866700349465,-81.25,2.5805391505284407,-1
2025-05-21,0.0,277.0,0.0,0.0,39.57142857142857,26.928571428571427,104.6961598214396,-100.0,-8.790866700349465,-81.25,2.5805391505284407,-1
2025-05-22,0.0,0.0,0.0,0.0,39.57142857142857,26.928571428571427,104.6961598214396,-100.0,-8.790866700349465,-81.25,2.5805391505284407,-1
2025-05-23,0.0,0.0,0.0,0.0,39.57142857142857,26.928571428571427,104.6961598214396,-100.0,-8.790866700349465,-81.25,2.5805391505284407,-1
2025-05-24,0.0,0.0,0.0,0.0,39.57142857142857,26.928571428571427,104.6961598214396,-100.0,-8.790866700349465,-81.25,2.5805391505284407,-1
2025-05-25,0.0,0.0,0.0,0.0,39.57142857142857,26.928571428571427,104.6961598214396,-100.0,-8.790866700349465,-81.25,2.5805391505284407,-1
2025-05-26,0.0,0.0,0.0,0.0,39.57142857142857,26.928571428571427,104.6961598214396,-100.0,-8.790866700349465,-81.25,2.5805391505284407,-1
2025-05-27,5025.0,0.0,277.0,100.0,717.8571428571429,378.7142857142857,1899.271476915248,-100.0,-8.790866700349465,-81.25,2.642070814468747,-1
2025-05-28,0.0,5025.0,0.0,0.0,717.8571428571429,378.7142857142857,1899.271476915248,-100.0,-8.790866700349465,-81.25,2.642070814468747,-1
2025-05-29,0.0,0.0,0.0,0.0,717.8571428571429,378.7142857142857,1899.271476915248,-100.0,-8.790866700349465,-81.25,2.642070814468747,-1
2025-05-30,0.0,0.0,0.0,0.0,717.8571428571429,378.7142857142857,1899.271476915248,-100.0,-8.790866700349465,-81.25,2.642070814468747,-1
2025-05-31,0.0,0.0,0.0,0.0,717.8571428571429,378.7142857142857,1899.271476915248,-100.0,-8.790866700349465,-81.25,2.642070814468747,-1
2025-06-01,0.0,0.0,0.0,0.0,717.8571428571429,378.7142857142857,1899.271476915248,-100.0,-8.790866700349465,-81.25,2.642070814468747,-1
2025-06-02,0.0,0.0,0.0,0.0,717.8571428571429,378.7142857142857,1899.271476915248,-100.0,-8.790866700349465,-81.25,2.642070814468747,-1
2025-06-03,2892.0,0.0,5025.0,277.0,413.14285714285717,565.5,1093.0732560190104,-100.0,-8.790866700349465,-81.25,2.639362812050042,-1
2025-06-04,0.0,2892.0,0.0,0.0,413.14285714285717,565.5,1093.0732560190104,-100.0,-8.790866700349465,-81.25,2.639362812050042,-1
2025-06-05,0.0,0.0,0.0,0.0,413.14285714285717,565.5,1093.0732560190104,-100.0,-8.790866700349465,-81.25,2.639362812050042,-1
2025-06-06,0.0,0.0,0.0,0.0,413.14285714285717,565.5,1093.0732560190104,-100.0,-8.790866700349465,-81.25,2.639362812050042,-1
2025-06-07,0.0,0.0,0.0,0.0,413.14285714285717,565.5,1093.0732560190104,-100.0,-8.790866700349465,-81.25,2.639362812050042,-1
2025-06-08,0.0,0.0,0.0,0.0,413.14285714285717,565.5,1093.0732560190104,-100.0,-8.790866700349465,-81.25,2.639362812050042,-1
2025-06-09,0.0,0.0,0.0,0.0,413.14285714285717,565.5,1093.0732560190104,-100.0,-8.790866700349465,-81.25,2.639362812050042,-1
2025-06-10,1605.0,0.0,2892.0,5025.0,229.28571428571428,321.2142857142857,606.6329793174239,-100.0,-8.790866700349465,-81.25,2.6342623171352155,-1
2025-06-11,0.0,1605.0,0.0,0.0,229.28571428571428,321.2142857142857,606.6329793174239,-100.0,-8.790866700349465,-81.25,2.6342623171352155,-1
2025-06-12,0.0,0.0,0.0,0.0,229.28571428571428,321.2142857142857,606.6329793174239,-100.0,-8.790866700349465,-81.25,2.6342623171352155,-1
2025-06-13,0.0,0.0,0.0,0.0,229.28571428571428,321.2142857142857,606.6329793174239,-100.0,-8.790866700349465,-81.25,2.6342623171352155,-1
2025-06-14,0.0,0.0,0.0,0.0,229.28571428571428,321.2142857142857,606.6329793174239,-100.0,-8.790866700349465,-81.25,2.6342623171352155,-1
2025-06-15,0.0,0.0,0.0,0.0,229.28571428571428,321.2142857142857,606.6329793174239,-100.0,-8.790866700349465,-81.25,2.6342623171352155,-1
2025-06-16,0.0,0.0,0.0,0.0,229.28571428571428,321.2142857142857,606.6329793174239,-100.0,-8.790866700349465,-81.25,2.6342623171352155,-1
2025-06-17,618.0,0.0,1605.0,2892.0,88.28571428571429,158.78571428571428,233.58204467727003,-100.0,-8.790866700349465,-81.25,2.616118900385424,-1
2025-06-18,0.0,618.0,0.0,0.0,88.28571428571429,158.78571428571428,233.58204467727003,-100.0,-8.790866700349465,-81.25,2.616118900385424,-1
2025-06-19,0.0,0.0,0.0,0.0,88.28571428571429,158.78571428571428,233.58204467727003,-100.0,-8.790866700349465,-81.25,2.616118900385424,-1
2025-06-20,0.0,0.0,0.0,0.0,88.28571428571429,158.78571428571428,233.58204467727003,-100.0,-8.790866700349465,-81.25,2.616118900385424,-1
2025-06-21,0.0,0.0,0.0,0.0,88.28571428571429,158.78571428571428,233.58204467727003,-100.0,-8.790866700349465,-81.25,2.616118900385424,-1
2025-06-22,0.0,0.0,0.0,0.0,88.28571428571429,158.78571428571428,233.58204467727003,-100.0,-8.790866700349465,-81.25,2.616118900385424,-1
2025-06-23,0.0,0.0,0.0,0.0,88.28571428571429,158.78571428571428,233.58204467727003,-100.0,-8.790866700349465,-81.25,2.616118900385424,-1
2025-06-24,78.0,0.0,618.0,1605.0,11.142857142857142,49.714285714285715,29.48123172849895,-100.0,-8.790866700349465,-81.25,2.4278661423469727,-1
2025-06-25,0.0,78.0,0.0,0.0,11.142857142857142,49.714285714285715,29.48123172849895,-100.0,-8.790866700349465,-81.25,2.4278661423469727,-1
2025-06-26,0.0,0.0,0.0,0.0,11.142857142857142,49.714285714285715,29.48123172849895,-100.0,-8.790866700349465,-81.25,2.4278661423469727,-1
2025-06-27,0.0,0.0,0.0,0.0,11.142857142857142,49.714285714285715,29.48123172849895,-100.0,-8.790866700349465,-81.25,2.4278661423469727,-1
2025-06-28,0.0,0.0,0.0,0.0,11.142857142857142,49.714285714285715,29.48123172849895,-100.0,-8.790866700349465,-81.25,2.4278661423469727,-1
2025-06-29,0.0,0.0,0.0,0.0,11.142857142857142,49.714285714285715,29.48123172849895,-100.0,-8.790866700349465,-81.25,2.4278661423469727,-1
2025-06-30,0.0,0.0,0.0,0.0,11.142857142857142,49.714285714285715,29.48123172849895,-100.0,-8.790866700349465,-81.25,2.4278661423469727,-1
2025-07-01,111.0,0.0,78.0,618.0,15.857142857142858,13.5,41.954058495296664,-100.0,-8.790866700349465,-81.25,2.488800080229463,-1
2025-07-02,0.0,111.0,0.0,0.0,15.857142857142858,13.5,41.954058495296664,-100.0,-8.790866700349465,-81.25,2.488800080229463,-1
2025-07-03,0.0,0.0,0.0,0.0,15.857142857142858,13.5,41.954058495296664,-100.0,-8.790866700349465,-81.25,2.488800080229463,-1
2025-07-04,0.0,0.0,0.0,0.0,15.857142857142858,13.5,41.954058495296664,-100.0,-8.790866700349465,-81.25,2.488800080229463,-1
2025-07-05,0.0,0.0,0.0,0.0,15.857142857142858,13.5,41.954058495296664,-100.0,-8.790866700349465,-81.25,2.488800080229463,-1
2025-07-06,0.0,0.0,0.0,0.0,15.857142857142858,13.5,41.954058495296664,-100.0,-8.790866700349465,-81.25,2.488800080229463,-1
2025-07-07,0.0,0.0,0.0,0.0,15.857142857142858,13.5,41.954058495296664,-100.0,-8.790866700349465,-81.25,2.488800080229463,-1
2025-07-08,105.0,0.0,111.0,78.0,15.0,15.428571428571429,39.68627177103443,-100.0,-8.790866700349465,-81.25,2.4803919856896517,-1
2025-07-09,0.0,105.0,0.0,0.0,15.0,15.428571428571429,39.68627177103443,-100.0,-8.790866700349465,-81.25,2.4803919856896517,-1
2025-07-10,0.0,0.0,0.0,0.0,15.0,15.428571428571429,39.68627177103443,-100.0,-8.790866700349465,-81.25,2.4803919856896517,-1
2025-07-11,0.0,0.0,0.0,0.0,15.0,15.428571428571429,39.68627177103443,-100.0,-8.790866700349465,-81.25,2.4803919856896517,-1
2025-07-12,0.0,0.0,0.0,0.0,15.0,15.428571428571429,39.68627177103443,-100.0,-8.790866700349465,-81.25,2.4803919856896517,-1
2025-07-13,0.0,0.0,0.0,0.0,15.0,15.428571428571429,39.68627177103443,-100.0,-8.790866700349465,-81.25,2.4803919856896517,-1
2025-07-14,0.0,0.0,0.0,0.0,15.0,15.428571428571429,39.68627177103443,-100.0,-8.790866700349465,-81.25,2.4803919856896517,-1
2025-07-15,116.0,0.0,105.0,111.0,16.571428571428573,15.785714285714286,43.84388077450746,-100.0,-8.790866700349465,-81.25,2.495180206679286,-1
2025-07-16,0.0,116.0,0.0,0.0,16.571428571428573,15.785714285714286,43.84388077450746,-100.0,-8.790866700349465,-81.25,2.495180206679286,-1
2025-07-17,0.0,0.0,0.0,0.0,16.571428571428573,15.785714285714286,43.84388077450746,-100.0,-8.790866700349465,-81.25,2.495180206679286,-1
2025-07-18,0.0,0.0,0.0,0.0,16.571428571428573,15.785714285714286,43.84388077450746,-100.0,-8.790866700349465,-81.25,2.495180206679286,-1
2025-07-19,0.0,0.0,0.0,0.0,16.571428571428573,15.785714285714286,43.84388077450746,-100.0,-8.790866700349465,-81.25,2.495180206679286,-1
2025-07-20,0.0,0.0,0.0,0.0,16.571428571428573,15.785714285714286,43.84388077450746,-100.0,-8.790866700349465,-81.25,2.495180206679286,-1
2025-07-21,0.0,0.0,0.0,0.0,16.571428571428573,15.785714285714286,43.84388077450746,-100.0,-8.790866700349465,-81.25,2.495180206679286,-1
2025-07-22,110.0,0.0,116.0,105.0,15.714285714285714,16.142857142857142,41.576094040390885,-100.0,-8.790866700349465,-81.25,2.4874586178011637,-1
2025-07-23,0.0,110.0,0.0,0.0,15.714285714285714,16.142857142857142,41.576094040390885,-100.0,-8.790866700349465,-81.25,2.4874586178011637,-1
2025-07-24,0.0,0.0,0.0,0.0,15.714285714285714,16.142857142857142,41.576094040390885,-100.0,-8.790866700349465,-81.25,2.4874586178011637,-1
2025-07-25,0.0,0.0,0.0,0.0,15.714285714285714,16.142857142857142,41.576094040390885,-100.0,-8.790866700349465,-81.25,2.4874586178011637,-1
2025-07-26,0.0,0.0,0.0,0.0,15.714285714285714,16.142857142857142,41.576094040390885,-100.0,-8.790866700349465,-81.25,2.4874586178011637,-1
2025-07-27,0.0,0.0,0.0,0.0,15.714285714285714,16.142857142857142,41.576094040390885,-100.0,-8.790866700349465,-81.25,2.4874586178011637,-1
2025-07-28,0.0,0.0,0.0,0.0,15.714285714285714,16.142857142857142,41.576094040390885,-100.0,-8.790866700349465,-81.25,2.4874586178011637,-1
2025-07-29,89.0,0.0,110.0,116.0,12.714285714285714,14.214285714285714,33.63884058134483,-100.0,-8.790866700349465,-81.25,2.4528321257230608,-1
2025-07-30,0.0,89.0,0.0,0.0,12.714285714285714,14.214285714285714,33.63884058134483,-100.0,-8.790866700349465,-81.25,2.4528321257230608,-1
2025-07-31,0.0,0.0,0.0,0.0,12.714285714285714,14.214285714285714,33.63884058134483,-100.0,-8.790866700349465,-81.25,2.4528321257230608,-1
2025-08-01,0.0,0.0,0.0,0.0,12.714285714285714,14.214285714285714,33.63884058134483,-100.0,-8.790866700349465,-81.25,2.4528321257230608,-1
2025-08-02,0.0,0.0,0.0,0.0,12.714285714285714,14.214285714285714,33.63884058134483,-100.0,-8.790866700349465,-81.25,2.4528321257230608,-1
2025-08-03,0.0,0.0,0.0,0.0,12.714285714285714,14.214285714285714,33.63884058134483,-100.0,-8.790866700349465,-81.25,2.4528321257230608,-1
2025-08-04,0.0,0.0,0.0,0.0,12.714285714285714,14.214285714285714,33.63884058134483,-100.0,-8.790866700349465,-81.25,2.4528321257230608,-1
2025-08-05,42.0,0.0,89.0,110.0,6.0,9.357142857142858,15.874513129211842,-100.0,-8.790866700349465,-81.25,2.267787589887406,-1
2025-08-06,0.0,42.0,0.0,0.0,6.0,9.357142857142858,15.874513129211842,-100.0,-8.790866700349465,-81.25,2.267787589887406,-1
2025-08-07,0.0,0.0,0.0,0.0,6.0,9.357142857142858,15.874513129211842,-100.0,-8.790866700349465,-81.25,2.267787589887406,-1
2025-08-08,0.0,0.0,0.0,0.0,6.0,9.357142857142858,15.874513129211842,-100.0,-8.790866700349465,-81.25,2.267787589887406,-1
2025-08-09,0.0,0.0,0.0,0.0,6.0,9.357142857142858,15.874513129211842,-100.0,-8.790866700349465,-81.25,2.267787589887406,-1
2025-08-10,0.0,0.0,0.0,0.0,6.0,9.357142857142858,15.874513129211842,-100.0,-8.790866700349465,-81.25,2.267787589887406,-1
2025-08-11,0.0,0.0,0.0,0.0,6.0,9.357142857142858,15.874513129211842,-100.0,-8.790866700349465,-81.25,2.267787589887406,-1
2025-08-12,37.0,0.0,42.0,89.0,5.285714285714286,5.642857142857143,13.984691475372406,-100.0,-8.790866700349465,-81.25,2.2248372801728826,-1
2025-08-13,0.0,37.0,0.0,0.0,5.285714285714286,5.642857142857143,13.984691475372406,-100.0,-8.790866700349465,-81.25,2.2248372801728826,-1
2025-08-14,0.0,0.0,0.0,0.0,5.285714285714286,5.642857142857143,13.984691475372406,-100.0,-8.790866700349465,-81.25,2.2248372801728826,-1
2025-08-15,0.0,0.0,0.0,0.0,5.285714285714286,5.642857142857143,13.984691475372406,-100.0,-8.790866700349465,-81.25,2.2248372801728826,-1
2025-08-16,0.0,0.0,0.0,0.0,5.285714285714286,5.642857142857143,13.984691475372406,-100.0,-8.790866700349465,-81.25,2.2248372801728826,-1
2025-08-17,0.0,0.0,0.0,0.0,5.285714285714286,5.642857142857143,13.984691475372406,-100.0,-8.790866700349465,-81.25,2.2248372801728826,-1
2025-08-18,0.0,0.0,0.0,0.0,5.285714285714286,5.642857142857143,13.984691475372406,-100.0,-8.790866700349465,-81.25,2.2248372801728826,-1
2025-08-19,48.0,0.0,37.0,42.0,6.857142857142857,6.071428571428571,18.142299309400922,-100.0,-8.790866700349465,-81.25,2.309019912105572,-1
2025-08-20,0.0,48.0,0.0,0.0,6.857142857142857,6.071428571428571,18.142299309400922,-100.0,-8.790866700349465,-81.25,2.309019912105572,-1
2025-08-21,0.0,0.0,0.0,0.0,6.857142857142857,6.071428571428571,18.142299309400922,-100.0,-8.790866700349465,-81.25,2.309019912105572,-1
2025-08-22,0.0,0.0,0.0,0.0,6.857142857142857,6.071428571428571,18.142299309400922,-100.0,-8.790866700349465,-81.25,2.309019912105572,-1
2025-08-23,0.0,0.0,0.0,0.0,6.857142857142857,6.071428571428571,18.142299309400922,-100.0,-8.790866700349465,-81.25,2.309019912105572,-1
2025-08-24,0.0,0.0,0.0,0.0,6.857142857142857,6.071428571428571,18.142299309400922,-100.0,-8.790866700349465,-81.25,2.309019912105572,-1
2025-08-25,0.0,0.0,0.0,0.0,6.857142857142857,6.071428571428571,18.142299309400922,-100.0,-8.790866700349465,-81.25,2.309019912105572,-1
2025-08-26,34.0,0.0,48.0,37.0,4.857142857142857,5.857142857142857,12.85079858347433,-100.0,-8.790866700349465,-81.25,2.1940387825443977,-1
2025-08-27,0.0,34.0,0.0,0.0,4.857142857142857,5.857142857142857,12.85079858347433,-100.0,-8.790866700349465,-81.25,2.1940387825443977,-1
2025-08-28,0.0,0.0,0.0,0.0,4.857142857142857,5.857142857142857,12.85079858347433,-100.0,-8.790866700349465,-81.25,2.1940387825443977,-1
2025-08-29,0.0,0.0,0.0,0.0,4.857142857142857,5.857142857142857,12.85079858347433,-100.0,-8.790866700349465,-81.25,2.1940387825443977,-1
2025-08-30,0.0,0.0,0.0,0.0,4.857142857142857,5.857142857142857,12.85079858347433,-100.0,-8.790866700349465,-81.25,2.1940387825443977,-1
2025-08-31,0.0,0.0,0.0,0.0,4.857142857142857,5.857142857142857,12.85079858347433,-100.0,-8.790866700349465,-81.25,2.1940387825443977,-1
2025-09-01,0.0,0.0,0.0,0.0,4.857142857142857,5.857142857142857,12.85079858347433,-100.0,-8.790866700349465,-81.25,2.1940387825443977,-1
2025-09-02,16.0,0.0,34.0,48.0,2.2857142857142856,3.5714285714285716,6.047445383222469,-100.0,-8.790866700349465,-81.25,1.84052685576336,-1
2025-09-03,0.0,16.0,0.0,0.0,2.2857142857142856,3.5714285714285716,6.047445383222469,-100.0,-8.790866700349465,-81.25,1.84052685576336,-1
2025-09-04,0.0,0.0,0.0,0.0,2.2857142857142856,3.5714285714285716,6.047445383222469,-100.0,-8.790866700349465,-81.25,1.84052685576336,-1
2025-09-05,0.0,0.0,0.0,0.0,2.2857142857142856,3.5714285714285716,6.047445383222469,-100.0,-8.790866700349465,-81.25,1.84052685576336,-1
2025-09-06,0.0,0.0,0.0,0.0,2.2857142857142856,3.5714285714285716,6.047445383222469,-100.0,-8.790866700349465,-81.25,1.84052685576336,-1
2025-09-07,0.0,0.0,0.0,0.0,2.2857142857142856,3.5714285714285716,6.047445383222469,-100.0,-8.790866700349465,-81.25,1.84052685576336,-1
2025-09-08,0.0,0.0,0.0,0.0,2.2857142857142856,3.5714285714285716,6.047445383222469,-100.0,-8.790866700349465,-81.25,1.84052685576336,-1
2025-09-09,18.0,0.0,16.0,34.0,2.5714285714285716,2.4285714285714284,6.803372794223618,-100.0,-8.790866700349465,-81.25,1.9049443823826129,-1
2025-09-10,0.0,18.0,0.0,0.0,2.5714285714285716,2.4285714285714284,6.803372794223618,-100.0,-8.790866700349465,-81.25,1.9049443823826129,-1
2025-09-11,0.0,0.0,0.0,0.0,2.5714285714285716,2.4285714285714284,6.803372794223618,-100.0,-8.790866700349465,-81.25,1.9049443823826129,-1
2025-09-12,0.0,0.0,0.0,0.0,2.5714285714285716,2.4285714285714284,6.803372794223618,-100.0,-8.790866700349465,-81.25,1.9049443823826129,-1
2025-09-13,0.0,0.0,0.0,0.0,2.5714285714285716,2.4285714285714284,6.803372794223618,-100.0,-8.790866700349465,-81.25,1.9049443823826129,-1
2025-09-14,0.0,0.0,0.0,0.0,2.5714285714285716,2.4285714285714284,6.803372794223618,-100.0,-8.790866700349465,-81.25,1.9049443823826129,-1
2025-09-15,0.0,0.0,0.0,0.0,2.5714285714285716,2.4285714285714284,6.803372794223618,-100.0,-8.790866700349465,-81.25,1.9049443823826129,-1
2025-09-16,10.0,0.0,18.0,16.0,1.4285714285714286,2.0,3.7796668342370636,-100.0,-8.790866700349465,-81.25,1.5563334023329083,-1
2025-09-17,0.0,10.0,0.0,0.0,1.4285714285714286,2.0,3.7796668342370636,-100.0,-8.790866700349465,-81.25,1.5563334023329083,-1
2025-09-18,0.0,0.0,0.0,0.0,1.4285714285714286,2.0,3.7796668342370636,-100.0,-8.790866700349465,-81.25,1.5563334023329083,-1
2025-09-19,0.0,0.0,0.0,0.0,1.4285714285714286,2.0,3.7796668342370636,-100.0,-8.790866700349465,-81.25,1.5563334023329083,-1
2025-09-20,0.0,0.0,0.0,0.0,1.4285714285714286,2.0,3.7796668342370636,-100.0,-8.790866700349465,-81.25,1.5563334023329083,-1
2025-09-21,0.0,0.0,0.0,0.0,1.4285714285714286,2.0,3.7796668342370636,-100.0,-8.790866700349465,-81.25,1.5563334023329083,-1
2025-09-22,0.0,0.0,0.0,0.0,1.4285714285714286,2.0,3.7796668342370636,-100.0,-8.790866700349465,-81.25,1.5563334023329083,-1
2025-09-23,0.0,0.0,10.0,18.0,0.0,0.7142857142857143,0.012926443025201398,-100.0,-8.790866700349465,-81.25,0.012926443025201398,-1
2025-09-24,0.0,0.0,0.0,0.0,0.0,0.7142857142857143,0.012926443025201398,-100.0,-8.790866700349465,-81.25,0.012926443025201398,-1
2025-09-25,0.0,0.0,0.0,0.0,0.0,0.7142857142857143,0.012926443025201398,-100.0,-8.790866700349465,-81.25,0.012926443025201398,-1
2025-09-26,0.0,0.0,0.0,0.0,0.0,0.7142857142857143,0.012926443025201398,-100.0,-8.790866700349465,-81.25,0.012926443025201398,-1
2025-09-27,0.0,0.0,0.0,0.0,0.0,0.7142857142857143,0.012926443025201398,-100.0,-8.790866700349465,-81.25,0.012926443025201398,-1
2025-09-28,0.0,0.0,0.0,0.0,0.0,0.7142857142857143,0.012926443025201398,-100.0,-8.790866700349465,-81.25,0.012926443025201398,-1
2025-09-29,0.0,0.0,0.0,0.0,0.0,0.7142857142857143,0.012926443025201398,-100.0,-8.790866700349465,-81.25,0.012926443025201398,-1
2025-09-30,9.0,0.0,0.0,10.0,1.2857142857142858,0.6428571428571429,3.401704817239013,-100.0,-8.790866700349465,-81.25,1.4882458575420683,-1
2025-10-01,0.0,9.0,0.0,0.0,1.2857142857142858,0.6428571428571429,3.401704817239013,-100.0,-8.790866700349465,-81.25,1.4882458575420683,-1
2025-10-02,0.0,0.0,0.0,0.0,1.2857142857142858,0.6428571428571429,3.401704817239013,-100.0,-8.790866700349465,-81.25,1.4882458575420683,-1
2025-10-03,0.0,0.0,0.0,0.0,1.2857142857142858,0.6428571428571429,3.401704817239013,-100.0,-8.790866700349465,-81.25,1.4882458575420683,-1
2025-10-04,0.0,0.0,0.0,0.0,1.2857142857142858,0.6428571428571429,3.401704817239013,-100.0,-8.790866700349465,-81.25,1.4882458575420683,-1
2025-10-05,0.0,0.0,0.0,0.0,1.2857142857142858,0.6428571428571429,3.401704817239013,-100.0,-8.790866700349465,-81.25,1.4882458575420683,-1
2025-10-06,0.0,0.0,0.0,0.0,1.2857142857142858,0.6428571428571429,3.401704817239013,-100.0,-8.790866700349465,-81.25,1.4882458575420683,-1
2025-10-07,5.0,0.0,9.0,0.0,0.7142857142857143,1.0,1.8898665730553268,-100.0,-8.790866700349465,-81.25,1.1024221676156072,-1
2025-10-08,0.0,5.0,0.0,0.0,0.7142857142857143,1.0,1.8898665730553268,-100.0,-8.790866700349465,-81.25,1.1024221676156072,-1
2025-10-09,0.0,0.0,0.0,0.0,0.7142857142857143,1.0,1.8898665730553268,-100.0,-8.790866700349465,-81.25,1.1024221676156072,-1
2025-10-10,0.0,0.0,0.0,0.0,0.7142857142857143,1.0,1.8898665730553268,-100.0,-8.790866700349465,-81.25,1.1024221676156072,-1
2025-10-11,0.0,0.0,0.0,0.0,0.7142857142857143,1.0,1.8898665730553268,-100.0,-8.790866700349465,-81.25,1.1024221676156072,-1
2025-10-12,0.0,0.0,0.0,0.0,0.7142857142857143,1.0,1.8898665730553268,-100.0,-8.790866700349465,-81.25,1.1024221676156072,-1
2025-10-13,0.0,0.0,0.0,0.0,0.7142857142857143,1.0,1.8898665730553268,-100.0,-8.790866700349465,-81.25,1.1024221676156072,-1
2025-10-14,5.0,0.0,5.0,9.0,0.7142857142857143,0.7142857142857143,1.8898665730553268,-100.0,-8.790866700349465,-81.25,1.1024221676156072,-1
2025-10-15,0.0,5.0,0.0,0.0,0.7142857142857143,0.7142857142857143,1.8898665730553268,-100.0,-8.790866700349465,-81.25,1.1024221676156072,-1
2025-10-16,0.0,0.0,0.0,0.0,0.7142857142857143,0.7142857142857143,1.8898665730553268,-100.0,-8.790866700349465,-81.25,1.1024221676156072,-1
2025-10-17,0.0,0.0,0.0,0.0,0.7142857142857143,0.7142857142857143,1.8898665730553268,-100.0,-8.790866700349465,-81.25,1.1024221676156072,-1
2025-10-18,0.0,0.0,0.0,0.0,0.7142857142857143,0.7142857142857143,1.8898665730553268,-100.0,-8.790866700349465,-81.25,1.1024221676156072,-1
2025-10-19,0.0,0.0,0.0,0.0,0.7142857142857143,0.7142857142857143,1.8898665730553268,-100.0,-8.790866700349465,-81.25,1.1024221676156072,-1
2025-10-20,0.0,0.0,0.0,0.0,0.7142857142857143,0.7142857142857143,1.8898665730553268,-100.0,-8.790866700349465,-81.25,1.1024221676156072,-1
2025-10-21,53.0,0.0,5.0,5.0,7.571428571428571,4.142857142857143,20.032121240007015,-100.0,-8.790866700349465,-81.25,2.3370808113341517,-1
2025-10-22,0.0,53.0,0.0,0.0,7.571428571428571,4.142857142857143,20.032121240007015,-100.0,-8.790866700349465,-81.25,2.3370808113341517,-1
2025-10-23,0.0,0.0,0.0,0.0,7.571428571428571,4.142857142857143,20.032121240007015,-100.0,-8.790866700349465,-81.25,2.3370808113341517,-1
2025-10-24,0.0,0.0,0.0,0.0,7.571428571428571,4.142857142857143,20.032121240007015,-100.0,-8.790866700349465,-81.25,2.3370808113341517,-1
2025-10-25,0.0,0.0,0.0,0.0,7.571428571428571,4.142857142857143,20.032121240007015,-100.0,-8.790866700349465,-81.25,2.3370808113341517,-1
2025-10-26,0.0,0.0,0.0,0.0,7.571428571428571,4.142857142857143,20.032121240007015,-100.0,-8.790866700349465,-81.25,2.3370808113341517,-1
2025-10-27,0.0,0.0,0.0,0.0,7.571428571428571,4.142857142857143,20.032121240007015,-100.0,-8.790866700349465,-81.25,2.3370808113341517,-1
2025-10-28,3.0,0.0,53.0,5.0,0.42857142857142855,4.0,1.1339670975826353,-100.0,-8.790866700349465,-81.25,0.7937769683078446,-1
2025-10-29,0.0,3.0,0.0,0.0,0.42857142857142855,4.0,1.1339670975826353,-100.0,-8.790866700349465,-81.25,0.7937769683078446,-1
2025-10-30,0.0,0.0,0.0,0.0,0.42857142857142855,4.0,1.1339670975826353,-100.0,-8.790866700349465,-81.25,0.7937769683078446,-1
2025-10-31,0.0,0.0,0.0,0.0,0.42857142857142855,4.0,1.1339670975826353,-100.0,-8.790866700349465,-81.25,0.7937769683078446,-1
2025-11-01,0.0,0.0,0.0,0.0,0.42857142857142855,4.0,1.1339670975826353,-100.0,-8.790866700349465,-81.25,0.7937769683078446,-1
2025-11-02,0.0,0.0,0.0,0.0,0.42857142857142855,4.0,1.1339670975826353,-100.0,-8.790866700349465,-81.25,0.7937769683078446,-1
2025-11-03,0.0,0.0,0.0,0.0,0.42857142857142855,4.0,1.1339670975826353,-100.0,-8.790866700349465,-81.25,0.7937769683078446,-1
2025-11-04,0.0,0.0,3.0,53.0,0.0,0.21428571428571427,0.012926443025195673,-100.0,-8.790866700349465,-81.25,0.012926443025195673,-1
2025-11-05,0.0,0.0,0.0,0.0,0.0,0.21428571428571427,0.012926443025195673,-100.0,-8.790866700349465,-81.25,0.012926443025195673,-1
2025-11-06,0.0,0.0,0.0,0.0,0.0,0.21428571428571427,0.012926443025195673,-100.0,-8.790866700349465,-81.25,0.012926443025195673,-1
2025-11-07,0.0,0.0,0.0,0.0,0.0,0.21428571428571427,0.012926443025195673,-100.0,-8.790866700349465,-81.25,0.012926443025195673,-1
2025-11-08,0.0,0.0,0.0,0.0,0.0,0.21428571428571427,0.012926443025195673,-100.0,-8.790866700349465,-81.25,0.012926443025195673,-1
2025-11-09,0.0,0.0,0.0,0.0,0.0,0.21428571428571427,0.012926443025195673,-100.0,-8.790866700349465,-81.25,0.012926443025195673,-1
2025-11-10,0.0,0.0,0.0,0.0,0.0,0.21428571428571427,0.012926443025195673,-100.0,-8.790866700349465,-81.25,0.012926443025195673,-1
2025-11-11,0.0,0.0,0.0,3.0,0.0,0.0,0.012926443025195673,-100.0,-8.790866700349465,-81.25,0.012926443025195673,-1
2025-11-12,0.0,0.0,0.0,0.0,0.0,0.0,0.012926443025195673,-100.0,-8.790866700349465,-81.25,0.012926443025195673,-1
2025-11-13,0.0,0.0,0.0,0.0,0.0,0.0,0.012926443025195673,-100.0,-8.790866700349465,-81.25,0.012926443025195673,-1
2025-11-14,0.0,0.0,0.0,0.0,0.0,0.0,0.012926443025195673,-100.0,-8.790866700349465,-81.25,0.012926443025195673,-1
2025-11-15,0.0,0.0,0.0,0.0,0.0,0.0,0.012926443025195673,-100.0,-8.790866700349465,-81.25,0.012926443025195673,-1
2025-11-16,0.0,0.0,0.0,0.0,0.0,0.0,0.012926443025195673,-100.0,-8.790866700349465,-81.25,0.012926443025195673,-1
2025-11-17,0.0,0.0,0.0,0.0,0.0,0.0,0.012926443025195673,-100.0,-8.790866700349465,-81.25,0.012926443025195673,-1
2025-11-18,3.0,0.0,0.0,0.0,0.42857142857142855,0.21428571428571427,1.1339670975826353,-100.0,-8.790866700349465,-81.25,0.7937769683078446,-1
2025-11-19,0.0,3.0,0.0,0.0,0.42857142857142855,0.21428571428571427,1.1339670975826353,-100.0,-8.790866700349465,-81.25,0.7937769683078446,-1
2025-11-20,0.0,0.0,0.0,0.0,0.42857142857142855,0.21428571428571427,1.1339670975826353,-100.0,-8.790866700349465,-81.25,0.7937769683078446,-1
2025-11-21,0.0,0.0,0.0,0.0,0.42857142857142855,0.21428571428571427,1.1339670975826353,-100.0,-8.790866700349465,-81.25,0.7937769683078446,-1
2025-11-22,0.0,0.0,0.0,0.0,0.42857142857142855,0.21428571428571427,1.1339670975826353,-100.0,-8.790866700349465,-81.25,0.7937769683078446,-1
2025-11-23,0.0,0.0,0.0,0.0,0.42857142857142855,0.21428571428571427,1.1339670975826353,-100.0,-8.790866700349465,-81.25,0.7937769683078446,-1
2025-11-24,0.0,0.0,0.0,0.0,0.42857142857142855,0.21428571428571427,1.1339670975826353,-100.0,-8.790866700349465,-81.25,0.7937769683078446,-1
2025-11-25,2.0,0.0,3.0,0.0,0.2857142857142857,0.35714285714285715,0.7560394594169448,-100.0,-8.790866700349465,-81.25,0.5880306906576238,-1
2025-11-26,0.0,2.0,0.0,0.0,0.2857142857142857,0.35714285714285715,0.7560394594169448,-100.0,-8.790866700349465,-81.25,0.5880306906576238,-1
2025-11-27,0.0,0.0,0.0,0.0,0.2857142857142857,0.35714285714285715,0.7560394594169448,-100.0,-8.790866700349465,-81.25,0.5880306906576238,-1
2025-11-28,0.0,0.0,0.0,0.0,0.2857142857142857,0.35714285714285715,0.7560394594169448,-100.0,-8.790866700349465,-81.25,0.5880306906576238,-1
2025-11-29,0.0,0.0,0.0,0.0,0.2857142857142857,0.35714285714285715,0.7560394594169448,-100.0,-8.790866700349465,-81.25,0.5880306906576238,-1
2025-11-30,0.0,0.0,0.0,0.0,0.2857142857142857,0.35714285714285715,0.7560394594169448,-100.0,-8.790866700349465,-81.25,0.5880306906576238,-1
2025-12-01,0.0,0.0,0.0,0.0,0.2857142857142857,0.35714285714285715,0.7560394594169448,-100.0,-8.790866700349465,-81.25,0.5880306906576238,-1
2025-12-02,4.0,0.0,2.0,3.0,0.5714285714285714,0.42857142857142855,1.511913151711695,-100.0,-8.790866700349465,-81.25,0.9621265510892605,-1
2025-12-03,0.0,4.0,0.0,0.0,0.5714285714285714,0.42857142857142855,1.511913151711695,-100.0,-8.790866700349465,-81.25,0.9621265510892605,-1
2025-12-04,0.0,0.0,0.0,0.0,0.5714285714285714,0.42857142857142855,1.511913151711695,-100.0,-8.790866700349465,-81.25,0.9621265510892605,-1
2025-12-05,0.0,0.0,0.0,0.0,0.5714285714285714,0.42857142857142855,1.511913151711695,-100.0,-8.790866700349465,-81.25,0.9621265510892605,-1
2025-12-06,0.0,0.0,0.0,0.0,0.5714285714285714,0.42857142857142855,1.511913151711695,-100.0,-8.790866700349465,-81.25,0.9621265510892605,-1
2025-12-07,0.0,0.0,0.0,0.0,0.5714285714285714,0.42857142857142855,1.511913151711695,-100.0,-8.790866700349465,-81.25,0.9621265510892605,-1
2025-12-08,0.0,0.0,0.0,0.0,0.5714285714285714,0.42857142857142855,1.511913151711695,-100.0,-8.790866700349465,-81.25,0.9621265510892605,-1
2025-12-09,2.0,0.0,4.0,2.0,0.2857142857142857,0.42857142857142855,0.7560394594169447,-100.0,-8.790866700349465,-81.25,0.5880306906576237,-1
2025-12-10,0.0,2.0,0.0,0.0,0.2857142857142857,0.42857142857142855,0.7560394594169447,-100.0,-8.790866700349465,-81.25,0.5880306906576237,-1
2025-12-11,0.0,0.0,0.0,0.0,0.2857142857142857,0.42857142857142855,0.7560394594169447,-100.0,-8.790866700349465,-81.25,0.5880306906576237,-1
2025-12-12,0.0,0.0,0.0,0.0,0.2857142857142857,0.42857142857142855,0.7560394594169447,-100.0,-8.790866700349465,-81.25,0.5880306906576237,-1
2025-12-13,0.0,0.0,0.0,0.0,0.2857142857142857,0.42857142857142855,0.7560394594169447,-100.0,-8.790866700349465,-81.25,0.5880306906576237,-1
2025-12-14,0.0,0.0,0.0,0.0,0.2857142857142857,0.42857142857142855,0.7560394594169447,-100.0,-8.790866700349465,-81.25,0.5880306906576237,-1
2025-12-15,0.0,0.0,0.0,0.0,0.2857142857142857,0.42857142857142855,0.7560394594169447,-100.0,-8.790866700349465,-81.25,0.5880306906576237,-1
2025-12-16,3.0,0.0,2.0,4.0,0.42857142857142855,0.35714285714285715,1.1339670975826353,-100.0,-8.790866700349465,-81.25,0.7937769683078446,-1
2025-12-17,0.0,3.0,0.0,0.0,0.42857142857142855,0.35714285714285715,1.1339670975826353,-100.0,-8.790866700349465,-81.25,0.7937769683078446,-1
2025-12-18,0.0,0.0,0.0,0.0,0.42857142857142855,0.35714285714285715,1.1339670975826353,-100.0,-8.790866700349465,-81.25,0.7937769683078446,-1
2025-12-19,0.0,0.0,0.0,0.0,0.42857142857142855,0.35714285714285715,1.1339670975826353,-100.0,-8.790866700349465,-81.25,0.7937769683078446,-1
2025-12-20,0.0,0.0,0.0,0.0,0.42857142857142855,0.35714285714285715,1.1339670975826353,-100.0,-8.790866700349465,-81.25,0.7937769683078446,-1
2025-12-21,0.0,0.0,0.0,0.0,0.42857142857142855,0.35714285714285715,1.1339670975826353,-100.0,-8.790866700349465,-81.25,0.7937769683078446,-1
2025-12-22,0.0,0.0,0.0,0.0,0.42857142857142855,0.35714285714285715,1.1339670975826353,-100.0,-8.790866700349465,-81.25,0.7937769683078446,-1
2025-12-23,0.0,0.0,3.0,2.0,0.0,0.21428571428571427,0.012926443025189947,-100.0,-8.790866700349465,-81.25,0.012926443025189947,-1
2025-12-24,0.0,0.0,0.0,0.0,0.0,0.21428571428571427,0.012926443025189947,-100.0,-8.790866700349465,-81.25,0.012926443025189947,-1
2025-12-25,0.0,0.0,0.0,0.0,0.0,0.21428571428571427,0.012926443025189947,-100.0,-8.790866700349465,-81.25,0.012926443025189947,-1
2025-12-26,0.0,0.0,0.0,0.0,0.0,0.21428571428571427,0.012926443025189947,-100.0,-8.790866700349465,-81.25,0.012926443025189947,-1
2025-12-27,0.0,0.0,0.0,0.0,0.0,0.21428571428571427,0.012926443025189947,-100.0,-8.790866700349465,-81.25,0.012926443025189947,-1
2025-12-28,0.0,0.0,0.0,0.0,0.0,0.21428571428571427,0.012926443025189947,-100.0,-8.790866700349465,-81.25,0.012926443025189947,-1
2025-12-29,0.0,0.0,0.0,0.0,0.0,0.21428571428571427,0.012926443025189947,-100.0,-8.790866700349465,-81.25,0.012926443025189947,-1
2025-12-30,0.0,0.0,0.0,3.0,0.0,0.0,0.012926443025189947,-100.0,-8.790866700349465,-81.25,0.012926443025189947,-1
2025-12-31,0.0,0.0,0.0,0.0,0.0,0.0,0.012926443025189947,-100.0,-8.790866700349465,-81.25,0.012926443025189947,-1
2026-01-01,0.0,0.0,0.0,0.0,0.0,0.0,0.012926443025189947,-100.0,-8.790866700349465,-81.25,0.012926443025189947,-1
2026-01-02,0.0,0.0,0.0,0.0,0.0,0.0,0.012926443025189947,-100.0,-8.790866700349465,-81.25,0.012926443025189947,-1
2026-01-03,0.0,0.0,0.0,0.0,0.0,0.0,0.012926443025189947,-100.0,-8.790866700349465,-81.25,0.012926443025189947,-1
2026-01-04,0.0,0.0,0.0,0.0,0.0,0.0,0.012926443025189947,-100.0,-8.790866700349465,-81.25,0.012926443025189947,-1
2026-01-05,0.0,0.0,0.0,0.0,0.0,0.0,0.012926443025189947,-100.0,-8.790866700349465,-81.25,0.012926443025189947,-1
2026-01-06,0.0,0.0,0.0,0.0,0.0,0.0,0.012926443025189947,-100.0,-8.790866700349465,-81.25,0.012926443025189947,-1
2026-01-07,0.0,0.0,0.0,0.0,0.0,0.0,0.012926443025189947,-100.0,-8.790866700349465,-81.25,0.012926443025189947,-1
2026-01-08,0.0,0.0,0.0,0.0,0.0,0.0,0.012926443025189947,-100.0,-8.790866700349465,-81.25,0.012926443025189947,-1
2026-01-09,0.0,0.0,0.0,0.0,0.0,0.0,0.012926443025189947,-100.0,-8.790866700349465,-81.25,0.012926443025189947,-1
2026-01-10,0.0,0.0,0.0,0.0,0.0,0.0,0.012926443025189947,-100.0,-8.790866700349465,-81.25,0.012926443025189947,-1
2026-01-11,0.0,0.0,0.0,0.0,0.0,0.0,0.012926443025189947,-100.0,-8.790866700349465,-81.25,0.012926443025189947,-1
2026-01-12,0.0,0.0,0.0,0.0,0.0,0.0,0.012926443025189947,-100.0,-8.790866700349465,-81.25,0.012926443025189947,-1
2026-01-13,6.0,0.0,0.0,0.0,0.8571428571428571,0.42857142857142855,2.26782367817678,-100.0,-8.790866700349465,-81.25,1.2211358267105739,-1
2026-01-14,0.0,6.0,0.0,0.0,0.8571428571428571,0.42857142857142855,2.26782367817678,-100.0,-8.790866700349465,-81.25,1.2211358267105739,-1
2026-01-15,0.0,0.0,0.0,0.0,0.8571428571428571,0.42857142857142855,2.26782367817678,-100.0,-8.790866700349465,-81.25,1.2211358267105739,-1
2026-01-16,0.0,0.0,0.0,0.0,0.8571428571428571,0.42857142857142855,2.26782367817678,-100.0,-8.790866700349465,-81.25,1.2211358267105739,-1
2026-01-17,0.0,0.0,0.0,0.0,0.8571428571428571,0.42857142857142855,2.26782367817678,-100.0,-8.790866700349465,-81.25,1.2211358267105739,-1
2026-01-18,0.0,0.0,0.0,0.0,0.8571428571428571,0.42857142857142855,2.26782367817678,-100.0,-8.790866700349465,-81.25,1.2211358267105739,-1
2026-01-19,0.0,0.0,0.0,0.0,0.8571428571428571,0.42857142857142855,2.26782367817678,-100.0,-8.790866700349465,-81.25,1.2211358267105739,-1
2026-01-20,3.0,0.0,6.0,0.0,0.42857142857142855,0.6428571428571429,1.1339670975826353,-100.0,-8.790866700349465,-81.25,0.7937769683078446,-1
2026-01-21,0.0,3.0,0.0,0.0,0.42857142857142855,0.6428571428571429,1.1339670975826353,-100.0,-8.790866700349465,-81.25,0.7937769683078446,-1
2026-01-22,0.0,0.0,0.0,0.0,0.42857142857142855,0.6428571428571429,1.1339670975826353,-100.0,-8.790866700349465,-81.25,0.7937769683078446,-1
2026-01-23,0.0,0.0,0.0,0.0,0.42857142857142855,0.6428571428571429,1.1339670975826353,-100.0,-8.790866700349465,-81.25,0.7937769683078446,-1
2026-01-24,0.0,0.0,0.0,0.0,0.42857142857142855,0.6428571428571429,1.1339670975826353,-100.0,-8.790866700349465,-81.25,0.7937769683078446,-1
2026-01-25,0.0,0.0,0.0,0.0,0.42857142857142855,0.6428571428571429,1.1339670975826353,-100.0,-8.790866700349465,-81.25,0.7937769683078446,-1
2026-01-26,0.0,0.0,0.0,0.0,0.42857142857142855,0.6428571428571429,1.1339670975826353,-100.0,-8.790866700349465,-81.25,0.7937769683078446,-1
2026-01-27,6.0,0.0,3.0,6.0,0.8571428571428571,0.6428571428571429,2.26782367817678,-100.0,-8.790866700349465,-81.25,1.2211358267105739,-1
2026-01-28,0.0,6.0,0.0,0.0,0.8571428571428571,0.6428571428571429,2.26782367817678,-100.0,-8.790866700349465,-81.25,1.2211358267105739,-1
2026-01-29,0.0,0.0,0.0,0.0,0.8571428571428571,0.6428571428571429,2.26782367817678,-100.0,-8.790866700349465,-81.25,1.2211358267105739,-1
2026-01-30,0.0,0.0,0.0,0.0,0.8571428571428571,0.6428571428571429,2.26782367817678,-100.0,-8.790866700349465,-81.25,1.2211358267105739,-1
2026-01-31,0.0,0.0,0.0,0.0,0.8571428571428571,0.6428571428571429,2.26782367817678,-100.0,-8.790866700349465,-81.25,1.2211358267105739,-1
2026-02-01,0.0,0.0,0.0,0.0,0.8571428571428571,0.6428571428571429,2.26782367817678,-100.0,-8.790866700349465,-81.25,1.2211358267105739,-1
2026-02-02,0.0,0.0,0.0,0.0,0.8571428571428571,0.6428571428571429,2.26782367817678,-100.0,-8.790866700349465,-81.25,1.2211358267105739,-1
2026-02-03,0.0,0.0,6.0,3.0,0.0,0.42857142857142855,0.012926443025178494,-100.0,-8.790866700349465,-81.25,0.012926443025178494,-1
2026-02-04,0.0,0.0,0.0,0.0,0.0,0.42857142857142855,0.012926443025178494,-100.0,-8.790866700349465,-81.25,0.012926443025178494,-1
2026-02-05,0.0,0.0,0.0,0.0,0.0,0.42857142857142855,0.012926443025178494,-100.0,-8.790866700349465,-81.25,0.012926443025178494,-1
2026-02-06,0.0,0.0,0.0,0.0,0.0,0.42857142857142855,0.012926443025178494,-100.0,-8.790866700349465,-81.25,0.012926443025178494,-1
2026-02-07,0.0,0.0,0.0,0.0,0.0,0.42857142857142855,0.012926443025178494,-100.0,-8.790866700349465,-81.25,0.012926443025178494,-1
2026-02-08,0.0,0.0,0.0,0.0,0.0,0.42857142857142855,0.012926443025178494,-100.0,-8.790866700349465,-81.25,0.012926443025178494,-1
2026-02-09,0.0,0.0,0.0,0.0,0.0,0.42857142857142855,0.012926443025178494,-100.0,-8.790866700349465,-81.25,0.012926443025178494,-1
2026-02-10,0.0,0.0,0.0,6.0,0.0,0.0,0.012926443025178494,-100.0,-8.790866700349465,-81.25,0.012926443025178494,-1
2026-02-11,0.0,0.0,0.0,0.0,0.0,0.0,0.012926443025178494,-100.0,-8.790866700349465,-81.25,0.012926443025178494,-1
2026-02-12,0.0,0.0,0.0,0.0,0.0,0.0,0.012926443025178494,-100.0,-8.790866700349465,-81.25,0.012926443025178494,-1
2026-02-13,0.0,0.0,0.0,0.0,0.0,0.0,0.012926443025178494,-100.0,-8.790866700349465,-81.25,0.012926443025178494,-1
2026-02-14,0.0,0.0,0.0,0.0,0.0,0.0,0.012926443025178494,-100.0,-8.790866700349465,-81.25,0.012926443025178494,-1
2026-02-15,0.0,0.0,0.0,0.0,0.0,0.0,0.012926443025178494,-100.0,-8.790866700349465,-81.25,0.012926443025178494,-1
2026-02-16,0.0,0.0,0.0,0.0,0.0,0.0,0.012926443025178494,-100.0,-8.790866700349465,-81.25,0.012926443025178494,-1
2026-02-17,0.0,0.0,0.0,0.0,0.0,0.0,0.012926443025178494,-100.0,-8.790866700349465,-81.25,0.012926443025178494,-1
2026-02-18,0.0,0.0,0.0,0.0,0.0,0.0,0.012926443025178494,-100.0,-8.790866700349465,-81.25,0.012926443025178494,-1
2026-02-19,0.0,0.0,0.0,0.0,0.0,0.0,0.012926443025178494,-100.0,-8.790866700349465,-81.25,0.012926443025178494,-1
2026-02-20,0.0,0.0,0.0,0.0,0.0,0.0,0.012926443025178494,-100.0,-8.790866700349465,-81.25,0.012926443025178494,-1
2026-02-21,0.0,0.0,0.0,0.0,0.0,0.0,0.012926443025178494,-100.0,-8.790866700349465,-81.25,0.012926443025178494,-1
2026-02-22,0.0,0.0,0.0,0.0,0.0,0.0,0.012926443025178494,-100.0,-8.790866700349465,-81.25,0.012926443025178494,-1
2026-02-23,0.0,0.0,0.0,0.0,0.0,0.0,0.012926443025178494,-100.0,-8.790866700349465,-81.25,0.012926443025178494,-1
2026-02-24,0.0,0.0,0.0,0.0,0.0,0.0,0.012926443025178494,-100.0,-8.790866700349465,-81.25,0.012926443025178494,-1
2026-02-25,0.0,0.0,0.0,0.0,0.0,0.0,0.012926443025178494,-100.0,-8.790866700349465,-81.25,0.012926443025178494,-1
2026-02-26,0.0,0.0,0.0,0.0,0.0,0.0,0.012926443025178494,-100.0,-8.790866700349465,-81.25,0.012926443025178494,-1
2026-02-27,0.0,0.0,0.0,0.0,0.0,0.0,0.012926443025178494,-100.0,-8.790866700349465,-81.25,0.012926443025178494,-1
2026-02-28,0.0,0.0,0.0,0.0,0.0,0.0,0.012926443025178494,-100.0,-8.790866700349465,-81.25,0.012926443025178494,-1
2026-03-01,0.0,0.0,0.0,0.0,0.0,0.0,0.012926443025178494,-100.0,-8.790866700349465,-81.25,0.012926443025178494,-1
2026-03-02,0.0,0.0,0.0,0.0,0.0,0.0,0.012926443025178494,-100.0,-8.790866700349465,-81.25,0.012926443025178494,-1
2026-03-03,0.0,0.0,0.0,0.0,0.0,0.0,0.012926443025178494,-100.0,-8.790866700349465,-81.25,0.012926443025178494,-1
2026-03-04,0.0,0.0,0.0,0.0,0.0,0.0,0.012926443025178494,-100.0,-8.790866700349465,-81.25,0.012926443025178494,-1
2026-03-05,0.0,0.0,0.0,0.0,0.0,0.0,0.012926443025178494,-100.0,-8.790866700349465,-81.25,0.012926443025178494,-1
2026-03-06,0.0,0.0,0.0,0.0,0.0,0.0,0.012926443025178494,-100.0,-8.790866700349465,-81.25,0.012926443025178494,-1
2026-03-07,0.0,0.0,0.0,0.0,0.0,0.0,0.012926443025178494,-100.0,-8.790866700349465,-81.25,0.012926443025178494,-1
2026-03-08,0.0,0.0,0.0,0.0,0.0,0.0,0.012926443025178494,-100.0,-8.790866700349465,-81.25,0.012926443025178494,-1
2026-03-09,0.0,0.0,0.0,0.0,0.0,0.0,0.012926443025178494,-100.0,-8.790866700349465,-81.25,0.012926443025178494,-1
2026-03-10,0.0,0.0,0.0,0.0,0.0,0.0,0.012926443025178494,-100.0,-8.790866700349465,-81.25,0.012926443025178494,-1
2026-03-11,0.0,0.0,0.0,0.0,0.0,0.0,0.012926443025178494,-100.0,-8.790866700349465,-81.25,0.012926443025178494,-1
2026-03-12,0.0,0.0,0.0,0.0,0.0,0.0,0.012926443025178494,-100.0,-8.790866700349465,-81.25,0.012926443025178494,-1
2026-03-13,0.0,0.0,0.0,0.0,0.0,0.0,0.012926443025178494,-100.0,-8.790866700349465,-81.25,0.012926443025178494,-1
2026-03-14,0.0,0.0,0.0,0.0,0.0,0.0,0.012926443025178494,-100.0,-8.790866700349465,-81.25,0.012926443025178494,-1
2026-03-15,0.0,0.0,0.0,0.0,0.0,0.0,0.012926443025178494,-100.0,-8.790866700349465,-81.25,0.012926443025178494,-1
2026-03-16,0.0,0.0,0.0,0.0,0.0,0.0,0.012926443025178494,-100.0,-8.790866700349465,-81.25,0.012926443025178494,-1
2026-03-17,0.0,0.0,0.0,0.0,0.0,0.0,0.012926443025178494,-100.0,-8.790866700349465,-81.25,0.012926443025178494,-1
2026-03-18,0.0,0.0,0.0,0.0,0.0,0.0,0.012926443025178494,-100.0,-8.790866700349465,-81.25,0.012926443025178494,-1
2026-03-19,0.0,0.0,0.0,0.0,0.0,0.0,0.012926443025178494,-100.0,-8.790866700349465,-81.25,0.012926443025178494,-1
2026-03-20,0.0,0.0,0.0,0.0,0.0,0.0,0.012926443025178494,-100.0,-8.790866700349465,-81.25,0.012926443025178494,-1
2026-03-21,0.0,0.0,0.0,0.0,0.0,0.0,0.012926443025178494,-100.0,-8.790866700349465,-81.25,0.012926443025178494,-1
2026-03-22,0.0,0.0,0.0,0.0,0.0,0.0,0.012926443025178494,-100.0,-8.790866700349465,-81.25,0.012926443025178494,-1
2026-03-23,0.0,0.0,0.0,0.0,0.0,0.0,0.012926443025178494,-100.0,-8.790866700349465,-81.25,0.012926443025178494,-1
2026-03-24,0.0,0.0,0.0,0.0,0.0,0.0,0.012926443025178494,-100.0,-8.790866700349465,-81.25,0.012926443025178494,-1
2026-03-25,0.0,0.0,0.0,0.0,0.0,0.0,0.012926443025178494,-100.0,-8.790866700349465,-81.25,0.012926443025178494,-1
2026-03-26,0.0,0.0,0.0,0.0,0.0,0.0,0.012926443025178494,-100.0,-8.790866700349465,-81.25,0.012926443025178494,-1
2026-03-27,0.0,0.0,0.0,0.0,0.0,0.0,0.012926443025178494,-100.0,-8.790866700349465,-81.25,0.012926443025178494,-1
2026-03-28,0.0,0.0,0.0,0.0,0.0,0.0,0.012926443025178494,-100.0,-8.790866700349465,-81.25,0.012926443025178494,-1
2026-03-29,0.0,0.0,0.0,0.0,0.0,0.0,0.012926443025178494,-100.0,-8.790866700349465,-81.25,0.012926443025178494,-1
2026-03-30,0.0,0.0,0.0,0.0,0.0,0.0,0.012926443025178494,-100.0,-8.790866700349465,-81.25,0.012926443025178494,-1
2026-03-31,0.0,0.0,0.0,0.0,0.0,0.0,0.012926443025178494,-100.0,-8.790866700349465,-81.25,0.012926443025178494,-1
2026-04-01,0.0,0.0,0.0,0.0,0.0,0.0,0.012926443025178494,-100.0,-8.790866700349465,-81.25,0.012926443025178494,-1
2026-04-02,0.0,0.0,0.0,0.0,0.0,0.0,0.012926443025178494,-100.0,-8.790866700349465,-81.25,0.012926443025178494,-1
2026-04-03,0.0,0.0,0.0,0.0,0.0,0.0,0.012926443025178494,-100.0,-8.790866700349465,-81.25,0.012926443025178494,-1
2026-04-04,0.0,0.0,0.0,0.0,0.0,0.0,0.012926443025178494,-100.0,-8.790866700349465,-81.25,0.012926443025178494,-1
2026-04-05,0.0,0.0,0.0,0.0,0.0,0.0,0.012926443025178494,-100.0,-8.790866700349465,-81.25,0.012926443025178494,-1
2026-04-06,0.0,0.0,0.0,0.0,0.0,0.0,0.012926443025178494,-100.0,-8.790866700349465,-81.25,0.012926443025178494,-1
2026-04-07,0.0,0.0,0.0,0.0,0.0,0.0,0.012926443025178494,-100.0,-8.790866700349465,-81.25,0.012926443025178494,-1
2026-04-08,0.0,0.0,0.0,0.0,0.0,0.0,0.012926443025178494,-100.0,-8.790866700349465,-81.25,0.012926443025178494,-1
2026-04-09,0.0,0.0,0.0,0.0,0.0,0.0,0.012926443025178494,-100.0,-8.790866700349465,-81.25,0.012926443025178494,-1
2026-04-10,0.0,0.0,0.0,0.0,0.0,0.0,0.012926443025178494,-100.0,-8.790866700349465,-81.25,0.012926443025178494,-1
2026-04-11,0.0,0.0,0.0,0.0,0.0,0.0,0.012926443025178494,-100.0,-8.790866700349465,-81.25,0.012926443025178494,-1
2026-04-12,0.0,0.0,0.0,0.0,0.0,0.0,0.012926443025178494,-100.0,-8.790866700349465,-81.25,0.012926443025178494,-1
2026-04-13,0.0,0.0,0.0,0.0,0.0,0.0,0.012926443025178494,-100.0,-8.790866700349465,-81.25,0.012926443025178494,-1
2026-04-14,0.0,0.0,0.0,0.0,0.0,0.0,0.012926443025178494,-100.0,-8.790866700349465,-81.25,0.012926443025178494,-1
2026-04-15,0.0,0.0,0.0,0.0,0.0,0.0,0.012926443025178494,-100.0,-8.790866700349465,-81.25,0.012926443025178494,-1
2026-04-16,0.0,0.0,0.0,0.0,0.0,0.0,0.012926443025178494,-100.0,-8.790866700349465,-81.25,0.012926443025178494,-1
2026-04-17,0.0,0.0,0.0,0.0,0.0,0.0,0.012926443025178494,-100.0,-8.790866700349465,-81.25,0.012926443025178494,-1
2026-04-18,0.0,0.0,0.0,0.0,0.0,0.0,0.012926443025178494,-100.0,-8.790866700349465,-81.25,0.012926443025178494,-1
2026-04-19,0.0,0.0,0.0,0.0,0.0,0.0,0.012926443025178494,-100.0,-8.790866700349465,-81.25,0.012926443025178494,-1
2026-04-20,0.0,0.0,0.0,0.0,0.0,0.0,0.012926443025178494,-100.0,-8.790866700349465,-81.25,0.012926443025178494,-1
2026-04-21,0.0,0.0,0.0,0.0,0.0,0.0,0.012926443025178494,-100.0,-8.790866700349465,-81.25,0.012926443025178494,-1
2026-04-22,0.0,0.0,0.0,0.0,0.0,0.0,0.012926443025178494,-100.0,-8.790866700349465,-81.25,0.012926443025178494,-1
2026-04-23,0.0,0.0,0.0,0.0,0.0,0.0,0.012926443025178494,-100.0,-8.790866700349465,-81.25,0.012926443025178494,-1
2026-04-24,0.0,0.0,0.0,0.0,0.0,0.0,0.012926443025178494,-100.0,-8.790866700349465,-81.25,0.012926443025178494,-1
2026-04-25,0.0,0.0,0.0,0.0,0.0,0.0,0.012926443025178494,-100.0,-8.790866700349465,-81.25,0.012926443025178494,-1
2026-04-26,0.0,0.0,0.0,0.0,0.0,0.0,0.012926443025178494,-100.0,-8.790866700349465,-81.25,0.012926443025178494,-1
2026-04-27,0.0,0.0,0.0,0.0,0.0,0.0,0.012926443025178494,-100.0,-8.790866700349465,-81.25,0.012926443025178494,-1
2026-04-28,0.0,0.0,0.0,0.0,0.0,0.0,0.012926443025178494,-100.0,-8.790866700349465,-81.25,0.012926443025178494,-1
2026-04-29,0.0,0.0,0.0,0.0,0.0,0.0,0.012926443025178494,-100.0,-8.790866700349465,-81.25,0.012926443025178494,-1
2026-04-30,0.0,0.0,0.0,0.0,0.0,0.0,0.012926443025178494,-100.0,-8.790866700349465,-81.25,0.012926443025178494,-1
2026-05-01,0.0,0.0,0.0,0.0,0.0,0.0,0.012926443025178494,-100.0,-8.790866700349465,-81.25,0.012926443025178494,-1
2026-05-02,0.0,0.0,0.0,0.0,0.0,0.0,0.012926443025178494,-100.0,-8.790866700349465,-81.25,0.012926443025178494,-1
2026-05-03,0.0,0.0,0.0,0.0,0.0,0.0,0.012926443025178494,-100.0,-8.790866700349465,-81.25,0.012926443025178494,-1
